#usda 1.0
(
    defaultPrim = "toolbox_with_handle"
    doc = "Self-contained flattened toolbox (generated by scripts/package_assets.py)"
    metersPerUnit = 1
    upAxis = "Z"
)

def Xform "toolbox_with_handle" (
    active = true
)
{
    quatf xformOp:orient = (1, 0, 0, 0)
    float3 xformOp:scale = (1, 1, 1)
    double3 xformOp:translate = (0, 0, 0)
    uniform token[] xformOpOrder = ["xformOp:translate", "xformOp:orient", "xformOp:scale"]

    def Xform "toolbox" (
        kind = "component"
    )
    {
        double xformOp:rotateX:unitsResolve = 90
        float3 xformOp:rotateXYZ = (0, 0, 0)
        float3 xformOp:scale = (0.8, 0.85, 0.68)
        double3 xformOp:scale:unitsResolve = (0.01, 0.01, 0.01)
        double3 xformOp:translate = (0, 0, 0.11819840243492119)
        uniform token[] xformOpOrder = ["xformOp:translate", "xformOp:rotateXYZ", "xformOp:scale", "xformOp:rotateX:unitsResolve", "xformOp:scale:unitsResolve"]

        def Scope "Looks"
        {
            def Material "Material__25"
            {
                token outputs:mdl:displacement.connect = </toolbox_with_handle/toolbox/Looks/Material__25/Material__25.outputs:out>
                token outputs:mdl:surface.connect = </toolbox_with_handle/toolbox/Looks/Material__25/Material__25.outputs:out>
                token outputs:mdl:volume.connect = </toolbox_with_handle/toolbox/Looks/Material__25/Material__25.outputs:out>

                def Shader "Material__25"
                {
                    uniform token info:implementationSource = "sourceAsset"
                    uniform asset info:mdl:sourceAsset = @OmniPBR.mdl@
                    uniform token info:mdl:sourceAsset:subIdentifier = "OmniPBR"
                    color3f inputs:diffuse_color_constant = (0.588, 0.588, 0.588) (
                        customData = {
                            float3 default = (1, 1, 1)
                            dictionary range = {
                                float3 max = (1, 1, 1)
                                float3 min = (0, 0, 0)
                            }
                        }
                        displayGroup = "Albedo"
                        displayName = "Base Color"
                    )
                    asset inputs:diffuse_texture = @./textures/toolbox_dm.tga@ (
                        displayGroup = "Albedo"
                        displayName = "Albedo Map"
                    )
                    color3f inputs:emissive_color = (1, 1, 1) (
                        customData = {
                            float3 default = (1, 1, 1)
                            dictionary range = {
                                float3 max = (1, 1, 1)
                                float3 min = (0, 0, 0)
                            }
                        }
                        displayGroup = "Emissive"
                        displayName = "Emissive Color"
                    )
                    float inputs:emissive_intensity = 10000 (
                        customData = {
                            float default = 10000
                            dictionary range = {
                                float max = 100000
                                float min = 0
                            }
                        }
                        displayGroup = "Emissive"
                        displayName = "Emissive Intensity"
                    )
                    bool inputs:enable_emission = 0 (
                        customData = {
                            bool default = 0
                        }
                        displayGroup = "Emissive"
                        displayName = "Enable Emission"
                    )
                    bool inputs:enable_opacity = 1 (
                        customData = {
                            bool default = 0
                        }
                        displayGroup = "Opacity"
                        displayName = "Enable Opacity"
                    )
                    bool inputs:enable_opacity_texture = 0 (
                        customData = {
                            bool default = 0
                        }
                        displayGroup = "Opacity"
                        displayName = "Enable Opacity Texture"
                    )
                    float inputs:opacity_constant = 1 (
                        customData = {
                            float default = 1
                            dictionary range = {
                                float max = 1
                                float min = 0
                            }
                        }
                        displayGroup = "Opacity"
                        displayName = "Opacity Amount"
                    )
                    int inputs:opacity_mode = 1 (
                        customData = {
                            int default = 1
                            dictionary range = {
                                int max = 3
                                int min = 0
                            }
                        }
                        displayGroup = "Opacity"
                        displayName = "Opacity Mono Source"
                        renderType = "::base::mono_mode"
                        sdrMetadata = {
                            string __SDR__enum_value = "mono_average"
                            string options = "mono_alpha:0|mono_average:1|mono_luminance:2|mono_maximum:3"
                        }
                    )
                    float inputs:opacity_threshold = 0 (
                        customData = {
                            float default = 0
                            dictionary range = {
                                float max = 1
                                float min = 0
                            }
                        }
                        displayGroup = "Opacity"
                        displayName = "Opacity Threshold"
                    )
                    float inputs:texture_rotate = 0 (
                        customData = {
                            float default = 0
                            dictionary range = {
                                float max = 360
                                float min = 0
                            }
                        }
                        displayGroup = "UV"
                        displayName = "Texture Rotate"
                    )
                    float2 inputs:texture_scale = (1, 1) (
                        customData = {
                            float2 default = (1, 1)
                        }
                        displayGroup = "UV"
                        displayName = "Texture Scale"
                    )
                    float2 inputs:texture_translate = (0, 0) (
                        customData = {
                            float2 default = (0, 0)
                        }
                        displayGroup = "UV"
                        displayName = "Texture Translate"
                    )
                    token outputs:out
                }
            }
        }

        def Xform "toolbox" (
            apiSchemas = None
        )
        {
            bool physics:kinematicEnabled = 1
            bool physics:rigidBodyEnabled = 1
            bool physxArticulation:articulationEnabled = 1
            float3 xformOp:rotateXYZ = (-90, 0, 0)
            float3 xformOp:scale = (1, 1, 1)
            double3 xformOp:translate = (-130.17990112304688, -17.146200180053704, -21.14170074462891)
            uniform token[] xformOpOrder = ["xformOp:translate", "xformOp:rotateXYZ", "xformOp:scale"]

            def Mesh "toolbox" (
                apiSchemas = ["PhysicsRigidBodyAPI", "PhysxRigidBodyAPI", "PhysicsCollisionAPI", "PhysicsMeshCollisionAPI", "PhysxCollisionAPI", "PhysicsArticulationRootAPI", "MaterialBindingAPI"]
            )
            {
                float3[] extent = [(101.2173, -35.6794, 0.0582), (159.1425, -6.604, 28.9541)]
                int[] faceVertexCounts = [4, 4, 4, 4, 4, 4, 4, 4, 4, 4, 4, 4, 4, 4, 4, 4, 4, 4, 4, 4, 4, 4, 4, 4, 4, 4, 4, 4, 4, 4, 4, 4, 4, 4, 4, 4, 4, 4, 4, 4, 4, 4, 4, 4, 4, 4, 4, 4, 4, 4, 4, 4, 4, 4, 4, 4, 4, 4, 4, 4, 4, 4, 4, 4, 4, 4, 4, 4, 4, 4, 4, 4, 4, 4, 4, 4, 4, 4, 4, 4, 4, 4, 4, 4, 4, 4, 4, 4, 4, 4, 4, 4, 4, 4, 4, 4, 4, 4, 4, 4, 4, 4, 4, 4, 4, 4, 4, 4, 4, 4, 4, 4, 4, 4, 4, 4, 4, 4, 4, 4, 4, 3, 3, 3, 3, 3, 3, 3, 3, 3, 3, 3, 3, 3, 3, 3, 3, 4, 4, 4, 4, 4, 4, 4, 4, 4, 4, 4, 4, 3, 3, 4, 4, 4, 4, 4, 4, 4, 4, 4, 4, 4, 4, 4, 4, 4, 4, 4, 4, 4, 4, 4, 4, 4, 4, 4, 4, 4, 4, 4, 4, 4, 4, 4, 4, 4, 4, 4, 4, 4, 4, 4, 4, 4, 4, 4, 4, 4, 4, 4, 4, 4, 4, 4, 4, 4, 4, 4, 4, 4, 4, 4, 4, 4, 4, 4, 4, 4, 4, 4, 4, 4, 4, 4, 4, 4, 4, 4, 4, 4, 4, 4, 4, 4, 4, 4, 4, 4, 4, 4, 4, 4, 4, 4, 4, 4, 4, 4, 4, 4, 4, 4, 4, 4, 4, 4, 4, 4, 4, 4, 4, 4, 4, 4, 4, 4, 4, 4, 4, 4, 4, 4, 4, 4, 4, 4, 4, 4, 4, 4, 4, 4, 4, 4, 4, 4, 4, 4, 4, 4, 4, 4, 4, 4, 4, 4, 4, 4, 4, 4, 4, 4, 4, 4, 4, 4, 4, 4, 4, 4, 4, 4, 4, 4, 4, 4, 4, 4, 4, 4, 4, 4, 4, 4, 4, 4, 4, 4, 4, 4, 4, 4, 4, 4, 4, 4, 4, 4, 4, 4, 4, 4, 4, 4, 4, 4, 4, 4, 4, 4, 4, 4, 4, 4, 4, 4, 4, 4, 4, 4, 4, 4, 4, 4, 4, 4, 4, 4, 4, 4, 4, 4, 4, 4, 4, 4, 4, 4, 4, 4, 4, 4, 4, 4, 4, 4, 4, 4, 4, 4, 4, 4, 4, 4, 4, 4, 3, 4, 3, 4, 3, 4, 3, 4, 4, 4, 4, 4, 4, 4, 4, 4, 4, 4, 4, 4, 4, 4, 4, 4, 4, 4, 4, 4, 4, 4, 4, 4, 4, 4, 4, 4, 4, 4, 4, 3, 3, 3, 3, 3, 3, 3, 3, 3, 3, 4, 4, 4, 4, 4, 4, 4, 4, 4, 4, 4, 4, 4, 4, 4, 4, 3, 3, 3, 3, 3, 3, 3, 3, 3, 3, 4, 4, 4, 4, 4, 4, 4, 4, 4, 4, 3, 3, 3, 3, 3, 3, 3, 3, 3, 3, 4, 4, 4, 4, 4, 4, 4, 4, 4, 4, 3, 3, 3, 3, 3, 3, 3, 3, 3, 3, 4, 4, 4, 4, 4, 4, 4, 4, 4, 4, 3, 3, 3, 3, 3, 3, 3, 3, 3, 3, 4, 4, 4, 4, 4, 4, 4, 4, 4, 4, 4, 4, 4, 4, 4, 4, 4, 4, 4, 4, 4, 4, 4, 4, 4, 4, 4, 4, 4, 4, 4, 4, 4, 4, 4, 4, 4, 4, 4, 4, 4, 4, 4, 4, 4, 4, 4, 4, 4, 4, 4, 4, 4, 4, 4, 4, 4, 4, 4, 4, 4, 4, 4, 4, 4, 4, 4, 4, 4, 4, 4, 4, 4, 4, 4, 4, 4, 4, 4, 4, 4, 4, 4, 4, 4, 4, 4, 4, 4, 4, 4, 4, 4, 4, 4, 4, 3, 3, 4, 4, 4, 4, 4, 4, 4, 4, 3, 3, 3, 3, 4, 4, 4, 4, 4, 4, 4, 4, 3, 3, 3, 4, 4, 4, 4, 4, 4, 4, 4, 3, 3, 4, 4, 4, 4, 4, 4, 4, 4, 3, 3, 3, 3, 3, 4, 4, 4, 4, 4, 4, 4, 4, 4, 4, 4, 4, 4, 4, 4, 4, 4, 4, 4, 4, 4, 4, 4, 4, 4, 4, 4, 4, 4, 4, 4, 4, 4, 4, 4, 4, 4, 4, 4, 4, 4, 4, 4, 4, 3, 3, 4, 4, 4, 4, 4, 4, 4, 4, 4, 4, 4, 4, 4, 4, 4, 4, 4, 4, 4, 4, 4, 4, 4, 4, 4, 4, 4, 4, 4, 4, 4, 4, 4, 4, 4, 4, 4, 4, 4, 4, 4, 4, 4, 4, 4, 4, 4, 4, 4, 4, 4, 4, 4, 4, 4, 4, 4, 4, 4, 4, 4, 4, 4, 4, 4, 4, 4, 4, 4, 4, 4, 4, 4, 4, 4, 4, 4, 4, 4, 4, 4, 4, 4, 4, 4, 4, 4, 4, 4, 4, 4, 4, 4, 4, 4, 4, 4, 4, 4, 4, 4, 4, 4, 4, 4, 4, 4, 4, 4, 4, 4, 4, 4, 4, 4, 4, 4, 4, 4, 4, 4, 4, 4, 4, 4, 4, 4, 4, 4, 4, 4, 4, 4, 4, 4, 4, 4, 4, 4, 4, 4, 4, 4, 4, 4, 4, 4, 4, 4, 4, 4, 4, 4, 4, 4, 4, 4, 4, 4, 4, 4, 4, 4, 4, 4, 4, 4, 4, 4, 4, 4, 4, 4, 4, 4, 4, 4, 4, 4, 4, 4, 4, 4, 4, 4, 4, 4, 4, 4, 4, 4, 4, 3, 3, 3, 3, 3, 3, 3, 3, 3, 3, 4, 4, 4, 4, 4, 4, 4, 4, 4, 4, 3, 3, 3, 3, 3, 3, 3, 3, 3, 3, 4, 4, 4, 4, 4, 4, 4, 4, 4, 4, 3, 3, 3, 3, 3, 3, 3, 3, 3, 3, 4, 4, 4, 4, 4, 4, 4, 4, 4, 4, 3, 3, 3, 3, 3, 3, 3, 3, 3, 3, 4, 4, 4, 4, 4, 4, 4, 4, 4, 4, 4, 4, 4, 4, 4, 4, 4, 4, 4, 4, 4, 4, 4, 4, 4, 4, 4, 4, 4, 4, 4, 4, 4, 4, 4, 4, 4, 4, 4, 4, 4, 4, 4, 4, 4, 4, 4, 4, 4, 4, 4, 4, 4, 4, 4, 4, 4, 4, 4, 4, 4, 4, 4, 4, 4, 4, 4, 4, 4, 4, 4, 4, 4, 4, 4, 4, 4, 4, 4, 4, 4, 4, 4, 4, 4, 4, 4, 4, 4, 4, 4, 4, 4, 4, 4, 4, 3, 3, 4, 4, 4, 4, 4, 4, 4, 4, 3, 3, 3, 3, 4, 4, 4, 4, 4, 4, 4, 4, 3, 3, 3, 4, 4, 4, 4, 4, 4, 4, 4, 3, 3, 4, 4, 4, 4, 4, 4, 4, 4, 3, 3, 3, 3, 3, 4, 4, 4, 4, 4, 4, 4, 4, 4, 4, 4, 4, 4, 4, 4, 4, 4, 4, 4, 4, 4, 4, 4, 4, 4, 4, 4, 4, 4, 4, 4, 4, 4, 4, 4, 4, 4, 4, 4, 4, 4, 4, 4, 4, 4, 4, 4, 4, 4, 4, 4, 4, 4, 4, 4, 4, 4, 4, 4, 4, 4, 4, 4, 4, 4, 4, 4, 4, 4, 4, 4, 4, 4, 4, 4, 4, 4, 4, 4, 4, 4, 4, 4, 4, 4, 4, 4, 4, 4, 4, 4, 4, 4, 4, 4, 3, 4, 3, 4, 3, 4, 3, 4, 4, 4, 4, 4, 4, 4, 4, 4, 4, 4, 4, 4, 4, 4, 4, 4, 4, 4, 4, 4, 4, 4, 4, 4, 4, 4, 4, 4, 4, 4, 4, 3, 3, 3, 3, 3, 3, 3, 3, 3, 3, 4, 4, 4, 4, 4, 4, 4, 4, 4, 4, 4, 4, 4, 4, 4, 4, 4, 4, 4, 4, 4, 4, 4, 4, 4, 4, 4, 4, 4, 4, 4, 4, 4, 4, 4, 4, 4, 4, 4, 4, 4, 4, 4, 4, 4, 4, 4, 4, 4, 4, 4, 4, 4, 4, 4, 4, 4, 4, 4, 4, 4, 4, 4, 4, 4, 4, 4, 4, 4, 4, 4, 4, 4, 4, 4, 4, 4, 4, 4, 4, 4, 4, 4, 4, 4, 4, 4, 4, 3, 3, 3, 3, 3, 3, 3, 3, 3, 3, 4, 4, 4, 4, 4, 4, 4, 4, 4, 4, 3, 3, 3, 3, 3, 3, 3, 3, 3, 3]
                int[] faceVertexIndices = [1, 1421, 1422, 0, 3, 1428, 1429, 2, 4, 1423, 1421, 1, 6, 7, 8, 5, 1434, 9, 0, 1422, 1427, 10, 11, 1426, 13, 14, 15, 12, 17, 1430, 1431, 16, 18, 19, 1424, 1425, 21, 22, 23, 20, 1432, 1433, 25, 24, 8, 26, 27, 5, 12, 28, 29, 13, 7, 30, 26, 8, 6, 31, 32, 23, 34, 35, 36, 33, 38, 39, 40, 37, 21, 41, 42, 22, 32, 43, 20, 23, 26, 1, 0, 27, 30, 4, 1, 26, 19, 18, 42, 41, 35, 34, 11, 10, 28, 3, 2, 29, 39, 17, 16, 40, 24, 25, 43, 32, 31, 9, 24, 32, 28, 12, 15, 44, 2, 1429, 1453, 45, 13, 29, 46, 14, 1428, 3, 47, 1439, 48, 11, 34, 49, 47, 3, 28, 44, 44, 15, 51, 50, 50, 51, 53, 52, 52, 53, 55, 54, 54, 55, 37, 40, 45, 1453, 1452, 56, 56, 1452, 1451, 57, 57, 1451, 1437, 48, 48, 1437, 1426, 11, 14, 46, 59, 58, 58, 59, 61, 60, 60, 61, 49, 62, 62, 49, 34, 33, 1439, 47, 63, 1454, 1454, 63, 64, 1455, 1455, 64, 65, 1456, 1456, 65, 16, 1431, 57, 48, 49, 61, 57, 61, 59, 56, 56, 59, 46, 45, 45, 46, 29, 2, 63, 47, 44, 50, 64, 63, 50, 52, 64, 52, 54, 65, 65, 54, 40, 16, 10, 1427, 751, 66, 38, 36, 68, 67, 1430, 17, 69, 1461, 1424, 19, 66, 751, 21, 20, 67, 68, 25, 1433, 1461, 69, 36, 35, 70, 68, 39, 38, 67, 71, 41, 21, 68, 70, 20, 43, 71, 67, 19, 41, 70, 66, 70, 35, 10, 66, 17, 39, 71, 69, 71, 43, 25, 69, 22, 7, 6, 23, 24, 9, 1434, 1432, 42, 30, 7, 22, 27, 31, 6, 5, 18, 4, 30, 42, 31, 27, 0, 9, 1425, 1462, 72, 18, 4, 73, 1463, 1423, 18, 72, 73, 4, 36, 38, 37, 33, 37, 55, 62, 33, 55, 53, 60, 62, 53, 51, 58, 60, 51, 15, 14, 58, 75, 76, 77, 74, 78, 79, 76, 75, 80, 81, 79, 78, 82, 83, 81, 80, 84, 85, 83, 82, 86, 87, 85, 84, 88, 89, 87, 86, 90, 91, 89, 88, 92, 93, 91, 90, 94, 95, 93, 92, 96, 97, 95, 94, 98, 99, 97, 96, 100, 101, 99, 98, 102, 103, 101, 100, 104, 105, 103, 102, 106, 107, 105, 104, 108, 109, 107, 106, 74, 77, 109, 108, 76, 110, 111, 77, 79, 112, 110, 76, 81, 113, 112, 79, 83, 114, 113, 81, 85, 115, 114, 83, 87, 116, 115, 85, 89, 117, 116, 87, 91, 118, 117, 89, 93, 119, 118, 91, 95, 120, 119, 93, 97, 121, 120, 95, 99, 122, 121, 97, 101, 123, 122, 99, 103, 124, 123, 101, 105, 125, 124, 103, 107, 126, 125, 105, 109, 127, 126, 107, 77, 111, 127, 109, 111, 110, 124, 110, 112, 124, 112, 113, 124, 113, 114, 124, 114, 115, 124, 115, 116, 124, 116, 117, 124, 117, 118, 124, 118, 119, 124, 119, 120, 124, 120, 121, 124, 121, 122, 124, 122, 123, 124, 125, 126, 124, 126, 127, 124, 127, 111, 124, 129, 130, 131, 128, 133, 134, 135, 132, 137, 138, 139, 136, 140, 141, 139, 138, 143, 144, 145, 142, 146, 147, 148, 149, 150, 146, 149, 151, 128, 131, 153, 152, 152, 153, 155, 154, 136, 139, 156, 157, 158, 159, 154, 155, 146, 160, 161, 147, 162, 163, 156, 161, 164, 165, 140, 138, 167, 166, 168, 151, 149, 169, 169, 149, 148, 170, 171, 139, 141, 172, 148, 147, 173, 170, 141, 140, 166, 172, 157, 156, 163, 174, 134, 133, 159, 158, 164, 161, 160, 175, 139, 171, 162, 156, 147, 161, 165, 173, 177, 178, 179, 176, 176, 179, 130, 129, 167, 138, 180, 181, 178, 177, 144, 143, 168, 182, 183, 151, 167, 129, 128, 166, 169, 131, 130, 168, 163, 133, 132, 174, 175, 135, 134, 164, 151, 143, 142, 150, 137, 145, 144, 138, 166, 128, 152, 172, 170, 153, 131, 169, 172, 152, 154, 171, 173, 155, 153, 170, 165, 158, 155, 173, 171, 154, 159, 162, 164, 134, 158, 165, 162, 159, 133, 163, 181, 180, 177, 176, 178, 183, 182, 179, 181, 176, 129, 167, 168, 130, 179, 182, 183, 178, 143, 151, 138, 144, 177, 180, 185, 186, 187, 184, 189, 190, 191, 188, 192, 193, 190, 189, 194, 195, 193, 192, 188, 191, 195, 194, 190, 196, 197, 191, 193, 198, 196, 190, 195, 199, 198, 193, 195, 191, 197, 199, 196, 200, 201, 197, 198, 202, 200, 196, 199, 203, 202, 198, 199, 197, 201, 203, 200, 204, 185, 201, 184, 205, 201, 185, 203, 206, 187, 202, 186, 207, 202, 187, 186, 185, 204, 207, 205, 184, 187, 206, 202, 207, 204, 200, 205, 206, 203, 201, 209, 210, 211, 208, 212, 213, 210, 209, 214, 215, 213, 212, 208, 211, 215, 214, 215, 211, 210, 213, 216, 217, 218, 219, 220, 221, 217, 216, 222, 223, 221, 220, 224, 225, 223, 222, 227, 225, 224, 226, 229, 227, 226, 228, 231, 229, 228, 230, 218, 231, 230, 219, 216, 219, 233, 232, 220, 216, 232, 234, 222, 220, 234, 235, 224, 222, 235, 236, 226, 224, 236, 237, 228, 226, 237, 238, 230, 228, 238, 239, 219, 230, 239, 233, 232, 233, 241, 240, 234, 232, 240, 242, 235, 234, 242, 243, 236, 235, 243, 244, 245, 237, 236, 244, 246, 238, 237, 245, 247, 239, 238, 246, 241, 233, 239, 247, 240, 241, 249, 248, 242, 240, 248, 250, 243, 242, 250, 251, 244, 243, 251, 252, 245, 244, 252, 253, 246, 245, 253, 254, 247, 246, 254, 255, 241, 247, 255, 249, 256, 248, 249, 257, 258, 250, 248, 256, 259, 251, 250, 258, 260, 252, 251, 259, 253, 252, 260, 261, 254, 253, 261, 262, 255, 254, 262, 263, 249, 255, 263, 257, 256, 257, 265, 264, 258, 256, 264, 266, 259, 258, 266, 267, 260, 259, 267, 268, 261, 260, 268, 269, 262, 261, 269, 270, 263, 262, 270, 271, 257, 263, 271, 265, 264, 265, 273, 272, 266, 264, 272, 274, 267, 266, 274, 275, 268, 267, 275, 276, 277, 269, 268, 276, 278, 270, 269, 277, 279, 271, 270, 278, 273, 265, 271, 279, 272, 273, 281, 280, 274, 272, 280, 282, 275, 274, 282, 283, 276, 275, 283, 284, 277, 276, 284, 285, 278, 277, 285, 286, 279, 278, 286, 287, 273, 279, 287, 281, 288, 280, 281, 289, 290, 282, 280, 288, 291, 283, 282, 290, 292, 284, 283, 291, 285, 284, 292, 293, 286, 285, 293, 294, 287, 286, 294, 295, 281, 287, 295, 289, 288, 289, 297, 296, 290, 288, 296, 298, 291, 290, 298, 299, 292, 291, 299, 300, 293, 292, 300, 301, 294, 293, 301, 302, 295, 294, 302, 303, 289, 295, 303, 297, 296, 297, 305, 304, 298, 296, 304, 306, 299, 298, 306, 307, 300, 299, 307, 308, 309, 301, 300, 308, 310, 302, 301, 309, 311, 303, 302, 310, 305, 297, 303, 311, 304, 305, 313, 312, 306, 304, 312, 314, 307, 306, 314, 315, 308, 307, 315, 316, 309, 308, 316, 317, 310, 309, 317, 318, 311, 310, 318, 319, 305, 311, 319, 313, 320, 312, 313, 321, 322, 314, 312, 320, 323, 315, 314, 322, 324, 316, 315, 323, 317, 316, 324, 325, 318, 317, 325, 326, 319, 318, 326, 327, 313, 319, 327, 321, 320, 321, 329, 328, 322, 320, 328, 330, 323, 322, 330, 331, 324, 323, 331, 332, 325, 324, 332, 333, 326, 325, 333, 334, 327, 326, 334, 335, 321, 327, 335, 329, 328, 329, 337, 336, 330, 328, 336, 338, 331, 330, 338, 339, 332, 331, 339, 340, 341, 333, 332, 340, 342, 334, 333, 341, 343, 335, 334, 342, 337, 329, 335, 343, 345, 346, 347, 344, 347, 346, 349, 348, 349, 346, 351, 350, 351, 346, 345, 352, 354, 355, 356, 353, 356, 355, 358, 357, 358, 355, 360, 359, 360, 355, 354, 361, 363, 364, 365, 362, 365, 364, 367, 366, 367, 364, 369, 368, 369, 364, 363, 370, 372, 373, 374, 371, 374, 373, 376, 375, 376, 373, 378, 377, 378, 373, 372, 379, 361, 380, 381, 382, 344, 382, 381, 383, 377, 383, 381, 380, 379, 384, 385, 386, 352, 386, 385, 387, 368, 387, 385, 384, 347, 388, 382, 344, 382, 388, 360, 361, 360, 388, 389, 359, 389, 388, 347, 348, 351, 390, 391, 350, 391, 390, 369, 370, 369, 390, 387, 368, 387, 390, 351, 352, 345, 392, 386, 352, 386, 392, 378, 379, 378, 392, 383, 377, 383, 392, 345, 344, 354, 393, 380, 361, 380, 393, 376, 377, 376, 393, 394, 375, 394, 393, 354, 353, 367, 395, 396, 366, 396, 395, 372, 371, 372, 395, 384, 379, 384, 395, 367, 368, 349, 397, 398, 348, 348, 398, 399, 389, 399, 400, 359, 389, 400, 401, 358, 359, 401, 402, 357, 358, 362, 403, 404, 363, 363, 404, 405, 370, 370, 405, 406, 391, 406, 407, 350, 391, 407, 397, 349, 350, 356, 408, 409, 353, 410, 408, 356, 357, 411, 412, 362, 365, 413, 411, 365, 366, 414, 415, 371, 374, 375, 416, 414, 374, 394, 417, 416, 375, 353, 409, 417, 394, 418, 413, 366, 396, 415, 418, 396, 371, 420, 409, 421, 419, 408, 421, 409, 423, 421, 410, 422, 410, 421, 408, 424, 425, 412, 426, 411, 426, 412, 427, 428, 426, 413, 411, 413, 426, 429, 430, 357, 402, 431, 432, 403, 362, 430, 433, 410, 357, 434, 431, 362, 412, 435, 436, 415, 414, 437, 435, 414, 416, 438, 437, 416, 417, 439, 438, 417, 409, 440, 441, 413, 418, 436, 440, 418, 415, 419, 421, 443, 442, 422, 410, 433, 444, 424, 426, 446, 445, 427, 413, 441, 447, 420, 419, 442, 448, 409, 420, 448, 439, 423, 422, 444, 449, 421, 423, 449, 443, 425, 424, 445, 450, 412, 425, 450, 434, 428, 427, 447, 451, 426, 428, 451, 446, 453, 454, 455, 452, 454, 456, 457, 455, 456, 458, 459, 457, 458, 460, 461, 459, 460, 462, 463, 461, 462, 464, 465, 463, 464, 466, 467, 465, 466, 468, 469, 467, 468, 470, 471, 469, 470, 453, 452, 471, 453, 472, 454, 454, 472, 456, 456, 472, 458, 458, 472, 460, 460, 472, 462, 462, 472, 464, 464, 472, 466, 466, 472, 468, 468, 472, 470, 470, 472, 453, 474, 475, 476, 473, 478, 479, 480, 477, 476, 478, 477, 473, 475, 479, 478, 476, 474, 480, 479, 475, 473, 477, 480, 474, 482, 483, 484, 481, 483, 485, 486, 484, 485, 487, 488, 486, 487, 489, 490, 488, 489, 491, 492, 490, 491, 493, 494, 492, 493, 495, 496, 494, 495, 497, 498, 496, 497, 499, 500, 498, 499, 482, 481, 500, 482, 501, 483, 483, 501, 485, 485, 501, 487, 487, 501, 489, 489, 501, 491, 491, 501, 493, 493, 501, 495, 495, 501, 497, 497, 501, 499, 499, 501, 482, 503, 504, 505, 502, 506, 507, 504, 503, 508, 509, 507, 506, 510, 511, 509, 508, 512, 513, 511, 510, 514, 515, 513, 512, 516, 517, 515, 514, 518, 519, 517, 516, 520, 521, 519, 518, 502, 505, 521, 520, 505, 504, 522, 504, 507, 522, 507, 509, 522, 509, 511, 522, 511, 513, 522, 513, 515, 522, 515, 517, 522, 517, 519, 522, 519, 521, 522, 521, 505, 522, 524, 525, 526, 523, 525, 527, 528, 526, 527, 529, 530, 528, 529, 531, 532, 530, 531, 533, 534, 532, 533, 535, 536, 534, 535, 537, 538, 536, 537, 539, 540, 538, 539, 541, 542, 540, 541, 524, 523, 542, 524, 543, 525, 525, 543, 527, 527, 543, 529, 529, 543, 531, 531, 543, 533, 533, 543, 535, 535, 543, 537, 537, 543, 539, 539, 543, 541, 541, 543, 524, 545, 546, 547, 544, 548, 549, 546, 545, 550, 551, 549, 548, 552, 553, 551, 550, 554, 555, 553, 552, 556, 557, 555, 554, 558, 559, 557, 556, 560, 561, 559, 558, 562, 563, 561, 560, 544, 547, 563, 562, 547, 546, 564, 546, 549, 564, 549, 551, 564, 551, 553, 564, 553, 555, 564, 555, 557, 564, 557, 559, 564, 559, 561, 564, 561, 563, 564, 563, 547, 564, 565, 566, 567, 568, 570, 571, 572, 569, 574, 575, 576, 573, 578, 579, 580, 577, 582, 583, 584, 581, 586, 587, 588, 585, 590, 591, 592, 589, 567, 566, 594, 593, 595, 575, 574, 596, 597, 583, 582, 598, 593, 594, 599, 600, 588, 587, 595, 596, 592, 591, 597, 598, 602, 603, 604, 601, 606, 607, 608, 605, 586, 585, 610, 609, 612, 613, 614, 611, 601, 604, 616, 615, 615, 616, 618, 617, 617, 618, 620, 619, 619, 620, 590, 589, 605, 608, 622, 621, 621, 622, 624, 623, 623, 624, 626, 625, 625, 626, 573, 576, 609, 610, 628, 627, 627, 628, 630, 629, 629, 630, 632, 631, 631, 632, 634, 633, 611, 614, 636, 635, 635, 636, 638, 637, 637, 638, 640, 639, 639, 640, 581, 584, 641, 642, 643, 644, 645, 646, 571, 570, 576, 575, 648, 647, 649, 650, 579, 578, 651, 584, 583, 652, 587, 586, 654, 653, 591, 590, 656, 655, 575, 595, 657, 648, 583, 597, 658, 652, 657, 595, 587, 653, 658, 597, 591, 655, 659, 660, 604, 603, 576, 647, 661, 625, 584, 651, 662, 639, 642, 641, 631, 633, 663, 656, 590, 620, 664, 663, 620, 618, 665, 664, 618, 616, 660, 665, 616, 604, 605, 666, 667, 606, 621, 668, 666, 605, 623, 669, 668, 621, 625, 661, 669, 623, 611, 670, 671, 612, 635, 672, 670, 611, 637, 673, 672, 635, 639, 662, 673, 637, 674, 654, 586, 609, 675, 674, 609, 627, 676, 675, 627, 629, 641, 676, 629, 631, 677, 678, 679, 680, 568, 679, 678, 565, 666, 681, 682, 667, 680, 682, 681, 677, 683, 684, 600, 599, 685, 686, 684, 683, 687, 688, 686, 685, 644, 643, 688, 687, 670, 689, 690, 671, 689, 691, 692, 690, 691, 693, 694, 692, 693, 695, 696, 694, 695, 697, 698, 696, 698, 697, 699, 700, 699, 701, 702, 700, 703, 704, 702, 701, 705, 706, 704, 703, 707, 708, 706, 705, 709, 710, 708, 707, 710, 709, 660, 659, 711, 712, 650, 649, 713, 714, 712, 711, 715, 716, 714, 713, 717, 718, 716, 715, 719, 720, 718, 717, 720, 719, 721, 722, 721, 723, 724, 722, 725, 726, 724, 723, 727, 728, 726, 725, 729, 730, 728, 727, 731, 732, 730, 729, 646, 645, 732, 731, 670, 672, 689, 672, 673, 733, 673, 662, 734, 733, 662, 651, 735, 734, 652, 736, 735, 651, 736, 652, 658, 737, 658, 655, 738, 737, 656, 739, 738, 655, 739, 656, 663, 740, 740, 663, 664, 741, 741, 664, 665, 709, 665, 660, 666, 668, 681, 668, 669, 742, 669, 661, 743, 742, 661, 647, 744, 743, 648, 745, 744, 647, 745, 648, 657, 746, 657, 653, 747, 746, 654, 748, 747, 653, 748, 654, 674, 749, 749, 674, 675, 750, 750, 675, 676, 644, 676, 641, 709, 707, 741, 705, 740, 741, 707, 703, 739, 740, 705, 701, 738, 739, 703, 738, 701, 699, 737, 699, 697, 736, 737, 695, 735, 736, 697, 693, 734, 735, 695, 691, 733, 734, 693, 733, 689, 672, 676, 644, 750, 685, 749, 750, 687, 683, 748, 749, 685, 599, 747, 748, 683, 599, 594, 746, 747, 746, 594, 566, 745, 565, 744, 745, 566, 678, 743, 744, 565, 677, 742, 743, 678, 742, 677, 681, 644, 687, 750, 733, 691, 689, 741, 665, 709, 681, 668, 742, 606, 570, 569, 607, 602, 572, 571, 603, 612, 578, 577, 613, 634, 580, 579, 633, 606, 667, 645, 570, 603, 571, 646, 659, 612, 671, 649, 578, 633, 579, 650, 642, 671, 690, 711, 649, 642, 650, 712, 643, 690, 692, 713, 711, 643, 712, 714, 688, 692, 694, 715, 713, 688, 714, 716, 686, 694, 696, 717, 715, 686, 716, 718, 684, 696, 698, 719, 717, 684, 718, 720, 600, 719, 698, 700, 721, 593, 600, 720, 722, 700, 702, 723, 721, 567, 593, 722, 724, 704, 725, 723, 702, 568, 567, 724, 726, 706, 727, 725, 704, 679, 568, 726, 728, 708, 729, 727, 706, 680, 679, 728, 730, 710, 731, 729, 708, 682, 680, 730, 732, 659, 646, 731, 710, 667, 682, 732, 645, 752, 753, 754, 755, 756, 757, 758, 759, 760, 761, 762, 763, 764, 765, 762, 761, 766, 767, 768, 769, 770, 771, 772, 773, 774, 770, 773, 775, 755, 754, 776, 777, 777, 776, 778, 779, 763, 762, 780, 781, 782, 783, 779, 778, 770, 784, 785, 771, 786, 787, 780, 785, 788, 789, 764, 761, 790, 791, 792, 775, 773, 793, 793, 773, 772, 794, 795, 762, 765, 796, 772, 771, 797, 794, 765, 764, 791, 796, 781, 780, 787, 798, 757, 756, 783, 782, 788, 785, 784, 799, 762, 795, 786, 780, 771, 785, 789, 797, 800, 801, 802, 803, 803, 802, 753, 752, 790, 761, 804, 805, 801, 800, 767, 766, 792, 806, 807, 775, 790, 752, 755, 791, 793, 754, 753, 792, 787, 756, 759, 798, 799, 758, 757, 788, 775, 766, 769, 774, 760, 768, 767, 761, 791, 755, 777, 796, 794, 776, 754, 793, 796, 777, 779, 795, 797, 778, 776, 794, 789, 782, 778, 797, 795, 779, 783, 786, 788, 757, 782, 789, 786, 783, 756, 787, 805, 804, 800, 803, 801, 807, 806, 802, 805, 803, 752, 790, 792, 753, 802, 806, 807, 801, 766, 775, 761, 767, 800, 804, 808, 809, 810, 811, 812, 813, 814, 815, 816, 817, 813, 812, 818, 819, 817, 816, 815, 814, 819, 818, 813, 820, 821, 814, 817, 822, 820, 813, 819, 823, 822, 817, 819, 814, 821, 823, 820, 824, 825, 821, 822, 826, 824, 820, 823, 827, 826, 822, 823, 821, 825, 827, 824, 828, 808, 825, 811, 829, 825, 808, 827, 830, 810, 826, 809, 831, 826, 810, 809, 808, 828, 831, 829, 811, 810, 830, 826, 831, 828, 824, 829, 830, 827, 825, 832, 833, 834, 835, 836, 837, 833, 832, 838, 839, 837, 836, 835, 834, 839, 838, 839, 834, 833, 837, 840, 841, 842, 843, 844, 845, 841, 840, 846, 847, 845, 844, 848, 849, 847, 846, 850, 849, 848, 851, 852, 850, 851, 853, 854, 852, 853, 855, 842, 854, 855, 843, 840, 843, 856, 857, 844, 840, 857, 858, 846, 844, 858, 859, 848, 846, 859, 860, 851, 848, 860, 861, 853, 851, 861, 862, 855, 853, 862, 863, 843, 855, 863, 856, 857, 856, 864, 865, 858, 857, 865, 866, 859, 858, 866, 867, 860, 859, 867, 868, 869, 861, 860, 868, 870, 862, 861, 869, 871, 863, 862, 870, 864, 856, 863, 871, 865, 864, 872, 873, 866, 865, 873, 874, 867, 866, 874, 875, 868, 867, 875, 876, 869, 868, 876, 877, 870, 869, 877, 878, 871, 870, 878, 879, 864, 871, 879, 872, 880, 873, 872, 881, 882, 874, 873, 880, 883, 875, 874, 882, 884, 876, 875, 883, 877, 876, 884, 885, 878, 877, 885, 886, 879, 878, 886, 887, 872, 879, 887, 881, 880, 881, 888, 889, 882, 880, 889, 890, 883, 882, 890, 891, 884, 883, 891, 892, 885, 884, 892, 893, 886, 885, 893, 894, 887, 886, 894, 895, 881, 887, 895, 888, 889, 888, 896, 897, 890, 889, 897, 898, 891, 890, 898, 899, 892, 891, 899, 900, 901, 893, 892, 900, 902, 894, 893, 901, 903, 895, 894, 902, 896, 888, 895, 903, 897, 896, 904, 905, 898, 897, 905, 906, 899, 898, 906, 907, 900, 899, 907, 908, 901, 900, 908, 909, 902, 901, 909, 910, 903, 902, 910, 911, 896, 903, 911, 904, 912, 905, 904, 913, 914, 906, 905, 912, 915, 907, 906, 914, 916, 908, 907, 915, 909, 908, 916, 917, 910, 909, 917, 918, 911, 910, 918, 919, 904, 911, 919, 913, 912, 913, 920, 921, 914, 912, 921, 922, 915, 914, 922, 923, 916, 915, 923, 924, 917, 916, 924, 925, 918, 917, 925, 926, 919, 918, 926, 927, 913, 919, 927, 920, 921, 920, 928, 929, 922, 921, 929, 930, 923, 922, 930, 931, 924, 923, 931, 932, 933, 925, 924, 932, 934, 926, 925, 933, 935, 927, 926, 934, 928, 920, 927, 935, 929, 928, 936, 937, 930, 929, 937, 938, 931, 930, 938, 939, 932, 931, 939, 940, 933, 932, 940, 941, 934, 933, 941, 942, 935, 934, 942, 943, 928, 935, 943, 936, 944, 937, 936, 945, 946, 938, 937, 944, 947, 939, 938, 946, 948, 940, 939, 947, 941, 940, 948, 949, 942, 941, 949, 950, 943, 942, 950, 951, 936, 943, 951, 945, 944, 945, 952, 953, 946, 944, 953, 954, 947, 946, 954, 955, 948, 947, 955, 956, 949, 948, 956, 957, 950, 949, 957, 958, 951, 950, 958, 959, 945, 951, 959, 952, 953, 952, 960, 961, 954, 953, 961, 962, 955, 954, 962, 963, 956, 955, 963, 964, 965, 957, 956, 964, 966, 958, 957, 965, 967, 959, 958, 966, 960, 952, 959, 967, 968, 969, 970, 971, 969, 972, 973, 970, 972, 974, 975, 973, 974, 976, 977, 975, 976, 978, 979, 977, 978, 980, 981, 979, 980, 982, 983, 981, 982, 984, 985, 983, 984, 986, 987, 985, 986, 968, 971, 987, 968, 988, 969, 969, 988, 972, 972, 988, 974, 974, 988, 976, 976, 988, 978, 978, 988, 980, 980, 988, 982, 982, 988, 984, 984, 988, 986, 986, 988, 968, 989, 990, 991, 992, 993, 994, 990, 989, 995, 996, 994, 993, 997, 998, 996, 995, 999, 1000, 998, 997, 1001, 1002, 1000, 999, 1003, 1004, 1002, 1001, 1005, 1006, 1004, 1003, 1007, 1008, 1006, 1005, 992, 991, 1008, 1007, 991, 990, 1009, 990, 994, 1009, 994, 996, 1009, 996, 998, 1009, 998, 1000, 1009, 1000, 1002, 1009, 1002, 1004, 1009, 1004, 1006, 1009, 1006, 1008, 1009, 1008, 991, 1009, 1010, 1011, 1012, 1013, 1011, 1014, 1015, 1012, 1014, 1016, 1017, 1015, 1016, 1018, 1019, 1017, 1018, 1020, 1021, 1019, 1020, 1022, 1023, 1021, 1022, 1024, 1025, 1023, 1024, 1026, 1027, 1025, 1026, 1028, 1029, 1027, 1028, 1010, 1013, 1029, 1010, 1030, 1011, 1011, 1030, 1014, 1014, 1030, 1016, 1016, 1030, 1018, 1018, 1030, 1020, 1020, 1030, 1022, 1022, 1030, 1024, 1024, 1030, 1026, 1026, 1030, 1028, 1028, 1030, 1010, 1031, 1032, 1033, 1034, 1035, 1036, 1032, 1031, 1037, 1038, 1036, 1035, 1039, 1040, 1038, 1037, 1041, 1042, 1040, 1039, 1043, 1044, 1042, 1041, 1045, 1046, 1044, 1043, 1047, 1048, 1046, 1045, 1049, 1050, 1048, 1047, 1034, 1033, 1050, 1049, 1033, 1032, 1051, 1032, 1036, 1051, 1036, 1038, 1051, 1038, 1040, 1051, 1040, 1042, 1051, 1042, 1044, 1051, 1044, 1046, 1051, 1046, 1048, 1051, 1048, 1050, 1051, 1050, 1033, 1051, 1052, 1053, 1054, 1055, 1056, 1057, 1058, 1059, 1060, 1061, 1062, 1063, 1064, 1065, 1066, 1067, 1068, 1069, 1070, 1071, 1072, 1073, 1074, 1075, 1076, 1077, 1078, 1079, 1054, 1053, 1080, 1081, 1082, 1061, 1060, 1083, 1084, 1069, 1068, 1085, 1081, 1080, 1086, 1087, 1074, 1073, 1082, 1083, 1078, 1077, 1084, 1085, 1088, 1089, 1090, 1091, 1092, 1093, 1094, 1095, 1072, 1075, 1096, 1097, 1098, 1099, 1100, 1101, 1091, 1090, 1102, 1103, 1103, 1102, 1104, 1105, 1105, 1104, 1106, 1107, 1107, 1106, 1076, 1079, 1095, 1094, 1108, 1109, 1109, 1108, 1110, 1111, 1111, 1110, 1112, 1113, 1113, 1112, 1063, 1062, 1097, 1096, 1114, 1115, 1115, 1114, 1116, 1117, 1117, 1116, 1118, 1119, 1119, 1118, 1120, 1121, 1101, 1100, 1122, 1123, 1123, 1122, 1124, 1125, 1125, 1124, 1126, 1127, 1127, 1126, 1071, 1070, 1128, 1129, 1130, 1131, 1132, 1133, 1057, 1056, 1062, 1061, 1134, 1135, 1136, 1137, 1065, 1064, 1138, 1070, 1069, 1139, 1073, 1072, 1140, 1141, 1077, 1076, 1142, 1143, 1061, 1082, 1144, 1134, 1069, 1084, 1145, 1139, 1144, 1082, 1073, 1141, 1145, 1084, 1077, 1143, 1146, 1147, 1090, 1089, 1062, 1135, 1148, 1113, 1070, 1138, 1149, 1127, 1129, 1128, 1119, 1121, 1150, 1142, 1076, 1106, 1151, 1150, 1106, 1104, 1152, 1151, 1104, 1102, 1147, 1152, 1102, 1090, 1095, 1153, 1154, 1092, 1109, 1155, 1153, 1095, 1111, 1156, 1155, 1109, 1113, 1148, 1156, 1111, 1101, 1157, 1158, 1098, 1123, 1159, 1157, 1101, 1125, 1160, 1159, 1123, 1127, 1149, 1160, 1125, 1161, 1140, 1072, 1097, 1162, 1161, 1097, 1115, 1163, 1162, 1115, 1117, 1128, 1163, 1117, 1119, 1164, 1165, 1166, 1167, 1055, 1166, 1165, 1052, 1153, 1168, 1169, 1154, 1167, 1169, 1168, 1164, 1170, 1171, 1087, 1086, 1172, 1173, 1171, 1170, 1174, 1175, 1173, 1172, 1131, 1130, 1175, 1174, 1157, 1176, 1177, 1158, 1176, 1178, 1179, 1177, 1178, 1180, 1181, 1179, 1180, 1182, 1183, 1181, 1182, 1184, 1185, 1183, 1185, 1184, 1186, 1187, 1186, 1188, 1189, 1187, 1190, 1191, 1189, 1188, 1192, 1193, 1191, 1190, 1194, 1195, 1193, 1192, 1196, 1197, 1195, 1194, 1197, 1196, 1147, 1146, 1198, 1199, 1137, 1136, 1200, 1201, 1199, 1198, 1202, 1203, 1201, 1200, 1204, 1205, 1203, 1202, 1206, 1207, 1205, 1204, 1207, 1206, 1208, 1209, 1208, 1210, 1211, 1209, 1212, 1213, 1211, 1210, 1214, 1215, 1213, 1212, 1216, 1217, 1215, 1214, 1218, 1219, 1217, 1216, 1133, 1132, 1219, 1218, 1157, 1159, 1176, 1159, 1160, 1220, 1160, 1149, 1221, 1220, 1149, 1138, 1222, 1221, 1139, 1223, 1222, 1138, 1223, 1139, 1145, 1224, 1145, 1143, 1225, 1224, 1142, 1226, 1225, 1143, 1226, 1142, 1150, 1227, 1227, 1150, 1151, 1228, 1228, 1151, 1152, 1196, 1152, 1147, 1153, 1155, 1168, 1155, 1156, 1229, 1156, 1148, 1230, 1229, 1148, 1135, 1231, 1230, 1134, 1232, 1231, 1135, 1232, 1134, 1144, 1233, 1144, 1141, 1234, 1233, 1140, 1235, 1234, 1141, 1235, 1140, 1161, 1236, 1236, 1161, 1162, 1237, 1237, 1162, 1163, 1131, 1163, 1128, 1196, 1194, 1228, 1192, 1227, 1228, 1194, 1190, 1226, 1227, 1192, 1188, 1225, 1226, 1190, 1225, 1188, 1186, 1224, 1186, 1184, 1223, 1224, 1182, 1222, 1223, 1184, 1180, 1221, 1222, 1182, 1178, 1220, 1221, 1180, 1220, 1176, 1159, 1163, 1131, 1237, 1172, 1236, 1237, 1174, 1170, 1235, 1236, 1172, 1086, 1234, 1235, 1170, 1086, 1080, 1233, 1234, 1233, 1080, 1053, 1232, 1052, 1231, 1232, 1053, 1165, 1230, 1231, 1052, 1164, 1229, 1230, 1165, 1229, 1164, 1168, 1131, 1174, 1237, 1220, 1178, 1176, 1228, 1152, 1196, 1168, 1155, 1229, 1092, 1056, 1059, 1093, 1088, 1058, 1057, 1089, 1098, 1064, 1067, 1099, 1120, 1066, 1065, 1121, 1092, 1154, 1132, 1056, 1089, 1057, 1133, 1146, 1098, 1158, 1136, 1064, 1121, 1065, 1137, 1129, 1158, 1177, 1198, 1136, 1129, 1137, 1199, 1130, 1177, 1179, 1200, 1198, 1130, 1199, 1201, 1175, 1179, 1181, 1202, 1200, 1175, 1201, 1203, 1173, 1181, 1183, 1204, 1202, 1173, 1203, 1205, 1171, 1183, 1185, 1206, 1204, 1171, 1205, 1207, 1087, 1206, 1185, 1187, 1208, 1081, 1087, 1207, 1209, 1187, 1189, 1210, 1208, 1054, 1081, 1209, 1211, 1191, 1212, 1210, 1189, 1055, 1054, 1211, 1213, 1193, 1214, 1212, 1191, 1166, 1055, 1213, 1215, 1195, 1216, 1214, 1193, 1167, 1166, 1215, 1217, 1197, 1218, 1216, 1195, 1169, 1167, 1217, 1219, 1146, 1133, 1218, 1197, 1154, 1169, 1219, 1132, 1238, 1239, 1240, 1241, 1240, 1239, 1242, 1243, 1242, 1239, 1244, 1245, 1244, 1239, 1238, 1246, 1247, 1248, 1249, 1250, 1249, 1248, 1251, 1252, 1251, 1248, 1253, 1254, 1253, 1248, 1247, 1255, 1256, 1257, 1258, 1259, 1258, 1257, 1260, 1261, 1260, 1257, 1262, 1263, 1262, 1257, 1256, 1264, 1265, 1266, 1267, 1268, 1267, 1266, 1269, 1270, 1269, 1266, 1271, 1272, 1271, 1266, 1265, 1273, 1255, 1274, 1275, 1276, 1241, 1276, 1275, 1277, 1272, 1277, 1275, 1274, 1273, 1278, 1279, 1280, 1246, 1280, 1279, 1281, 1263, 1281, 1279, 1278, 1240, 1282, 1276, 1241, 1276, 1282, 1253, 1255, 1253, 1282, 1283, 1254, 1283, 1282, 1240, 1243, 1244, 1284, 1285, 1245, 1285, 1284, 1262, 1264, 1262, 1284, 1281, 1263, 1281, 1284, 1244, 1246, 1238, 1286, 1280, 1246, 1280, 1286, 1271, 1273, 1271, 1286, 1277, 1272, 1277, 1286, 1238, 1241, 1247, 1287, 1274, 1255, 1274, 1287, 1269, 1272, 1269, 1287, 1288, 1270, 1288, 1287, 1247, 1250, 1260, 1289, 1290, 1261, 1290, 1289, 1265, 1268, 1265, 1289, 1278, 1273, 1278, 1289, 1260, 1263, 1242, 1291, 1292, 1243, 1243, 1292, 1293, 1283, 1293, 1294, 1254, 1283, 1294, 1295, 1251, 1254, 1295, 1296, 1252, 1251, 1259, 1297, 1298, 1256, 1256, 1298, 1299, 1264, 1264, 1299, 1300, 1285, 1300, 1301, 1245, 1285, 1301, 1291, 1242, 1245, 1249, 1302, 1303, 1250, 1304, 1302, 1249, 1252, 1305, 1306, 1259, 1258, 1307, 1305, 1258, 1261, 1308, 1309, 1268, 1267, 1270, 1310, 1308, 1267, 1288, 1311, 1310, 1270, 1250, 1303, 1311, 1288, 1312, 1307, 1261, 1290, 1309, 1312, 1290, 1268, 1313, 1303, 1314, 1315, 1302, 1314, 1303, 1316, 1314, 1304, 1317, 1304, 1314, 1302, 1318, 1319, 1306, 1320, 1305, 1320, 1306, 1321, 1322, 1320, 1307, 1305, 1307, 1320, 1323, 1324, 1252, 1296, 1325, 1326, 1297, 1259, 1324, 1327, 1304, 1252, 1328, 1325, 1259, 1306, 1329, 1330, 1309, 1308, 1331, 1329, 1308, 1310, 1332, 1331, 1310, 1311, 1333, 1332, 1311, 1303, 1334, 1335, 1307, 1312, 1330, 1334, 1312, 1309, 1315, 1314, 1336, 1337, 1317, 1304, 1327, 1338, 1318, 1320, 1339, 1340, 1321, 1307, 1335, 1341, 1313, 1315, 1337, 1342, 1303, 1313, 1342, 1333, 1316, 1317, 1338, 1343, 1314, 1316, 1343, 1336, 1319, 1318, 1340, 1344, 1306, 1319, 1344, 1328, 1322, 1321, 1341, 1345, 1320, 1322, 1345, 1339, 1346, 1347, 1348, 1349, 1347, 1350, 1351, 1348, 1350, 1352, 1353, 1351, 1352, 1354, 1355, 1353, 1354, 1356, 1357, 1355, 1356, 1358, 1359, 1357, 1358, 1360, 1361, 1359, 1360, 1362, 1363, 1361, 1362, 1364, 1365, 1363, 1364, 1346, 1349, 1365, 1346, 1366, 1347, 1347, 1366, 1350, 1350, 1366, 1352, 1352, 1366, 1354, 1354, 1366, 1356, 1356, 1366, 1358, 1358, 1366, 1360, 1360, 1366, 1362, 1362, 1366, 1364, 1364, 1366, 1346, 1367, 1368, 1369, 1370, 1371, 1372, 1373, 1374, 1369, 1371, 1374, 1370, 1368, 1372, 1371, 1369, 1367, 1373, 1372, 1368, 1370, 1374, 1373, 1367, 1375, 1376, 1377, 1378, 1379, 1380, 1381, 1382, 1377, 1379, 1382, 1378, 1376, 1380, 1379, 1377, 1375, 1381, 1380, 1376, 1378, 1382, 1381, 1375, 1383, 1384, 1385, 1386, 1387, 1388, 1389, 1390, 1385, 1387, 1390, 1386, 1384, 1388, 1387, 1385, 1383, 1389, 1388, 1384, 1386, 1390, 1389, 1383, 1391, 1394, 1393, 1392, 1395, 1398, 1397, 1396, 1399, 1402, 1401, 1400, 1393, 1394, 1404, 1403, 1398, 1395, 1406, 1405, 1392, 1393, 1403, 1407, 1391, 1401, 1409, 1408, 1410, 1413, 1412, 1411, 1414, 1417, 1416, 1415, 1399, 1400, 1419, 1418, 1409, 1401, 1402, 1420, 1403, 1404, 1422, 1421, 1407, 1403, 1421, 1423, 1424, 1418, 1419, 1425, 1411, 1427, 1426, 1410, 1405, 1406, 1429, 1428, 1415, 1416, 1431, 1430, 1432, 1409, 1420, 1433, 1408, 1409, 1432, 1434, 1405, 1435, 1397, 1398, 1395, 1396, 1436, 1406, 1437, 1438, 1410, 1426, 1439, 1435, 1405, 1428, 1435, 1441, 1440, 1397, 1441, 1443, 1442, 1440, 1443, 1445, 1444, 1442, 1445, 1416, 1417, 1444, 1396, 1447, 1446, 1436, 1447, 1449, 1448, 1446, 1449, 1450, 1438, 1448, 1450, 1413, 1410, 1438, 1451, 1448, 1438, 1437, 1451, 1452, 1446, 1448, 1452, 1453, 1436, 1446, 1453, 1429, 1406, 1436, 1454, 1441, 1435, 1439, 1455, 1443, 1441, 1454, 1455, 1456, 1445, 1443, 1456, 1431, 1416, 1445, 1414, 1458, 1457, 1412, 1399, 1457, 1458, 1402, 1412, 1457, 1459, 1411, 1415, 1460, 1458, 1414, 1418, 1459, 1457, 1399, 1402, 1458, 1460, 1420, 1424, 751, 1459, 1418, 1459, 751, 1427, 1411, 1430, 1461, 1460, 1415, 1460, 1461, 1433, 1420, 1400, 1401, 1391, 1392, 1419, 1400, 1392, 1407, 1404, 1394, 1391, 1408, 1425, 1419, 1407, 1423, 1408, 1434, 1422, 1404, 1425, 1423, 1463, 1462, 1412, 1413, 1417, 1414, 1417, 1413, 1450, 1444, 1444, 1450, 1449, 1442, 1442, 1449, 1447, 1440, 1440, 1447, 1396, 1397, 1464, 1467, 1466, 1465, 1465, 1466, 1469, 1468, 1468, 1469, 1471, 1470, 1470, 1471, 1473, 1472, 1472, 1473, 1475, 1474, 1474, 1475, 1477, 1476, 1476, 1477, 1479, 1478, 1478, 1479, 1481, 1480, 1480, 1481, 1483, 1482, 1482, 1483, 1467, 1464, 1464, 1465, 1484, 1465, 1468, 1484, 1468, 1470, 1484, 1470, 1472, 1484, 1472, 1474, 1484, 1474, 1476, 1484, 1476, 1478, 1484, 1478, 1480, 1484, 1480, 1482, 1484, 1482, 1464, 1484, 1485, 1488, 1487, 1486, 1486, 1487, 1490, 1489, 1489, 1490, 1492, 1491, 1491, 1492, 1494, 1493, 1493, 1494, 1496, 1495, 1495, 1496, 1498, 1497, 1497, 1498, 1500, 1499, 1499, 1500, 1502, 1501, 1501, 1502, 1504, 1503, 1503, 1504, 1488, 1485, 1485, 1486, 1505, 1486, 1489, 1505, 1489, 1491, 1505, 1491, 1493, 1505, 1493, 1495, 1505, 1495, 1497, 1505, 1497, 1499, 1505, 1499, 1501, 1505, 1501, 1503, 1505, 1503, 1485, 1505]
                rel material:binding = </toolbox_with_handle/toolbox/Looks/Material__25>
                normal3f[] normals = [(-1.9247595e-9, 0, -1), (-1.9247595e-9, 0, -1), (-1.9247595e-9, 0, -1), (-1.9247595e-9, 0, -1), (0, 0.0553215, 0.99846864), (0, 0.0553215, 0.99846864), (0, -0.055321537, 0.99846864), (0, -0.055321537, 0.99846864), (0, -1, 0), (0, -1, 0), (0, -1, 0), (0, -1, 0), (1, 0, 0), (1, 0, 0), (1, 0, 0), (1, 0, 0), (0, 1, 0), (0, 1, 0), (0, 1, 0), (0, 1, 0), (0, -1, 0), (0, -1, 0), (0, -0.9984707, 0.05528303), (0, -0.9984707, 0.05528303), (1, 0, 0), (1, 0, 0), (1, 0, 0), (1, 0, 0), (0, 1, 0), (0, 1, 0), (0, 0.99846864, 0.055321537), (0, 0.99846864, 0.055321537), (0, -1, 0), (0, -1, 0), (0, -1, 0), (0, -1, 0), (1, 0, 0), (1, 0, 0), (1, 0, 0), (1, 0, 0), (0, 1, 0), (0, 1, 0), (0, 1, 0), (0, 1, 0), (0, 0, -1), (0, 0, -1), (0, 0, -1), (0, 0, -1), (0, 0.055283763, 0.99847066), (0, 0.055283763, 0.99847066), (0, -0.055283763, 0.99847066), (0, -0.055283763, 0.99847066), (0, -1, 0), (0, -1, 0), (0, -1, 0), (0, -1, 0), (0, 1, 0), (0, 1, 0), (0, 1, 0), (0, 1, 0), (0, -0.9984707, 0.055282947), (0, -1, 0), (0, -1, 0), (0, -0.9984707, 0.055282947), (0, 1, 0), (0, 1, 0), (0, 0.99846864, 0.05532146), (0, 0.99846864, 0.05532146), (0, -1, 0), (0, -1, 0), (0, -1, 0), (0, -1, 0), (0, 1, 0), (0, 1, 0), (0, 1, 0), (0, 1, 0), (-0.99999994, 0, 0), (-1, 0, 0), (-1, 0, 0), (-0.99999994, 0, 0), (-1, 0, 0), (-1, 0, 0), (-1, 0, 0), (-0.99999994, 0, 0), (-1, 0, 0), (-1, 0, 0), (-1, 0, 0), (-1, 0, 0), (-1, 0, 0), (-1, 0, 0), (-0.99999994, 0, 0), (-1, 0, 0), (-1, 0, 0), (-1, 0, 0), (-1, 0, 0), (-1, 0, 0), (-1, 0, 0), (-1, 0, 0), (-1, 0, 0), (-1, 0, 0), (-1, 0, 0), (-1, 0, 0), (-1, 0, 0), (-1, 0, 0), (-1, 0, 0), (-1, 0, 0), (-1, 0, 0), (-1, 0, 0), (0, 0.055283763, 0.99847066), (0, 0.055283763, 0.99847066), (0, 0.25494227, 0.96695626), (0, 0.25494227, 0.96695626), (0, -0.055321537, 0.99846864), (0, -0.055321537, 0.99846864), (0, -0.2549381, 0.96695745), (0, -0.2549381, 0.96695745), (0, -0.055283763, 0.99847066), (0, -0.055283763, 0.99847066), (0, -0.25494254, 0.9669562), (0, -0.25494254, 0.9669562), (0, 0.0553215, 0.99846864), (0, 0.0553215, 0.99846864), (0, 0.2549379, 0.96695745), (0, 0.2549379, 0.96695745), (-1, 0, 0), (-0.99999994, 0, 0), (-1, 0, 0), (-1, 0, 0), (-0.99999994, 0, 0), (-1, 0, 0), (-1, 0, 0), (-1, 0, 0), (0, 0.25494227, 0.96695626), (0, 0.25494227, 0.96695626), (0, 0.5606538, 0.8280504), (0, 0.5606538, 0.8280504), (0, 0.5606538, 0.8280504), (0, 0.5606538, 0.8280504), (0, 0.8280738, 0.56061906), (0, 0.8280738, 0.56061906), (0, 0.8280738, 0.56061906), (0, 0.8280738, 0.56061906), (0, 0.9669574, 0.25493824), (0, 0.9669574, 0.25493824), (0, 0.9669574, 0.25493824), (0, 0.9669574, 0.25493824), (0, 0.99846864, 0.05532146), (0, 0.99846864, 0.05532146), (0, -0.2549381, 0.96695745), (0, -0.2549381, 0.96695745), (0, -0.5606188, 0.8280739), (0, -0.5606188, 0.8280739), (0, -0.5606188, 0.8280739), (0, -0.5606188, 0.8280739), (0, -0.82804996, 0.5606544), (0, -0.82804996, 0.5606544), (0, -0.82804996, 0.5606544), (0, -0.82804996, 0.5606544), (0, -0.9669563, 0.2549423), (0, -0.9669563, 0.2549423), (0, -0.9669563, 0.2549423), (0, -0.9669563, 0.2549423), (0, -0.9984707, 0.05528303), (0, -0.9984707, 0.05528303), (0, -0.25494254, 0.9669562), (0, -0.25494254, 0.9669562), (0, -0.56065404, 0.8280502), (0, -0.56065404, 0.8280502), (0, -0.56065404, 0.8280502), (0, -0.56065404, 0.8280502), (0, -0.8280497, 0.56065464), (0, -0.8280497, 0.56065464), (0, -0.8280497, 0.56065464), (0, -0.8280497, 0.56065464), (0, -0.96695614, 0.25494254), (0, -0.96695614, 0.25494254), (0, -0.96695614, 0.25494254), (0, -0.96695614, 0.25494254), (0, -0.9984707, 0.055282947), (0, -0.9984707, 0.055282947), (0, 0.2549379, 0.96695745), (0, 0.2549379, 0.96695745), (1.5142072e-9, 0.56061876, 0.828074), (1.5142072e-9, 0.56061876, 0.828074), (1.5142072e-9, 0.56061876, 0.828074), (1.5142072e-9, 0.56061876, 0.828074), (3.5910928e-9, 0.82807416, 0.5606186), (3.5910928e-9, 0.82807416, 0.5606186), (3.5910928e-9, 0.82807416, 0.5606186), (3.5910928e-9, 0.82807416, 0.5606186), (2.0616668e-9, 0.96695745, 0.2549379), (2.0616668e-9, 0.96695745, 0.2549379), (2.0616668e-9, 0.96695745, 0.2549379), (2.0616668e-9, 0.96695745, 0.2549379), (0, 0.99846864, 0.055321537), (0, 0.99846864, 0.055321537), (-1, 0, 0), (-1, 0, 0), (-1, 0, 0), (-1, 0, 0), (-1, 0, 0), (-1, 0, 0), (-1, 0, 0), (-1, 0, 0), (-1, 0, 0), (-1, 0, 0), (-1, 0, 0), (-1, 0, 0), (-1, 0, 0), (-1, 0, 0), (-1, 0, 0), (-1, 0, 0), (-0.99999994, 0, 0), (-0.99999994, 0, 0), (-1, 0, 0), (-1, 0, 0), (-1, 0, 0), (-0.99999994, 0, 0), (-1, 0, 0), (-1, 0, 0), (-1, 0, 0), (-1, 0, 0), (-1, 0, 0), (-0.99999994, 0, 0), (-0.99999994, 0, 0), (-1, 0, 0), (-1, 0, 0), (-1, 0, 0), (0, -0.57740563, -0.81645745), (0, -0.57740563, -0.81645745), (0, -0.5774056, -0.81645745), (0, -0.5774056, -0.81645745), (0.57741255, 0, -0.81645256), (0.5774126, 0, -0.81645256), (0.57741255, 0, -0.81645256), (0.57741255, 0, -0.81645256), (-2.5361715e-9, 0.5772261, -0.8165844), (-2.5361713e-9, 0.57722604, -0.81658435), (-2.5361715e-9, 0.57722604, -0.8165844), (-2.5361715e-9, 0.5772261, -0.81658447), (0, -0.57740563, 0.81645745), (0, -0.57740563, 0.81645745), (0, -0.5774056, 0.81645745), (0, -0.5774056, 0.81645745), (0.5774126, 0, 0.81645256), (0.57741255, 0, 0.81645256), (0.57741255, 0, 0.81645256), (0.57741255, 0, 0.81645256), (-2.5361715e-9, 0.57722616, 0.8165844), (-2.5361715e-9, 0.5772261, 0.81658435), (-2.5361715e-9, 0.5772261, 0.8165844), (-2.5361717e-9, 0.5772261, 0.8165844), (0, -0.5774057, -0.8164574), (0, -0.5774057, -0.8164574), (0, -0.5774057, -0.8164574), (0, -0.5774057, -0.8164574), (0, 0.57740736, -0.8164562), (0, 0.57740736, -0.8164562), (0, 0.5774073, -0.8164562), (0, 0.5774073, -0.8164562), (0, -0.5774057, 0.8164574), (0, -0.5774057, 0.8164574), (0, -0.5774057, 0.8164574), (0, -0.5774057, 0.8164574), (0, 0.57740736, 0.8164562), (0, 0.57740736, 0.8164562), (0, 0.5774073, 0.8164562), (0, 0.5774073, 0.8164562), (-0.57741255, 0, 0.8164525), (-0.5774125, 0, 0.8164525), (-0.57741255, 0, 0.8164525), (-0.5774125, 0, 0.8164525), (-0.57741255, 0, -0.8164525), (-0.5774125, 0, -0.8164525), (-0.57741255, 0, -0.8164525), (-0.5774125, 0, -0.8164525), (-0.57741255, 0, -0.8164525), (-0.5774126, 0, -0.81645256), (-0.57741255, 0, -0.8164525), (-0.57741255, 0, -0.8164525), (-0.57741255, 0, 0.81645244), (-0.5774126, 0, 0.81645244), (-0.5774126, 0, 0.81645256), (-0.5774126, 0, 0.8164525), (1, 0, 0), (1, 0, 0), (1, 0, 0), (1, 0, 0), (0, 1, 0), (0, 1, 0), (0, 1, 0), (0, 1, 0), (0, -1, 0), (0, -1, 0), (0, -1, 0), (0, -1, 0), (0, 1, 0), (0, 1, 0), (0, 1, 0), (0, 1, 0), (-1, 0, 0), (-1, 0, 0), (-1, 0, 0), (-1, 0, 0), (-1, 0, 0), (-0.99999994, 0, 0), (-1, 0, 0), (-1, 0, 0), (0, 0, -1), (0, 0, -1), (0, 0, -1), (0, 0, -1), (-6.599176e-9, 0, 1), (-6.599176e-9, 0, 1), (-6.599176e-9, 0, 1), (-6.599176e-9, 0, 1), (-1, 0, 0), (-1, 0, 0), (-1, 0, 0), (-1, 0, 0), (1, 0, 0), (1, 0, 0), (1, 0, 0), (1, 0, 0), (1, 0, 0), (1, 0, 0), (1, 0, 0), (1, 0, 0), (1, 0, 0), (1, 0, 0), (1, 0, 0), (1, 0, 0), (1, 0, 0), (1, 0, 0), (1, 0, 0), (1, 0, 0), (1, 0, 0), (1, 0, 0), (1, 0, 0), (1, 0, 0), (0.93972176, 0, 0.34193987), (0.93972176, 0, 0.34193987), (1, 0, 0), (1, 0, 0), (0.766118, 0, 0.6427), (0.766118, 0, 0.6427), (0.93972176, 0, 0.34193987), (0.93972176, 0, 0.34193987), (0.4999553, 0, 0.86605126), (0.4999553, 0, 0.86605126), (0.766118, 0, 0.6427), (0.766118, 0, 0.6427), (0.17361334, 0, 0.9848139), (0.17361334, 0, 0.9848139), (0.4999553, 0, 0.86605126), (0.4999553, 0, 0.86605126), (-0.17361334, 0, 0.9848139), (-0.17361334, 0, 0.9848139), (0.17361334, 0, 0.9848139), (0.17361334, 0, 0.9848139), (-0.50001645, 0, 0.8660159), (-0.50001645, 0, 0.8660159), (-0.17361334, 0, 0.9848139), (-0.17361334, 0, 0.9848139), (-0.76610214, 0, 0.64271873), (-0.76610214, 0, 0.64271873), (-0.50001645, 0, 0.8660159), (-0.50001645, 0, 0.8660159), (-0.93968934, 0, 0.3420293), (-0.93968934, 0, 0.3420293), (-0.76610214, 0, 0.64271873), (-0.76610214, 0, 0.64271873), (-1, 0, 0), (-1, 0, 0), (-0.93968934, 0, 0.3420293), (-0.93968934, 0, 0.3420293), (-0.93966854, 0, -0.3420863), (-0.93966854, 0, -0.3420863), (-1, 0, 0), (-1, 0, 0), (-0.7660644, 0, -0.6427639), (-0.7660644, 0, -0.6427639), (-0.93966854, 0, -0.3420863), (-0.93966854, 0, -0.3420863), (-0.50001794, 0, -0.866015), (-0.50001794, 0, -0.866015), (-0.7660644, 0, -0.6427639), (-0.7660644, 0, -0.6427639), (-0.17361334, 0, -0.9848139), (-0.17361334, 0, -0.9848139), (-0.50001794, 0, -0.866015), (-0.50001794, 0, -0.866015), (0.17361334, 0, -0.9848139), (0.17361334, 0, -0.9848139), (-0.17361334, 0, -0.9848139), (-0.17361334, 0, -0.9848139), (0.49995676, 0, -0.8660503), (0.49995676, 0, -0.8660503), (0.17361334, 0, -0.9848139), (0.17361334, 0, -0.9848139), (0.76608014, 0, -0.6427451), (0.76608014, 0, -0.6427451), (0.49995676, 0, -0.8660503), (0.49995676, 0, -0.8660503), (0.9397011, 0, -0.34199685), (0.9397011, 0, -0.34199685), (0.76608014, 0, -0.6427451), (0.76608014, 0, -0.6427451), (1, 0, 0), (1, 0, 0), (0.9397011, 0, -0.34199685), (0.9397011, 0, -0.34199685), (0.8023825, -0.52049845, 0.29199943), (0.8023752, -0.52049845, 0.29201937), (0.8538606, -0.5205017, -0.000010117997), (0.8538607, -0.5205017, -0.000008933209), (0.65408367, -0.52058417, 0.5487866), (0.6540735, -0.52058417, 0.5487986), (0.8023752, -0.52049845, 0.29201937), (0.8023825, -0.52049845, 0.29199943), (0.42684814, -0.5206223, 0.7394276), (0.42684242, -0.52062225, 0.7394309), (0.6540735, -0.52058417, 0.5487986), (0.65408367, -0.52058417, 0.5487866), (0.14825659, -0.52060163, 0.84082925), (0.14823897, -0.52060163, 0.8408325), (0.42684242, -0.52062225, 0.7394309), (0.42684814, -0.5206223, 0.7394276), (-0.14825659, -0.52060163, 0.84082925), (-0.14823897, -0.52060163, 0.8408325), (0.14823897, -0.52060163, 0.8408325), (0.14825659, -0.52060163, 0.84082925), (-0.426883, -0.5205991, 0.73942363), (-0.42688057, -0.5205992, 0.7394251), (-0.14823897, -0.52060163, 0.8408325), (-0.14825659, -0.52060163, 0.84082925), (-0.6540997, -0.5205178, 0.5488304), (-0.65410566, -0.52051777, 0.54882324), (-0.42688057, -0.5205992, 0.7394251), (-0.426883, -0.5205991, 0.73942363), (-0.80238545, -0.5204674, 0.29204673), (-0.8023765, -0.5204674, 0.29207137), (-0.65410566, -0.52051777, 0.54882324), (-0.6540997, -0.5205178, 0.5488304), (-0.8538607, -0.52050173, -0.000008938299), (-0.8538606, -0.5205017, -0.000010122532), (-0.8023765, -0.5204674, 0.29207137), (-0.80238545, -0.5204674, 0.29204673), (-0.80234903, -0.5204977, -0.29209277), (-0.8023529, -0.5204977, -0.29208222), (-0.8538606, -0.5205017, -0.000010122532), (-0.8538607, -0.52050173, -0.000008938299), (-0.6541165, -0.5204996, -0.54882765), (-0.65412337, -0.5204996, -0.5488195), (-0.8023529, -0.5204977, -0.29208222), (-0.80234903, -0.5204977, -0.29209277), (-0.42696178, -0.5204867, -0.7394574), (-0.42694467, -0.52048665, -0.73946726), (-0.65412337, -0.5204996, -0.5488195), (-0.6541165, -0.5204996, -0.54882765), (-0.14827906, -0.52043146, -0.84093064), (-0.14825381, -0.5204315, -0.8409351), (-0.42694467, -0.52048665, -0.73946726), (-0.42696178, -0.5204867, -0.7394574), (0.14827906, -0.52043146, -0.84093064), (0.14825381, -0.5204315, -0.8409351), (-0.14825381, -0.5204315, -0.8409351), (-0.14827906, -0.52043146, -0.84093064), (0.42692685, -0.5205098, -0.73946136), (0.42690656, -0.5205098, -0.73947304), (0.14825381, -0.5204315, -0.8409351), (0.14827906, -0.52043146, -0.84093064), (0.6541004, -0.5205659, -0.5487839), (0.65409124, -0.52056587, -0.54879487), (0.42690656, -0.5205098, -0.73947304), (0.42692685, -0.5205098, -0.73946136), (0.8023461, -0.5205286, -0.29204553), (0.80235165, -0.5205287, -0.29203033), (0.65409124, -0.52056587, -0.54879487), (0.6541004, -0.5205659, -0.5487839), (0.8538607, -0.5205017, -0.000008933209), (0.8538606, -0.5205017, -0.000010117997), (0.80235165, -0.5205287, -0.29203033), (0.8023461, -0.5205286, -0.29204553), (0, -0.99999994, 0), (0, -1, 0), (0, -0.99999994, 0), (0, -1, 0), (0, -1, 0), (0, -0.99999994, 0), (0, -1, 0), (0, -1, 0), (0, -0.99999994, 0), (0, -1, 0), (0, -1, 0), (0, -0.99999994, 0), (0, -1, 0), (0, -1, 0), (0, -0.99999994, 0), (0, -1, 0), (0, -1, 0), (0, -0.99999994, 0), (0, -1, 0), (0, -1, 0), (0, -0.99999994, 0), (0, -1, 0), (0, -1, 0), (0, -0.99999994, 0), (0, -1, 0), (0, -0.99999994, 0), (0, -0.99999994, 0), (0, -0.99999994, 0), (0, -1, 0), (0, -0.99999994, 0), (0, -1, 0), (0, -1, 0), (0, -0.99999994, 0), (0, -1, 0), (0, -1, 0), (0, -0.99999994, 0), (0, -1, 0), (0, -0.99999994, 0), (0, -0.99999994, 0), (0, -1, 0), (0, -1, 0), (0, -0.99999994, 0), (0, -1, 0), (0, -1, 0), (0, -0.99999994, 0), (0, -1, 0), (0, -0.99999994, 0), (0, -0.99999994, 0), (0, -0.9711449, -0.23849013), (0, -0.97114486, -0.23849013), (0, -0.98708695, -0.16018504), (0, -0.98708695, -0.16018504), (0, -0.27808836, -0.96055543), (0, -0.27808836, -0.96055543), (0, 0, -1), (0, 0, -1), (1, 0, 0), (0.87361217, -0.47640145, -0.09921361), (0.9386586, -0.27082965, -0.21347481), (1, 0, 0), (0.9111986, -0.40664303, -0.066018745), (0.8847405, -0.3543284, -0.3027964), (0.9386586, -0.27082965, -0.21347481), (0.87361217, -0.47640145, -0.09921361), (0, 0, 1), (0, 0, 1), (0, 0, 1), (0, 0, 1), (-1, 0, 0), (-0.9386586, -0.2708297, -0.21347484), (-0.8847405, -0.3543284, -0.3027964), (-0.9111986, -0.40664306, -0.066018745), (-1, 0, 0), (-1, 0, 0), (-0.9111986, -0.40664306, -0.066018745), (-0.87361217, -0.47640148, -0.09921361), (0, -0.98708695, -0.16018504), (0, -0.98708695, -0.16018504), (0, -0.75001115, -0.6614252), (0, -0.75001115, -0.6614252), (0, -0.75001115, -0.6614252), (0, -0.75001115, -0.6614252), (0, -0.70841306, -0.7057981), (0, -0.70841306, -0.7057981), (1, 0, 0), (0.9386586, -0.27082965, -0.21347481), (0.865586, -0.2664345, -0.42399728), (0.92388994, 0, -0.3826582), (0, -0.7482974, -0.66336346), (0, -0.7482974, -0.66336346), (0, -0.70841306, -0.7057981), (0, -0.70841306, -0.7057981), (-1, 0, 0), (-0.92388994, 0, -0.3826582), (-0.865586, -0.2664345, -0.42399728), (-0.9386586, -0.2708297, -0.21347484), (0.33016607, -0.72170913, -0.60838), (0.33868837, -0.2370185, -0.91055614), (0.865586, -0.2664345, -0.42399728), (-0.865586, -0.2664345, -0.42399728), (-0.33868837, -0.2370185, -0.91055614), (-0.33016604, -0.72170913, -0.60838), (0.9111986, -0.40664303, -0.066018745), (0.87361217, -0.47640145, -0.09921361), (0.4042396, -0.8871909, -0.22244686), (0.3723426, -0.91611403, -0.14864692), (-0.4042396, -0.8871909, -0.22244686), (-0.87361217, -0.47640148, -0.09921361), (-0.9111986, -0.40664306, -0.066018745), (-0.3723426, -0.91611403, -0.14864692), (-0.3723426, -0.91611403, -0.14864692), (-0.9111986, -0.40664306, -0.066018745), (-0.8847405, -0.3543284, -0.3027964), (-0.33658236, -0.70785433, -0.62101096), (0.37169468, -0.63301843, -0.679066), (0.9386586, -0.27082965, -0.21347481), (0.8847405, -0.3543284, -0.3027964), (0.33658236, -0.70785433, -0.621011), (-0.8847405, -0.3543284, -0.3027964), (-0.9386586, -0.2708297, -0.21347484), (-0.37169468, -0.63301843, -0.679066), (-0.33658236, -0.70785433, -0.62101096), (0.8847405, -0.3543284, -0.3027964), (0.9111986, -0.40664303, -0.066018745), (0.3723426, -0.91611403, -0.14864692), (0.33658236, -0.70785433, -0.621011), (0.92388994, 0, -0.3826582), (0.865586, -0.2664345, -0.42399728), (0.33868837, -0.2370185, -0.91055614), (0.38270858, 0, -0.9238691), (0, -0.27808836, -0.96055543), (0, -0.27808836, -0.96055543), (0, -0.7482974, -0.66336346), (0, -0.7482974, -0.66336346), (-0.33868837, -0.2370185, -0.91055614), (-0.865586, -0.2664345, -0.42399728), (-0.92388994, 0, -0.3826582), (-0.38270858, 0, -0.9238691), (0.9386586, -0.27082965, -0.21347481), (0.37169468, -0.63301843, -0.679066), (0.33016607, -0.72170913, -0.60838), (0.865586, -0.2664345, -0.42399728), (-0.9386586, -0.2708297, -0.21347484), (-0.865586, -0.2664345, -0.42399728), (-0.33016604, -0.72170913, -0.60838), (-0.37169468, -0.63301843, -0.679066), (0, -0.39564475, 0.9184037), (0, -0.39564472, 0.9184037), (0, -0.3956447, 0.91840357), (0, -0.39564472, 0.91840357), (0, -0.88624495, -0.46321705), (0, -0.88624495, -0.46321705), (0, -0.97114486, -0.23849013), (0, -0.9711449, -0.23849013), (0.4042396, -0.8871909, -0.22244686), (0.87361217, -0.47640145, -0.09921361), (0.68841875, -0.65202165, -0.31772235), (0.36427182, -0.83030957, -0.42177254), (0, 0.90883154, 0.4171632), (0, 0.90883154, 0.41716316), (0, 0.90883154, 0.41716316), (0, 0.90883154, 0.4171632), (-0.4042396, -0.8871909, -0.22244686), (-0.36427182, -0.83030957, -0.42177254), (-0.68841875, -0.65202165, -0.31772235), (-0.87361217, -0.47640148, -0.09921361), (0.4042396, -0.8871909, -0.22244686), (0, -0.9711449, -0.23849013), (0, -0.98708695, -0.16018504), (0.3723426, -0.91611403, -0.14864692), (-0.3723426, -0.91611403, -0.14864692), (0, -0.98708695, -0.16018504), (0, -0.97114486, -0.23849013), (-0.4042396, -0.8871909, -0.22244686), (0.33868837, -0.2370185, -0.91055614), (0, -0.27808836, -0.96055543), (0, 0, -1), (0.38270858, 0, -0.9238691), (-0.38270858, 0, -0.9238691), (0, 0, -1), (0, -0.27808836, -0.96055543), (-0.33868837, -0.2370185, -0.91055614), (0, 0, 1), (0, 0, 1), (0, 0, 1), (0, 0, 1), (0, 0, 1), (0, 0, 1), (0, 0, 1), (0, 0, 1), (0.3723426, -0.91611403, -0.14864692), (0, -0.98708695, -0.16018504), (0, -0.75001115, -0.6614252), (0.33658236, -0.70785433, -0.621011), (-0.33658236, -0.70785433, -0.62101096), (0, -0.75001115, -0.6614252), (0, -0.98708695, -0.16018504), (-0.3723426, -0.91611403, -0.14864692), (0.33658236, -0.70785433, -0.621011), (0, -0.75001115, -0.6614252), (0, -0.70841306, -0.7057981), (0.37169468, -0.63301843, -0.679066), (-0.37169468, -0.63301843, -0.679066), (0, -0.70841306, -0.7057981), (0, -0.75001115, -0.6614252), (-0.33658236, -0.70785433, -0.62101096), (-0.33016604, -0.72170913, -0.60838), (0, -0.7482974, -0.66336346), (0, -0.70841306, -0.7057981), (-0.37169468, -0.63301843, -0.679066), (0.37169468, -0.63301843, -0.679066), (0, -0.70841306, -0.7057981), (0, -0.7482974, -0.66336346), (0.33016607, -0.72170913, -0.60838), (-0.33868837, -0.2370185, -0.91055614), (0, -0.27808836, -0.96055543), (0, -0.7482974, -0.66336346), (-0.33016604, -0.72170913, -0.60838), (0.33016607, -0.72170913, -0.60838), (0, -0.7482974, -0.66336346), (0, -0.27808836, -0.96055543), (0.33868837, -0.2370185, -0.91055614), (0, -0.39564472, 0.9184036), (0, -0.39564472, 0.9184036), (0, -0.39564475, 0.9184037), (0, -0.39564472, 0.91840357), (0, -0.39564472, 0.9184037), (0, -0.3956447, 0.9184036), (0, -0.3956447, 0.9184036), (0, -0.3956447, 0.91840357), (0.36427182, -0.83030957, -0.42177254), (0, -0.88624495, -0.46321705), (0, -0.9711449, -0.23849013), (0.4042396, -0.8871909, -0.22244686), (-0.4042396, -0.8871909, -0.22244686), (0, -0.97114486, -0.23849013), (0, -0.88624495, -0.46321705), (-0.36427182, -0.83030957, -0.42177254), (0, 0.90883154, 0.41716322), (0, 0.90883154, 0.4171632), (0, 0.90883154, 0.4171632), (0, 0.90883154, 0.41716322), (0, 0.90883154, 0.41716316), (0, 0.90883154, 0.41716316), (0, 0.90883154, 0.41716316), (0, 0.90883154, 0.41716316), (0.1840955, -0.21646948, 0.95877516), (0.18630743, -0.21637723, 0.9583687), (-0.18630743, -0.21637723, 0.9583687), (-0.1840955, -0.21646948, 0.95877516), (0, 0, -1), (0, -0.2489593, -0.96851397), (0, -0.2489593, -0.96851397), (0, 0, -1), (1, 0, 0), (1, 0, 0), (1, 0, 0), (1, 0, 0), (0, 0, 1), (0, 0.3193507, 0.94763666), (0, 0.3193507, 0.94763666), (0, 0, 1), (-1, 0, 0), (-1, 0, 0), (-1, 0, 0), (-1, 0, 0), (0, -0.2489593, -0.96851397), (0, -0.74460477, -0.6675056), (0, -0.74460477, -0.6675056), (0, -0.2489593, -0.96851397), (1, 0, 0), (1, 0, 0), (1, 0, 0), (1, 0, 0), (0, 0.3193507, 0.94763666), (0, 0.81333387, 0.5817972), (0, 0.81333387, 0.5817972), (0, 0.3193507, 0.94763666), (-1, 0, 0), (-1, 0, 0), (-1, 0, 0), (-1, 0, 0), (0, -0.74460477, -0.6675056), (0.0000034529708, -0.9408604, -0.3387942), (-0.0000030839915, -0.9408616, -0.3387913), (0, -0.74460477, -0.6675056), (1, 0, 0), (0.96978587, -0.07307176, 0.23275748), (0.97445273, -0.06727126, 0.21428101), (1, 0, 0), (0, 0.81333387, 0.5817972), (0.0000112393345, 0.9554485, 0.295158), (-0.000010798913, 0.95545065, 0.29515073), (0, 0.81333387, 0.5817972), (-1, 0, 0), (-1, 0, 0), (-0.9744574, -0.06726533, 0.21426208), (-0.9697911, -0.0730654, 0.23273718), (0.0000034529708, -0.9408604, -0.3387942), (0.000008240681, -0.96155393, -0.27461636), (0.0000038629305, -0.9615543, -0.27461496), (-0.0000030839915, -0.9408616, -0.3387913), (-0.000018087372, -0.96155626, -0.27460814), (-0.000018087372, -0.9615563, -0.2746081), (-0.0000030839915, -0.9408616, -0.3387913), (0.0000038629305, -0.9615543, -0.27461496), (0.0000112393345, 0.9554485, 0.295158), (0.000027659386, 0.96426934, 0.26492378), (0.000014235064, 0.9642707, 0.264919), (-0.000010798913, 0.95545065, 0.29515073), (-0.00006116168, 0.964278, 0.26489222), (-0.00006116168, 0.964278, 0.26489222), (-0.000010798913, 0.95545065, 0.29515073), (0.000014235064, 0.9642707, 0.264919), (0.18630743, -0.21637723, 0.9583687), (0.1840955, -0.21646948, 0.95877516), (0.6666367, -0.1829498, 0.72258204), (0.67828834, -0.18140794, 0.71205056), (-0.66665184, -0.18294543, 0.7225692), (-0.1840955, -0.21646948, 0.95877516), (-0.18630743, -0.21637723, 0.9583687), (-0.67830414, -0.18140328, 0.7120368), (0.96978587, -0.07307176, 0.23275748), (0.67828834, -0.18140794, 0.71205056), (0.6666367, -0.1829498, 0.72258204), (0.97445273, -0.06727126, 0.21428101), (-0.66665184, -0.18294543, 0.7225692), (-0.67830414, -0.18140328, 0.7120368), (-0.9697911, -0.0730654, 0.23273718), (-0.9744574, -0.06726533, 0.21426208), (0, 0, -1), (0, 0, -1), (0, 0, -1), (0, 0, -1), (1, 0, 0), (1, 0, 0), (1, 0, 0), (1, 0, 0), (0, 0, 1), (0, 0, 1), (0, 0, 1), (0, 0, 1), (-1, 0, 0), (-1, 0, 0), (-1, 0, 0), (-1, 0, 0), (0, -1, 0), (0, -1, 0), (0, -1, 0), (0, -1, 0), (0.36499926, -0.6853846, -0.63009804), (0.18484104, -0.7070587, -0.68257), (0.26134565, -0.00017174878, -0.9652452), (0.50102174, -0.00016547943, -0.8654346), (0.030665996, -0.99812317, -0.053007293), (-0.000027732885, -0.99999994, 0.00012489811), (0.18484104, -0.7070587, -0.68257), (0.36499926, -0.6853846, -0.63009804), (-0.33254206, -0.74832314, 0.5739585), (-0.18497777, -0.70694494, 0.6826507), (-0.000027732885, -0.99999994, 0.00012489811), (0.030665996, -0.99812317, -0.053007293), (-0.5014311, -0.00018847224, 0.8651976), (-0.2615711, -0.00017176967, 0.9651841), (-0.18497777, -0.70694494, 0.6826507), (-0.33254206, -0.74832314, 0.5739585), (-0.18493573, 0.7071059, 0.6824955), (-0.2615711, -0.00017176967, 0.9651841), (-0.5014311, -0.00018847224, 0.8651976), (-0.33243206, 0.7485177, 0.5737685), (-0.000027698046, 1, 0.00012477467), (-0.18493573, 0.7071059, 0.6824955), (-0.33243206, 0.7485177, 0.5737685), (0.03060681, 0.9981304, -0.052904945), (0.18479903, 0.7072194, -0.6824149), (-0.000027698046, 1, 0.00012477467), (0.03060681, 0.9981304, -0.052904945), (0.3649477, 0.6854937, -0.6300092), (0.26134565, -0.00017174878, -0.9652452), (0.18479903, 0.7072194, -0.6824149), (0.3649477, 0.6854937, -0.6300092), (0.50102174, -0.00016547943, -0.8654346), (0.36499926, -0.6853846, -0.63009804), (0.50102174, -0.00016547943, -0.8654346), (0.86534375, -0.00016553604, -0.5011787), (0.6301801, -0.68536264, -0.36489874), (0.030665996, -0.99812317, -0.053007293), (0.36499926, -0.6853846, -0.63009804), (0.6301801, -0.68536264, -0.36489874), (0.05317309, -0.99811137, -0.030761858), (-0.33254206, -0.74832314, 0.5739585), (0.030665996, -0.99812317, -0.053007293), (0.05317309, -0.99811137, -0.030761858), (-0.57412386, -0.74820113, 0.3325311), (-0.5014311, -0.00018847224, 0.8651976), (-0.33254206, -0.74832314, 0.5739585), (-0.57412386, -0.74820113, 0.3325311), (-0.8654138, -0.00018845979, 0.50105774), (-0.33243206, 0.7485177, 0.5737685), (-0.5014311, -0.00018847224, 0.8651976), (-0.8654138, -0.00018845979, 0.50105774), (-0.57393414, 0.74839544, 0.3324211), (0.03060681, 0.9981304, -0.052904945), (-0.33243206, 0.7485177, 0.5737685), (-0.57393414, 0.74839544, 0.3324211), (0.053070437, 0.9981187, -0.030702496), (0.3649477, 0.6854937, -0.6300092), (0.03060681, 0.9981304, -0.052904945), (0.053070437, 0.9981187, -0.030702496), (0.6300912, 0.6854717, -0.36484727), (0.50102174, -0.00016547943, -0.8654346), (0.3649477, 0.6854937, -0.6300092), (0.6300912, 0.6854717, -0.36484727), (0.86534375, -0.00016553604, -0.5011787), (0.6301801, -0.68536264, -0.36489874), (0.86534375, -0.00016553604, -0.5011787), (0.99126834, -0.00016756644, -0.13185996), (0.7140883, -0.69358957, -0.09492798), (0.05317309, -0.99811137, -0.030761858), (0.6301801, -0.68536264, -0.36489874), (0.7140883, -0.69358957, -0.09492798), (0.03170922, -0.9994884, -0.0041689607), (-0.57412386, -0.74820113, 0.3325311), (0.05317309, -0.99811137, -0.030761858), (0.03170922, -0.9994884, -0.0041689607), (-0.6820021, -0.7256942, 0.090780176), (-0.8654138, -0.00018845979, 0.50105774), (-0.57412386, -0.74820113, 0.3325311), (-0.6820021, -0.7256942, 0.090780176), (-0.9912477, -0.00017876654, 0.13201514), (-0.6818132, 0.72587484, 0.090755045), (-0.57393414, 0.74839544, 0.3324211), (-0.8654138, -0.00018845979, 0.50105774), (-0.9912477, -0.00017876654, 0.13201514), (0.031648155, 0.9994904, -0.004160947), (0.053070437, 0.9981187, -0.030702496), (-0.57393414, 0.74839544, 0.3324211), (-0.6818132, 0.72587484, 0.090755045), (0.71395814, 0.693726, -0.0949107), (0.6300912, 0.6854717, -0.36484727), (0.053070437, 0.9981187, -0.030702496), (0.031648155, 0.9994904, -0.004160947), (0.99126834, -0.00016756644, -0.13185996), (0.86534375, -0.00016553604, -0.5011787), (0.6300912, 0.6854717, -0.36484727), (0.71395814, 0.693726, -0.0949107), (0.7140883, -0.69358957, -0.09492798), (0.99126834, -0.00016756644, -0.13185996), (0.9912684, -0.00016754495, 0.13185918), (0.7140885, -0.6935892, 0.09492946), (0.03170922, -0.9994884, -0.0041689607), (0.7140883, -0.69358957, -0.09492798), (0.7140885, -0.6935892, 0.09492946), (0.03170882, -0.9994884, 0.004168838), (-0.6820021, -0.7256942, 0.090780176), (0.03170922, -0.9994884, -0.0041689607), (0.03170882, -0.9994884, 0.004168838), (-0.68200135, -0.7256947, -0.09078183), (-0.9912477, -0.00017876654, 0.13201514), (-0.6820021, -0.7256942, 0.090780176), (-0.68200135, -0.7256947, -0.09078183), (-0.9912477, -0.00017877665, -0.13201495), (-0.6818132, 0.72587484, 0.090755045), (-0.9912477, -0.00017876654, 0.13201514), (-0.9912477, -0.00017877665, -0.13201495), (-0.6818124, 0.7258753, -0.09075667), (0.031648155, 0.9994904, -0.004160947), (-0.6818132, 0.72587484, 0.090755045), (-0.6818124, 0.7258753, -0.09075667), (0.03164778, 0.9994904, 0.004160822), (0.71395814, 0.693726, -0.0949107), (0.031648155, 0.9994904, -0.004160947), (0.03164778, 0.9994904, 0.004160822), (0.7139583, 0.69372565, 0.094912186), (0.99126834, -0.00016756644, -0.13185996), (0.71395814, 0.693726, -0.0949107), (0.7139583, 0.69372565, 0.094912186), (0.9912684, -0.00016754495, 0.13185918), (0.63018, -0.6853625, 0.36489925), (0.7140885, -0.6935892, 0.09492946), (0.9912684, -0.00016754495, 0.13185918), (0.8653436, -0.00016551322, 0.5011791), (0.053172678, -0.9981114, 0.030761763), (0.03170882, -0.9994884, 0.004168838), (0.7140885, -0.6935892, 0.09492946), (0.63018, -0.6853625, 0.36489925), (-0.5741237, -0.74820095, -0.3325318), (-0.68200135, -0.7256947, -0.09078183), (0.03170882, -0.9994884, 0.004168838), (0.053172678, -0.9981114, 0.030761763), (-0.8654131, -0.00018846981, -0.50105894), (-0.9912477, -0.00017877665, -0.13201495), (-0.68200135, -0.7256947, -0.09078183), (-0.5741237, -0.74820095, -0.3325318), (-0.6818124, 0.7258753, -0.09075667), (-0.9912477, -0.00017877665, -0.13201495), (-0.8654131, -0.00018846981, -0.50105894), (-0.57393396, 0.7483953, -0.33242184), (0.03164778, 0.9994904, 0.004160822), (-0.6818124, 0.7258753, -0.09075667), (-0.57393396, 0.7483953, -0.33242184), (0.05307005, 0.99811864, 0.0307024), (0.7139583, 0.69372565, 0.094912186), (0.03164778, 0.9994904, 0.004160822), (0.05307005, 0.99811864, 0.0307024), (0.6300911, 0.68547153, 0.36484778), (0.9912684, -0.00016754495, 0.13185918), (0.7139583, 0.69372565, 0.094912186), (0.6300911, 0.68547153, 0.36484778), (0.8653436, -0.00016551322, 0.5011791), (0.63018, -0.6853625, 0.36489925), (0.8653436, -0.00016551322, 0.5011791), (0.501011, -0.00016547609, 0.8654409), (0.365009, -0.685359, 0.6301203), (0.053172678, -0.9981114, 0.030761763), (0.63018, -0.6853625, 0.36489925), (0.365009, -0.685359, 0.6301203), (0.030674202, -0.9981232, 0.05300078), (-0.5741237, -0.74820095, -0.3325318), (0.053172678, -0.9981114, 0.030761763), (0.030674202, -0.9981232, 0.05300078), (-0.33240962, -0.7483966, -0.57393956), (-0.8654131, -0.00018846981, -0.50105894), (-0.5741237, -0.74820095, -0.3325318), (-0.33240962, -0.7483966, -0.57393956), (-0.50120485, -0.00018857738, -0.8653286), (-0.57393396, 0.7483953, -0.33242184), (-0.8654131, -0.00018846981, -0.50105894), (-0.50120485, -0.00018857738, -0.8653286), (-0.3322995, 0.748591, -0.5737496), (0.05307005, 0.99811864, 0.0307024), (-0.57393396, 0.7483953, -0.33242184), (-0.3322995, 0.748591, -0.5737496), (0.030615004, 0.99813056, 0.052898504), (0.6300911, 0.68547153, 0.36484778), (0.05307005, 0.99811864, 0.0307024), (0.030615004, 0.99813056, 0.052898504), (0.36495745, 0.68546814, 0.6300314), (0.8653436, -0.00016551322, 0.5011791), (0.6300911, 0.68547153, 0.36484778), (0.36495745, 0.68546814, 0.6300314), (0.501011, -0.00016547609, 0.8654409), (0.365009, -0.685359, 0.6301203), (0.501011, -0.00016547609, 0.8654409), (0.13178432, -0.00016740989, 0.99127847), (0.095005356, -0.6934461, 0.7142174), (0.030674202, -0.9981232, 0.05300078), (0.365009, -0.685359, 0.6301203), (0.095005356, -0.6934461, 0.7142174), (0.0042126942, -0.9994933, 0.031549886), (-0.33240962, -0.7483966, -0.57393956), (0.030674202, -0.9981232, 0.05300078), (0.0042126942, -0.9994933, 0.031549886), (-0.09066549, -0.72567976, -0.6820328), (-0.50120485, -0.00018857738, -0.8653286), (-0.33240962, -0.7483966, -0.57393956), (-0.09066549, -0.72567976, -0.6820328), (-0.13164593, -0.00017881917, -0.99129677), (-0.09064032, 0.72586024, -0.6818439), (-0.3322995, 0.748591, -0.5737496), (-0.50120485, -0.00018857738, -0.8653286), (-0.13164593, -0.00017881917, -0.99129677), (0.0042045703, 0.99949527, 0.031489123), (0.030615004, 0.99813056, 0.052898504), (-0.3322995, 0.748591, -0.5737496), (-0.09064032, 0.72586024, -0.6818439), (0.09498801, 0.6935825, 0.7140873), (0.36495745, 0.68546814, 0.6300314), (0.030615004, 0.99813056, 0.052898504), (0.0042045703, 0.99949527, 0.031489123), (0.13178432, -0.00016740989, 0.99127847), (0.501011, -0.00016547609, 0.8654409), (0.36495745, 0.68546814, 0.6300314), (0.09498801, 0.6935825, 0.7140873), (0.095005356, -0.6934461, 0.7142174), (0.13178432, -0.00016740989, 0.99127847), (-0.13185318, -0.00016743994, 0.99126923), (-0.09494931, -0.6934783, 0.7141936), (0.0042126942, -0.9994933, 0.031549886), (0.095005356, -0.6934461, 0.7142174), (-0.09494931, -0.6934783, 0.7141936), (-0.0042134156, -0.99949336, 0.03154785), (-0.09066549, -0.72567976, -0.6820328), (0.0042126942, -0.9994933, 0.031549886), (-0.0042134156, -0.99949336, 0.03154785), (0.090643264, -0.72566915, -0.682047), (-0.13164593, -0.00017881917, -0.99129677), (-0.09066549, -0.72567976, -0.6820328), (0.090643264, -0.72566915, -0.682047), (0.13178329, -0.00017879244, -0.9912786), (-0.09064032, 0.72586024, -0.6818439), (-0.13164593, -0.00017881917, -0.99129677), (0.13178329, -0.00017879244, -0.9912786), (0.09061818, 0.7258497, -0.6818581), (0.0042045703, 0.99949527, 0.031489123), (-0.09064032, 0.72586024, -0.6818439), (0.09061818, 0.7258497, -0.6818581), (-0.00420529, 0.9994953, 0.03148706), (0.09498801, 0.6935825, 0.7140873), (0.0042045703, 0.99949527, 0.031489123), (-0.00420529, 0.9994953, 0.03148706), (-0.09493202, 0.69361466, 0.71406347), (0.13178432, -0.00016740989, 0.99127847), (0.09498801, 0.6935825, 0.7140873), (-0.09493202, 0.69361466, 0.71406347), (-0.13185318, -0.00016743994, 0.99126923), (-0.3648794, -0.68548226, 0.63006115), (-0.09494931, -0.6934783, 0.7141936), (-0.13185318, -0.00016743994, 0.99126923), (-0.50109655, -0.00016556791, 0.8653913), (-0.030758819, -0.9981159, 0.05309076), (-0.0042134156, -0.99949336, 0.03154785), (-0.09494931, -0.6934783, 0.7141936), (-0.3648794, -0.68548226, 0.63006115), (0.3323412, -0.74840194, -0.57397205), (0.090643264, -0.72566915, -0.682047), (-0.0042134156, -0.99949336, 0.03154785), (-0.030758819, -0.9981159, 0.05309076), (0.501088, -0.00018860922, -0.86539626), (0.13178329, -0.00017879244, -0.9912786), (0.090643264, -0.72566915, -0.682047), (0.3323412, -0.74840194, -0.57397205), (0.09061818, 0.7258497, -0.6818581), (0.13178329, -0.00017879244, -0.9912786), (0.501088, -0.00018860922, -0.86539626), (0.33223128, 0.7485964, -0.57378215), (-0.00420529, 0.9994953, 0.03148706), (0.09061818, 0.7258497, -0.6818581), (0.33223128, 0.7485964, -0.57378215), (-0.030699456, 0.99812317, 0.052988287), (-0.09493202, 0.69361466, 0.71406347), (-0.00420529, 0.9994953, 0.03148706), (-0.030699456, 0.99812317, 0.052988287), (-0.36482793, 0.68559134, 0.62997234), (-0.13185318, -0.00016743994, 0.99126923), (-0.09493202, 0.69361466, 0.71406347), (-0.36482793, 0.68559134, 0.62997234), (-0.50109655, -0.00016556791, 0.8653913), (-0.3648794, -0.68548226, 0.63006115), (-0.50109655, -0.00016556791, 0.8653913), (-0.86539537, -0.00016556834, 0.50108963), (-0.6300717, -0.68547827, 0.36486864), (-0.030758819, -0.9981159, 0.05309076), (-0.3648794, -0.68548226, 0.63006115), (-0.6300717, -0.68547827, 0.36486864), (-0.053096943, -0.99811536, 0.03076535), (0.3323412, -0.74840194, -0.57397205), (-0.030758819, -0.9981159, 0.05309076), (-0.053096943, -0.99811536, 0.03076535), (0.57399887, -0.74838614, -0.33233014), (0.501088, -0.00018860922, -0.86539626), (0.3323412, -0.74840194, -0.57397205), (0.57399887, -0.74838614, -0.33233014), (0.8654055, -0.00018858664, -0.50107217), (0.33223128, 0.7485964, -0.57378215), (0.501088, -0.00018860922, -0.86539626), (0.8654055, -0.00018858664, -0.50107217), (0.57380897, 0.7485806, -0.33222017), (-0.030699456, 0.99812317, 0.052988287), (0.33223128, 0.7485964, -0.57378215), (0.57380897, 0.7485806, -0.33222017), (-0.052994464, 0.9981226, 0.03070599), (-0.36482793, 0.68559134, 0.62997234), (-0.030699456, 0.99812317, 0.052988287), (-0.052994464, 0.9981226, 0.03070599), (-0.6299829, 0.6855874, 0.36481717), (-0.50109655, -0.00016556791, 0.8653913), (-0.36482793, 0.68559134, 0.62997234), (-0.6299829, 0.6855874, 0.36481717), (-0.86539537, -0.00016556834, 0.50108963), (-0.6300717, -0.68547827, 0.36486864), (-0.86539537, -0.00016556834, 0.50108963), (-0.99127126, -0.00016741626, 0.13183823), (-0.7142023, -0.69346976, 0.0949455), (-0.053096943, -0.99811536, 0.03076535), (-0.6300717, -0.68547827, 0.36486864), (-0.7142023, -0.69346976, 0.0949455), (-0.03155998, -0.999493, 0.004210692), (0.57399887, -0.74838614, -0.33233014), (-0.053096943, -0.99811536, 0.03076535), (-0.03155998, -0.999493, 0.004210692), (0.6820258, -0.7256881, -0.09065144), (0.8654055, -0.00018858664, -0.50107217), (0.57399887, -0.74838614, -0.33233014), (0.6820258, -0.7256881, -0.09065144), (0.99127656, -0.0001788146, -0.13179821), (0.68183696, 0.72586864, -0.09062632), (0.57380897, 0.7485806, -0.33222017), (0.8654055, -0.00018858664, -0.50107217), (0.99127656, -0.0001788146, -0.13179821), (-0.0314992, 0.99949497, 0.004202578), (-0.052994464, 0.9981226, 0.03070599), (0.57380897, 0.7485806, -0.33222017), (0.68183696, 0.72586864, -0.09062632), (-0.7140721, 0.69360626, 0.0949282), (-0.6299829, 0.6855874, 0.36481717), (-0.052994464, 0.9981226, 0.03070599), (-0.0314992, 0.99949497, 0.004202578), (-0.99127126, -0.00016741626, 0.13183823), (-0.86539537, -0.00016556834, 0.50108963), (-0.6299829, 0.6855874, 0.36481717), (-0.7140721, 0.69360626, 0.0949282), (-0.7142023, -0.69346976, 0.0949455), (-0.99127126, -0.00016741626, 0.13183823), (-0.99127114, -0.00016742705, -0.131839), (-0.7142021, -0.69347024, -0.09494403), (-0.03155998, -0.999493, 0.004210692), (-0.7142023, -0.69346976, 0.0949455), (-0.7142021, -0.69347024, -0.09494403), (-0.031560373, -0.999493, -0.0042108153), (0.6820258, -0.7256881, -0.09065144), (-0.03155998, -0.999493, 0.004210692), (-0.031560373, -0.999493, -0.0042108153), (0.68202657, -0.7256875, 0.09064981), (0.99127656, -0.0001788146, -0.13179821), (0.6820258, -0.7256881, -0.09065144), (0.68202657, -0.7256875, 0.09064981), (0.9912766, -0.00017881453, 0.1317984), (0.68183696, 0.72586864, -0.09062632), (0.99127656, -0.0001788146, -0.13179821), (0.9912766, -0.00017881453, 0.1317984), (0.68183774, 0.72586805, 0.0906247), (-0.0314992, 0.99949497, 0.004202578), (0.68183696, 0.72586864, -0.09062632), (0.68183774, 0.72586805, 0.0906247), (-0.031499572, 0.99949497, -0.004202692), (-0.7140721, 0.69360626, 0.0949282), (-0.0314992, 0.99949497, 0.004202578), (-0.031499572, 0.99949497, -0.004202692), (-0.714072, 0.6936066, -0.09492671), (-0.99127126, -0.00016741626, 0.13183823), (-0.7140721, 0.69360626, 0.0949282), (-0.714072, 0.6936066, -0.09492671), (-0.99127114, -0.00016742705, -0.131839), (-0.6300718, -0.68547857, -0.3648682), (-0.7142021, -0.69347024, -0.09494403), (-0.99127114, -0.00016742705, -0.131839), (-0.86539567, -0.0001655798, -0.5010892), (-0.053097345, -0.99811536, -0.030765448), (-0.031560373, -0.999493, -0.0042108153), (-0.7142021, -0.69347024, -0.09494403), (-0.6300718, -0.68547857, -0.3648682), (0.5739991, -0.74838644, 0.33232945), (0.68202657, -0.7256875, 0.09064981), (-0.031560373, -0.999493, -0.0042108153), (-0.053097345, -0.99811536, -0.030765448), (0.8654061, -0.00018860659, 0.5010711), (0.9912766, -0.00017881453, 0.1317984), (0.68202657, -0.7256875, 0.09064981), (0.5739991, -0.74838644, 0.33232945), (0.68183774, 0.72586805, 0.0906247), (0.9912766, -0.00017881453, 0.1317984), (0.8654061, -0.00018860659, 0.5010711), (0.57380915, 0.7485808, 0.33221945), (-0.031499572, 0.99949497, -0.004202692), (0.68183774, 0.72586805, 0.0906247), (0.57380915, 0.7485808, 0.33221945), (-0.052994862, 0.9981226, -0.030706096), (-0.714072, 0.6936066, -0.09492671), (-0.031499572, 0.99949497, -0.004202692), (-0.052994862, 0.9981226, -0.030706096), (-0.6299829, 0.6855875, -0.3648167), (-0.99127114, -0.00016742705, -0.131839), (-0.714072, 0.6936066, -0.09492671), (-0.6299829, 0.6855875, -0.3648167), (-0.86539567, -0.0001655798, -0.5010892), (-0.6300718, -0.68547857, -0.3648682), (-0.86539567, -0.0001655798, -0.5010892), (-0.5011006, -0.00016555528, -0.86538905), (-0.36488602, -0.6854783, -0.6300616), (-0.053097345, -0.99811536, -0.030765448), (-0.6300718, -0.68547857, -0.3648682), (-0.36488602, -0.6854783, -0.6300616), (-0.030753706, -0.99811655, -0.05307995), (0.5739991, -0.74838644, 0.33232945), (-0.053097345, -0.99811536, -0.030765448), (-0.030753706, -0.99811655, -0.05307995), (0.3324462, -0.7483464, 0.57398367), (0.8654061, -0.00018860659, 0.5010711), (0.5739991, -0.74838644, 0.33232945), (0.3324462, -0.7483464, 0.57398367), (0.5012638, -0.00018854554, 0.8652945), (0.57380915, 0.7485808, 0.33221945), (0.8654061, -0.00018860659, 0.5010711), (0.5012638, -0.00018854554, 0.8652945), (0.33233622, 0.7485408, 0.57379365), (-0.052994862, 0.9981226, -0.030706096), (0.57380915, 0.7485808, 0.33221945), (0.33233622, 0.7485408, 0.57379365), (-0.03069437, 0.9981238, -0.05297749), (-0.6299829, 0.6855875, -0.3648167), (-0.052994862, 0.9981226, -0.030706096), (-0.03069437, 0.9981238, -0.05297749), (-0.3648346, 0.68558735, -0.6299728), (-0.86539567, -0.0001655798, -0.5010892), (-0.6299829, 0.6855875, -0.3648167), (-0.3648346, 0.68558735, -0.6299728), (-0.5011006, -0.00016555528, -0.86538905), (-0.36488602, -0.6854783, -0.6300616), (-0.5011006, -0.00016555528, -0.86538905), (-0.2613356, -0.00017169611, -0.965248), (-0.18483879, -0.7070392, -0.6825908), (-0.030753706, -0.99811655, -0.05307995), (-0.36488602, -0.6854783, -0.6300616), (-0.18483879, -0.7070392, -0.6825908), (0.000045431538, -1, 0.00025866955), (0.3324462, -0.7483464, 0.57398367), (-0.030753706, -0.99811655, -0.05307995), (0.000045431538, -1, 0.00025866955), (0.18495259, -0.70696646, 0.68263525), (0.5012638, -0.00018854554, 0.8652945), (0.3324462, -0.7483464, 0.57398367), (0.18495259, -0.70696646, 0.68263525), (0.2615711, -0.00017178599, 0.96518415), (0.18491058, 0.70712733, 0.68248), (0.33233622, 0.7485408, 0.57379365), (0.5012638, -0.00018854554, 0.8652945), (0.2615711, -0.00017178599, 0.96518415), (0.000045370296, 0.9999999, 0.00025827592), (-0.03069437, 0.9981238, -0.05297749), (0.33233622, 0.7485408, 0.57379365), (0.18491058, 0.70712733, 0.68248), (-0.18479672, 0.70719993, -0.6824357), (-0.3648346, 0.68558735, -0.6299728), (-0.03069437, 0.9981238, -0.05297749), (0.000045370296, 0.9999999, 0.00025827592), (-0.2613356, -0.00017169611, -0.965248), (-0.5011006, -0.00016555528, -0.86538905), (-0.3648346, 0.68558735, -0.6299728), (-0.18479672, 0.70719993, -0.6824357), (0.23664047, 0.000011513948, 0.9715973), (0.03898572, 0.000004705131, 0.9992398), (0.03297173, -0.349156, 0.93648434), (0.20819893, -0.3031028, 0.92993647), (0.03297173, -0.349156, 0.93648434), (0.03898572, 0.000004705131, 0.9992398), (0, 0, 1), (0, -0.35910985, 0.93329537), (0, 0, 1), (0.03898572, 0.000004705131, 0.9992398), (0.032973796, 0.34920168, 0.9364673), (0, 0.3591784, 0.93326896), (0.032973796, 0.34920168, 0.9364673), (0.03898572, 0.000004705131, 0.9992398), (0.23664047, 0.000011513948, 0.9715973), (0.20820189, 0.30307445, 0.9299451), (0.24431773, -0.9680938, 0.055705823), (0.04051695, -0.9968729, 0.06784315), (0.042236008, -0.9991076, 0), (0.25257018, -0.9675786, 0), (0.042236008, -0.9991076, 0), (0.04051695, -0.9968729, 0.06784315), (0, -0.9975034, 0.07061756), (0, -1, 0), (0, -0.9975034, 0.07061756), (0.04051695, -0.9968729, 0.06784315), (0.03306566, -0.94539636, 0.32424125), (0, -0.94264597, 0.3337945), (0.03306566, -0.94539636, 0.32424125), (0.04051695, -0.9968729, 0.06784315), (0.24431773, -0.9680938, 0.055705823), (0.2083376, -0.937099, 0.28007317), (0, 0.9975034, 0.07061756), (0.04051695, 0.9968729, 0.06784316), (0.042236008, 0.9991076, 0), (0, 1, 0), (0.042236008, 0.9991076, 0), (0.04051695, 0.9968729, 0.06784316), (0.2443872, 0.9680778, 0.055681147), (0.2526619, 0.96755457, 0), (0.2443872, 0.9680778, 0.055681147), (0.04051695, 0.9968729, 0.06784316), (0.033051737, 0.94536954, 0.32432085), (0.20835069, 0.9370945, 0.28007838), (0.033051737, 0.94536954, 0.32432085), (0.04051695, 0.9968729, 0.06784316), (0, 0.9975034, 0.07061756), (0, 0.94260883, 0.33389908), (0.935632, 0.34859297, 0.05545889), (0.99787587, 0.000004633114, 0.065144226), (1, 0, 0), (0.93327016, 0.35917518, 0), (1, 0, 0), (0.99787587, 0.000004633114, 0.065144226), (0.93565106, -0.34854248, 0.0554561), (0.9332965, -0.35910666, 0), (0.93565106, -0.34854248, 0.0554561), (0.99787587, 0.000004633114, 0.065144226), (0.9493472, 0.000011398551, 0.31422904), (0.910733, -0.30340993, 0.28019258), (0.9493472, 0.000011398551, 0.31422904), (0.99787587, 0.000004633114, 0.065144226), (0.935632, 0.34859297, 0.05545889), (0.9107421, 0.3033773, 0.28019828), (0.2083376, -0.937099, 0.28007317), (0.6369942, -0.7308945, 0.24501336), (0.5164893, -0.61693764, 0.5938239), (0.17608301, -0.70648813, 0.68547016), (0.20819893, -0.3031028, 0.92993647), (0.17608301, -0.70648813, 0.68547016), (0.5164893, -0.61693764, 0.5938239), (0.64385504, -0.26794302, 0.7166988), (0.910733, -0.30340993, 0.28019258), (0.64385504, -0.26794302, 0.7166988), (0.5164893, -0.61693764, 0.5938239), (0.6369942, -0.7308945, 0.24501336), (0.9107421, 0.3033773, 0.28019828), (0.6370291, 0.7308717, 0.2449905), (0.51652825, 0.61686575, 0.5938646), (0.6438642, 0.26789403, 0.71670896), (0.20820189, 0.30307445, 0.9299451), (0.6438642, 0.26789403, 0.71670896), (0.51652825, 0.61686575, 0.5938646), (0.17607011, 0.70645124, 0.68551135), (0.20835069, 0.9370945, 0.28007838), (0.17607011, 0.70645124, 0.68551135), (0.51652825, 0.61686575, 0.5938646), (0.6370291, 0.7308717, 0.2449905), (0.03297173, -0.349156, 0.93648434), (0.026907729, -0.71763706, 0.69589734), (0.17608301, -0.70648813, 0.68547016), (0.20819893, -0.3031028, 0.92993647), (0.17608301, -0.70648813, 0.68547016), (0.026907729, -0.71763706, 0.69589734), (0.03306566, -0.94539636, 0.32424125), (0.2083376, -0.937099, 0.28007317), (0.03306566, -0.94539636, 0.32424125), (0.026907729, -0.71763706, 0.69589734), (0, -0.71792376, 0.6961217), (0, -0.94264597, 0.3337945), (0, -0.71792376, 0.6961217), (0.026907729, -0.71763706, 0.69589734), (0.03297173, -0.349156, 0.93648434), (0, -0.35910985, 0.93329537), (0.032973796, 0.34920168, 0.9364673), (0.02689241, 0.71759915, 0.6959369), (0, 0.7178976, 0.69614863), (0, 0.3591784, 0.93326896), (0, 0.7178976, 0.69614863), (0.02689241, 0.71759915, 0.6959369), (0.033051737, 0.94536954, 0.32432085), (0, 0.94260883, 0.33389908), (0.033051737, 0.94536954, 0.32432085), (0.02689241, 0.71759915, 0.6959369), (0.17607011, 0.70645124, 0.68551135), (0.20835069, 0.9370945, 0.28007838), (0.17607011, 0.70645124, 0.68551135), (0.02689241, 0.71759915, 0.6959369), (0.032973796, 0.34920168, 0.9364673), (0.20820189, 0.30307445, 0.9299451), (0.23664047, 0.000011513948, 0.9715973), (0.6671806, 0.000014191979, 0.74489605), (0.6438642, 0.26789403, 0.71670896), (0.20820189, 0.30307445, 0.9299451), (0.6438642, 0.26789403, 0.71670896), (0.6671806, 0.000014191979, 0.74489605), (0.9493472, 0.000011398551, 0.31422904), (0.9107421, 0.3033773, 0.28019828), (0.9493472, 0.000011398551, 0.31422904), (0.6671806, 0.000014191979, 0.74489605), (0.64385504, -0.26794302, 0.7166988), (0.910733, -0.30340993, 0.28019258), (0.64385504, -0.26794302, 0.7166988), (0.6671806, 0.000014191979, 0.74489605), (0.23664047, 0.000011513948, 0.9715973), (0.20819893, -0.3031028, 0.92993647), (0.24431773, -0.9680938, 0.055705823), (0.6542617, -0.7548367, 0.046510555), (0.6369942, -0.7308945, 0.24501336), (0.2083376, -0.937099, 0.28007317), (0.6369942, -0.7308945, 0.24501336), (0.6542617, -0.7548367, 0.046510555), (0.93565106, -0.34854248, 0.0554561), (0.910733, -0.30340993, 0.28019258), (0.93565106, -0.34854248, 0.0554561), (0.6542617, -0.7548367, 0.046510555), (0.6543293, -0.7562098, 0), (0.9332965, -0.35910666, 0), (0.6543293, -0.7562098, 0), (0.6542617, -0.7548367, 0.046510555), (0.24431773, -0.9680938, 0.055705823), (0.25257018, -0.9675786, 0), (0.2443872, 0.9680778, 0.055681147), (0.654299, 0.7548061, 0.046483617), (0.6543456, 0.7561958, 0), (0.2526619, 0.96755457, 0), (0.6543456, 0.7561958, 0), (0.654299, 0.7548061, 0.046483617), (0.935632, 0.34859297, 0.05545889), (0.93327016, 0.35917518, 0), (0.935632, 0.34859297, 0.05545889), (0.654299, 0.7548061, 0.046483617), (0.6370291, 0.7308717, 0.2449905), (0.9107421, 0.3033773, 0.28019828), (0.6370291, 0.7308717, 0.2449905), (0.654299, 0.7548061, 0.046483617), (0.2443872, 0.9680778, 0.055681147), (0.20835069, 0.9370945, 0.28007838), (-1, 0, 0), (-0.99999994, 0, 0), (-1, 0, 0), (-1, 0, 0), (-1, 0, 0), (-1, 0, 0), (-1, 0, 0), (-1, 0, 0), (-1, 0, 0), (-1, 0, 0), (-1, 0, 0), (-1, 0, 0), (-1, 0, 0), (-1, 0, 0), (-1, 0, 0), (-1, 0, 0), (-1, 0, 0), (-1, 0, 0), (-1, -0.000043012835, 0), (-1, 0, 0), (-1, 0.000043012835, 0), (-1, 0, 0), (-1, 0, 0), (-1, 0, 0), (-1, 0, 0), (-1, 0, 0), (-1, 0, 0), (-1, 0, 0), (-1, 0, 0), (-1, 0, 0), (-1, 0, 0), (-0.99999994, 0, 0), (-1, 0, 0), (-1, 0, 0), (-1, 0, 0), (-0.99999994, 0, 0), (-1, 0, 0), (-0.99999994, 0, 0), (-1, 0, 0), (-1, 0, 0), (0, 0, 1), (0, 0, 1), (0, 0, 1), (0, 0, 0.99999994), (0, 0, 1), (0, 0, 1), (0, 0, 1), (0, 0, 1), (0, 0, 1), (0, 0, 1), (0, 0, 1), (0, 0, 1), (0, 0, 1), (0, 0, 1), (0, 0, 1), (0, 0, 1), (0, 0, 1), (0, 0, 1), (0, 0, 1), (0, 0, 1), (0, 0, 0.99999994), (0, 0, 1), (0, 0, 1), (0, 0, 1), (0, 0, 1), (0, 0, 1), (0, 0, 1), (0, 0, 0.99999994), (0, 0, 0.99999994), (0, 0, 1), (0, 0, 1), (0, 0, 1), (0, 0, 0.99999994), (0, 0, 1), (0, 0, 1), (0, 0, 0.99999994), (0, 0, 1), (0, 0, 0.99999994), (0, 0, 0.99999994), (0, 0, 1), (0, 0, 1), (0, 0, 1), (0, 0, 1), (0, 0, 1), (0, 0, 1), (0, 0, 1), (0, 0, 1), (0, 0, 1), (0, 0, 1), (0, 0, 1), (0, 0, 0.99999994), (0, 0, 1), (0, 0, 1), (0, 0, 1), (0, 0, 1), (0, 0, 1), (0, 0, 1), (0, 0, 1), (0, 0, 1), (0, 0, 1), (0, 0, 1), (0, 0, 1), (0, 0, 1), (0, 0, 1), (0, 0, 1), (0, 0, 1), (0, 0, 1), (0, 0, 1), (-1, 0, 0), (-1, -0.000064563996, 0), (-1, -0.000043012835, 0), (-1, 0, 0), (-1, 0.000064563996, 0), (-1, 0, 0), (-1, 0, 0), (-1, 0.000043012835, 0), (-1, -0.000064563996, 0), (-0.99482095, -0.10164191, 0), (-0.99482095, -0.10164191, 0), (-1, -0.000043012835, 0), (-0.99481857, 0.10166684, 0), (-1, 0.000064563996, 0), (-1, 0.000043012835, 0), (-0.99481857, 0.10166684, 0), (1, 0, 0), (0.93326205, 0.3591963, 0), (0.93326205, 0.3591963, 0), (1, 0, 0), (0.93327755, -0.35915604, 0), (1, 0, 0), (1, 0, 0), (0.93327755, -0.35915604, 0), (0.6543884, -0.75615865, 0), (0.93327755, -0.35915604, 0), (0.93327755, -0.35915604, 0), (0.6543884, -0.75615865, 0), (0.41350362, -0.91050243, 0), (0.6543884, -0.75615865, 0), (0.6543884, -0.75615865, 0), (0.41350362, -0.91050243, 0), (0.6543566, 0.7561861, 0), (0.41350555, 0.9105016, 0), (0.41350555, 0.9105016, 0), (0.6543566, 0.7561861, 0), (0.93326205, 0.3591963, 0), (0.6543566, 0.7561861, 0), (0.6543566, 0.7561861, 0), (0.93326205, 0.3591963, 0), (0.4946686, -0.86908174, 0), (0.017535718, -0.9998462, 0), (0.017535718, -0.9998462, 0), (0.4946686, -0.86908174, 0), (-0.8912238, -0.4535639, 0), (-0.99482095, -0.10164191, 0), (-0.99482095, -0.10164191, 0), (-0.8912238, -0.4535639, 0), (-0.47455502, 0.88022584, 0), (0.017627075, 0.9998447, 0), (0.017627075, 0.9998447, 0), (-0.47455502, 0.88022584, 0), (0.9027587, 0.4301471, 0), (0.9868776, 0.1614701, 0), (0.9868776, 0.1614701, 0), (0.9027587, 0.4301471, 0), (0.9027587, -0.4301471, 0), (0.4946686, -0.86908174, 0), (0.4946686, -0.86908174, 0), (0.9027587, -0.4301471, 0), (0.9868776, -0.1614701, 0), (0.9027587, -0.4301471, 0), (0.9027587, -0.4301471, 0), (0.9868776, -0.1614701, 0), (-0.47457018, -0.8802177, 0), (-0.8912238, -0.4535639, 0), (-0.8912238, -0.4535639, 0), (-0.47457018, -0.8802177, 0), (0.017535718, -0.9998462, 0), (-0.47457018, -0.8802177, 0), (-0.47457018, -0.8802177, 0), (0.017535718, -0.9998462, 0), (-0.8912461, 0.4535201, 0), (-0.47455502, 0.88022584, 0), (-0.47455502, 0.88022584, 0), (-0.8912461, 0.4535201, 0), (-0.99481857, 0.10166684, 0), (-0.8912461, 0.4535201, 0), (-0.8912461, 0.4535201, 0), (-0.99481857, 0.10166684, 0), (0.49466863, 0.86908174, 0), (0.9027587, 0.4301471, 0), (0.9027587, 0.4301471, 0), (0.49466863, 0.86908174, 0), (0.017627075, 0.9998447, 0), (0.49466863, 0.86908174, 0), (0.49466863, 0.86908174, 0), (0.017627075, 0.9998447, 0), (0, -1, -0.0000010673284), (0, -0.8090308, 0.5877662), (0, -0.8090308, 0.5877662), (0, -1, -0.0000010673284), (0, -0.8090308, 0.5877662), (0, -0.30910754, 0.9510271), (0, -0.30910754, 0.9510271), (0, -0.8090308, 0.5877662), (0, -0.30910754, 0.9510271), (0, 0.3090067, 0.9510598), (0, 0.3090067, 0.9510598), (0, -0.30910754, 0.9510271), (0, 0.3090067, 0.9510598), (0, 0.8090694, 0.5877132), (0, 0.8090694, 0.5877132), (0, 0.3090067, 0.9510598), (0, 0.8090694, 0.5877132), (0, 1, -0.0000010472615), (0, 1, -0.0000010472615), (0, 0.8090694, 0.5877132), (0, 1, -0.0000010472615), (0, 0.8089846, -0.5878299), (0, 0.8089846, -0.5878299), (0, 1, -0.0000010472615), (0, 0.8089846, -0.5878299), (0, 0.30887046, -0.9511041), (0, 0.30887046, -0.9511041), (0, 0.8089846, -0.5878299), (0, 0.30887046, -0.9511041), (0, -0.30897135, -0.9510714), (0, -0.30897135, -0.9510714), (0, 0.30887046, -0.9511041), (0, -0.30897135, -0.9510714), (0, -0.808946, -0.58788294), (0, -0.808946, -0.58788294), (0, -0.30897135, -0.9510714), (0, -0.808946, -0.58788294), (0, -1, -0.0000010673284), (0, -1, -0.0000010673284), (0, -0.808946, -0.58788294), (0.9716462, -0.23643965, -2.154927e-7), (1, 0.000013441583, -0.000018766517), (0.9716404, -0.19130628, 0.13898465), (0.9716404, -0.19130628, 0.13898465), (1, 0.000013441583, -0.000018766517), (0.97164553, -0.07308488, 0.22486362), (0.97164553, -0.07308488, 0.22486362), (1, 0.000013441583, -0.000018766517), (0.9716417, 0.07306222, 0.22488716), (0.9716417, 0.07306222, 0.22488716), (1, 0.000013441583, -0.000018766517), (0.97164047, 0.19131406, 0.13897401), (0.97164047, 0.19131406, 0.13897401), (1, 0.000013441583, -0.000018766517), (0.9716341, 0.23648942, -2.1543423e-7), (0.9716341, 0.23648942, -2.1543423e-7), (1, 0.000013441583, -0.000018766517), (0.97164035, 0.19129753, -0.1389977), (0.97164035, 0.19129753, -0.1389977), (1, 0.000013441583, -0.000018766517), (0.9716303, 0.073051766, -0.22494034), (0.9716303, 0.073051766, -0.22494034), (1, 0.000013441583, -0.000018766517), (0.97163403, -0.073074445, -0.22491682), (0.97163403, -0.073074445, -0.22491682), (1, 0.000013441583, -0.000018766517), (0.97164035, -0.19128977, -0.13900836), (0.97164035, -0.19128977, -0.13900836), (1, 0.000013441583, -0.000018766517), (0.9716462, -0.23643965, -2.154927e-7), (0, 0, -1), (0, 0, -1), (0, 0, -1), (0, 0, -1), (0, 0, 1), (0, 0, 1), (0, 0, 1), (0, 0, 1), (0, -1, 0), (0, -1, 0), (0, -1, 0), (0, -1, 0), (1, 0, 0), (1, 0, 0), (1, 0, 0), (1, 0, 0), (0, 1, 0), (0, 1, 0), (0, 1, 0), (0, 1, 0), (-1, 0, 0), (-1, 0, 0), (-1, 0, 0), (-1, 0, 0), (-1, 0, 0.0000016158374), (-0.80896556, 0, 0.58785605), (-0.80896556, 0, 0.58785605), (-1, 0, 0.0000016158374), (-0.80896556, 0, 0.58785605), (-0.30889648, 0, 0.9510956), (-0.30889648, 0, 0.9510956), (-0.80896556, 0, 0.58785605), (-0.30889648, 0, 0.9510956), (0.30891985, 0, 0.951088), (0.30891985, 0, 0.951088), (-0.30889648, 0, 0.9510956), (0.30891985, 0, 0.951088), (0.8089567, 0, 0.5878683), (0.8089567, 0, 0.5878683), (0.30891985, 0, 0.951088), (0.8089567, 0, 0.5878683), (1, 0, 0.000001615879), (1, 0, 0.000001615879), (0.8089567, 0, 0.5878683), (1, 0, 0.000001615879), (0.80895764, 0, -0.58786696), (0.80895764, 0, -0.58786696), (1, 0, 0.000001615879), (0.80895764, 0, -0.58786696), (0.30891985, 0, -0.951088), (0.30891985, 0, -0.951088), (0.80895764, 0, -0.58786696), (0.30891985, 0, -0.951088), (-0.30889648, 0, -0.9510956), (-0.30889648, 0, -0.9510956), (0.30891985, 0, -0.951088), (-0.30889648, 0, -0.9510956), (-0.8089666, 0, -0.58785474), (-0.8089666, 0, -0.58785474), (-0.30889648, 0, -0.9510956), (-0.8089666, 0, -0.58785474), (-1, 0, 0.0000016158374), (-1, 0, 0.0000016158374), (-0.8089666, 0, -0.58785474), (-0.23650442, -0.9716304, 3.158027e-7), (-0.000040985684, -1, 7.584571e-7), (-0.19130903, -0.97163486, 0.13902004), (-0.19130903, -0.97163486, 0.13902004), (-0.000040985684, -1, 7.584571e-7), (-0.07306333, -0.9716275, 0.22494815), (-0.07306333, -0.9716275, 0.22494815), (-0.000040985684, -1, 7.584571e-7), (0.07307187, -0.9716336, 0.22491917), (0.07307187, -0.9716336, 0.22491917), (-0.000040985684, -1, 7.584571e-7), (0.19126582, -0.9716484, 0.13898443), (0.19126582, -0.9716484, 0.13898443), (-0.000040985684, -1, 7.584571e-7), (0.23642382, -0.97165, 3.217266e-7), (0.23642382, -0.97165, 3.217266e-7), (-0.000040985684, -1, 7.584571e-7), (0.19126523, -0.9716486, -0.13898383), (0.19126523, -0.9716486, -0.13898383), (-0.000040985684, -1, 7.584571e-7), (0.07307139, -0.9716339, -0.22491787), (0.07307139, -0.9716339, -0.22491787), (-0.000040985684, -1, 7.584571e-7), (-0.07306284, -0.97162783, -0.22494686), (-0.07306284, -0.97162783, -0.22494686), (-0.000040985684, -1, 7.584571e-7), (-0.19130847, -0.9716351, -0.13901943), (-0.19130847, -0.9716351, -0.13901943), (-0.000040985684, -1, 7.584571e-7), (-0.23650442, -0.9716304, 3.158027e-7), (0.80896556, 0, 0.58785605), (0.80896556, 0, 0.58785605), (1, 0, 0.0000016158374), (1, 0, 0.0000016158374), (0.30889645, 0, 0.9510956), (0.30889645, 0, 0.9510956), (0.80896556, 0, 0.58785605), (0.80896556, 0, 0.58785605), (-0.30889645, 0, 0.9510956), (-0.30889645, 0, 0.9510956), (0.30889645, 0, 0.9510956), (0.30889645, 0, 0.9510956), (-0.8089422, 0, 0.5878881), (-0.8089422, 0, 0.5878881), (-0.30889645, 0, 0.9510956), (-0.30889645, 0, 0.9510956), (-1, 0, 0.000001615879), (-1, 0, 0.000001615879), (-0.8089422, 0, 0.5878881), (-0.8089422, 0, 0.5878881), (-0.8089432, 0, -0.5878868), (-0.8089432, 0, -0.5878868), (-1, 0, 0.000001615879), (-1, 0, 0.000001615879), (-0.30889645, 0, -0.9510956), (-0.30889645, 0, -0.9510956), (-0.8089432, 0, -0.5878868), (-0.8089432, 0, -0.5878868), (0.30889645, 0, -0.9510956), (0.30889645, 0, -0.9510956), (-0.30889645, 0, -0.9510956), (-0.30889645, 0, -0.9510956), (0.8089665, 0, -0.58785474), (0.8089665, 0, -0.58785474), (0.30889645, 0, -0.9510956), (0.30889645, 0, -0.9510956), (1, 0, 0.0000016158374), (1, 0, 0.0000016158374), (0.8089665, 0, -0.58785474), (0.8089665, 0, -0.58785474), (0.23650442, -0.9716304, 3.158027e-7), (0.19130903, -0.97163486, 0.13902004), (0.0000023706016, -1, 7.660322e-7), (0.19130903, -0.97163486, 0.13902004), (0.07306333, -0.9716275, 0.22494815), (0.0000023706016, -1, 7.660322e-7), (0.07306333, -0.9716275, 0.22494815), (-0.07306333, -0.9716275, 0.22494815), (0.0000023706016, -1, 7.660322e-7), (-0.07306333, -0.9716275, 0.22494815), (-0.19130434, -0.97163486, 0.1390265), (0.0000023706016, -1, 7.660322e-7), (-0.19130434, -0.97163486, 0.1390265), (-0.2364929, -0.97163326, 3.246774e-7), (0.0000023706016, -1, 7.660322e-7), (-0.2364929, -0.97163326, 3.246774e-7), (-0.19130376, -0.9716351, -0.13902588), (0.0000023706016, -1, 7.660322e-7), (-0.19130376, -0.9716351, -0.13902588), (-0.07306284, -0.97162783, -0.22494686), (0.0000023706016, -1, 7.660322e-7), (-0.07306284, -0.97162783, -0.22494686), (0.07306284, -0.97162783, -0.22494686), (0.0000023706016, -1, 7.660322e-7), (0.07306284, -0.97162783, -0.22494686), (0.19130847, -0.9716351, -0.13901943), (0.0000023706016, -1, 7.660322e-7), (0.19130847, -0.9716351, -0.13901943), (0.23650442, -0.9716304, 3.158027e-7), (0.0000023706016, -1, 7.660322e-7), (-1, 0, -0.0000016158374), (-0.8090955, 0, 0.5876771), (-0.8090955, 0, 0.5876771), (-1, 0, -0.0000016158374), (-0.8090955, 0, 0.5876771), (-0.30910525, 0, 0.9510279), (-0.30910525, 0, 0.9510279), (-0.8090955, 0, 0.5876771), (-0.30910525, 0, 0.9510279), (0.30912855, 0, 0.95102024), (0.30912855, 0, 0.95102024), (-0.30910525, 0, 0.9510279), (0.30912855, 0, 0.95102024), (0.80908656, 0, 0.5876894), (0.80908656, 0, 0.5876894), (0.30912855, 0, 0.95102024), (0.80908656, 0, 0.5876894), (1, 0, -0.000001615879), (1, 0, -0.000001615879), (0.80908656, 0, 0.5876894), (1, 0, -0.000001615879), (0.8089566, 0, -0.58786833), (0.8089566, 0, -0.58786833), (1, 0, -0.000001615879), (0.8089566, 0, -0.58786833), (0.30891985, 0, -0.951088), (0.30891985, 0, -0.951088), (0.8089566, 0, -0.58786833), (0.30891985, 0, -0.951088), (-0.30889654, 0, -0.95109564), (-0.30889654, 0, -0.95109564), (0.30891985, 0, -0.951088), (-0.30889654, 0, -0.95109564), (-0.8089656, 0, -0.58785605), (-0.8089656, 0, -0.58785605), (-0.30889654, 0, -0.95109564), (-0.8089656, 0, -0.58785605), (-1, 0, -0.0000016158374), (-1, 0, -0.0000016158374), (-0.8089656, 0, -0.58785605), (-0.23650442, -0.9716304, -3.158027e-7), (-0.000040982846, -1, -0.000028734772), (-0.19133441, -0.97163504, 0.13898373), (-0.19133441, -0.97163504, 0.13898373), (-0.000040982846, -1, -0.000028734772), (-0.07307933, -0.9716452, 0.22486666), (-0.07307933, -0.9716452, 0.22486666), (-0.000040982846, -1, -0.000028734772), (0.07308786, -0.9716512, 0.22483769), (0.07308786, -0.9716512, 0.22483769), (-0.000040982846, -1, -0.000028734772), (0.19129115, -0.9716487, 0.13894813), (0.19129115, -0.9716487, 0.13894813), (-0.000040982846, -1, -0.000028734772), (0.23642382, -0.97165, -3.217266e-7), (0.23642382, -0.97165, -3.217266e-7), (-0.000040982846, -1, -0.000028734772), (0.19126582, -0.9716484, -0.13898443), (0.19126582, -0.9716484, -0.13898443), (-0.000040982846, -1, -0.000028734772), (0.07307188, -0.9716336, -0.2249192), (0.07307188, -0.9716336, -0.2249192), (-0.000040982846, -1, -0.000028734772), (-0.07306333, -0.9716275, -0.22494815), (-0.07306333, -0.9716275, -0.22494815), (-0.000040982846, -1, -0.000028734772), (-0.19130903, -0.97163486, -0.13902004), (-0.19130903, -0.97163486, -0.13902004), (-0.000040982846, -1, -0.000028734772), (-0.23650442, -0.9716304, -3.158027e-7), (0.8090955, 0, 0.58767724), (0.8090955, 0, 0.58767724), (1, 0, -0.0000016158374), (1, 0, -0.0000016158374), (0.30910522, 0, 0.9510278), (0.30910522, 0, 0.9510278), (0.8090955, 0, 0.58767724), (0.8090955, 0, 0.58767724), (-0.30910522, 0, 0.9510278), (-0.30910522, 0, 0.9510278), (0.30910522, 0, 0.9510278), (0.30910522, 0, 0.9510278), (-0.8090722, 0, 0.5877093), (-0.8090722, 0, 0.5877093), (-0.30910522, 0, 0.9510278), (-0.30910522, 0, 0.9510278), (-1, 0, -0.000001615879), (-1, 0, -0.000001615879), (-0.8090722, 0, 0.5877093), (-0.8090722, 0, 0.5877093), (-0.8089422, 0, -0.5878882), (-0.8089422, 0, -0.5878882), (-1, 0, -0.000001615879), (-1, 0, -0.000001615879), (-0.30889645, 0, -0.9510956), (-0.30889645, 0, -0.9510956), (-0.8089422, 0, -0.5878882), (-0.8089422, 0, -0.5878882), (0.30889645, 0, -0.9510956), (0.30889645, 0, -0.9510956), (-0.30889645, 0, -0.9510956), (-0.30889645, 0, -0.9510956), (0.80896556, 0, -0.58785605), (0.80896556, 0, -0.58785605), (0.30889645, 0, -0.9510956), (0.30889645, 0, -0.9510956), (1, 0, -0.0000016158374), (1, 0, -0.0000016158374), (0.80896556, 0, -0.58785605), (0.80896556, 0, -0.58785605), (0.23650442, -0.9716304, -3.158027e-7), (0.19133441, -0.97163504, 0.13898373), (0.0000023680616, -1, -0.000028752782), (0.19133441, -0.97163504, 0.13898373), (0.07307933, -0.9716452, 0.22486666), (0.0000023680616, -1, -0.000028752782), (0.07307933, -0.9716452, 0.22486666), (-0.07307933, -0.9716452, 0.22486666), (0.0000023680616, -1, -0.000028752782), (-0.07307933, -0.9716452, 0.22486666), (-0.1913297, -0.97163504, 0.13899018), (0.0000023680616, -1, -0.000028752782), (-0.1913297, -0.97163504, 0.13899018), (-0.2364929, -0.97163326, -3.246774e-7), (0.0000023680616, -1, -0.000028752782), (-0.2364929, -0.97163326, -3.246774e-7), (-0.19130434, -0.97163486, -0.1390265), (0.0000023680616, -1, -0.000028752782), (-0.19130434, -0.97163486, -0.1390265), (-0.07306333, -0.9716275, -0.22494815), (0.0000023680616, -1, -0.000028752782), (-0.07306333, -0.9716275, -0.22494815), (0.07306333, -0.9716275, -0.22494815), (0.0000023680616, -1, -0.000028752782), (0.07306333, -0.9716275, -0.22494815), (0.19130903, -0.97163486, -0.13902004), (0.0000023680616, -1, -0.000028752782), (0.19130903, -0.97163486, -0.13902004), (0.23650442, -0.9716304, -3.158027e-7), (0.0000023680616, -1, -0.000028752782), (0, -1, 0), (0, -1, 0), (0, -0.99999994, 0), (0, -1, 0), (0.06773447, -0.3845668, -0.9206087), (-0.067752294, -0.3845709, -0.9206058), (-0.0744479, 0, -0.997225), (0.074435994, 0, -0.9972259), (1, 0, 0), (0.93967843, -0.34205908, 0), (0.9396637, -0.3392728, -0.04388751), (0.99891764, 0, -0.0465148), (-0.073666535, -0.383957, 0.92040765), (0.073647216, -0.38395265, 0.92041105), (0.08095486, 0, 0.9967178), (-0.080967754, 0, 0.9967167), (-1, 0, 0), (-0.93960184, -0.3422693, 0), (-0.93958604, -0.33948776, 0.0438876), (-0.99891764, 0, 0.0465148), (0.9396637, -0.3392728, 0.043887507), (0.93967843, -0.34205908, 0), (1, 0, 0), (0.99891764, 0, 0.0465148), (-0.93958604, -0.33948776, -0.043887597), (-0.93960184, -0.3422693, 0), (-1, 0, 0), (-0.99891764, 0, -0.046514794), (0.013516197, -0.6389872, 0.7690985), (0.0238382, -0.63740927, 0.77015656), (0.02346152, -0.63738626, 0.77018714), (0.012773293, -0.6389863, 0.76911205), (0.56182176, -0.10192007, 0.8209559), (0.5030875, -0.20538796, 0.83947533), (0.62608516, 0.035050895, 0.7789664), (0.6260853, 0.0350509, 0.7789665), (-0.47692898, -0.08235436, -0.8750752), (-0.4209713, -0.17464799, -0.8901019), (-0.5367462, 0.029993113, -0.8432106), (-0.53674614, 0.029993108, -0.84321046), (-0.016506994, -0.5493704, -0.8354159), (-0.028457684, -0.54745644, -0.8363502), (-0.030480035, -0.5475089, -0.8362445), (-0.016277347, -0.549375, -0.8354173), (0.5368583, 0.030055596, -0.8431368), (0.4210706, -0.17464267, -0.8900559), (0.47706255, -0.08227781, -0.87500954), (0.5368583, 0.030055596, -0.84313685), (-0.62597406, 0.034979116, 0.779059), (-0.5029777, -0.20540284, 0.8395374), (-0.5616819, -0.10200958, 0.82104045), (-0.625974, 0.034979116, 0.77905905), (-0.24469745, 0, -0.96959955), (-0.2238974, -0.37670457, -0.898868), (-0.36777094, -0.3722562, -0.852156), (-0.39746508, 0, -0.9176173), (0.22390184, -0.37670922, -0.89886487), (0.2446937, 0, -0.96960044), (0.39747247, 0, -0.91761404), (0.36777416, -0.37228608, -0.8521415), (0.9396637, -0.3392728, 0.043887507), (0.99891764, 0, 0.0465148), (0.9760794, 0, 0.21741432), (0.91822916, -0.33814096, 0.20619363), (-0.21857674, -0.37823725, 0.8995337), (-0.23855901, 0, 0.971128), (-0.38562688, 0, 0.9226548), (-0.35644355, -0.37208965, 0.8570281), (-0.39746508, 0, -0.9176173), (-0.36777094, -0.3722562, -0.852156), (-0.5780153, -0.35781753, -0.7333927), (-0.62277836, 0, -0.7823983), (-0.62277836, 0, -0.7823983), (-0.5780153, -0.35781753, -0.7333927), (-0.81149966, -0.34551203, -0.4712641), (-0.86692125, 0, -0.49844518), (-0.86692125, 0, -0.49844518), (-0.81149966, -0.34551203, -0.4712641), (-0.91815823, -0.3383475, -0.20617095), (-0.9760794, 0, -0.21741432), (-0.9760794, 0, -0.21741432), (-0.91815823, -0.3383475, -0.20617095), (-0.93958604, -0.33948776, -0.043887597), (-0.99891764, 0, -0.046514794), (0.36777416, -0.37228608, -0.8521415), (0.39747247, 0, -0.91761404), (0.62288344, 0, -0.78231466), (0.57808906, -0.35779288, -0.7333466), (0.57808906, -0.35779288, -0.7333466), (0.62288344, 0, -0.78231466), (0.8669881, 0, -0.49832878), (0.8115874, -0.34538123, -0.47120866), (0.8115874, -0.34538123, -0.47120866), (0.8669881, 0, -0.49832878), (0.9760794, 0, -0.21741432), (0.91822916, -0.33814096, -0.20619363), (0.91822916, -0.33814096, -0.20619363), (0.9760794, 0, -0.21741432), (0.99891764, 0, -0.0465148), (0.9396637, -0.3392728, -0.04388751), (0.91822916, -0.33814096, 0.20619363), (0.9760794, 0, 0.21741432), (0.8669881, 0, 0.49832878), (0.81158745, -0.34538126, 0.47120866), (0.81158745, -0.34538126, 0.47120866), (0.8669881, 0, 0.49832878), (0.6228834, 0, 0.78231466), (0.57808906, -0.3577929, 0.7333466), (0.57808906, -0.3577929, 0.7333466), (0.6228834, 0, 0.78231466), (0.38563383, 0, 0.92265195), (0.3564475, -0.372118, 0.85701424), (0.3564475, -0.372118, 0.85701424), (0.38563383, 0, 0.92265195), (0.23855376, 0, 0.97112936), (0.21857998, -0.37824044, 0.8995315), (-0.35644355, -0.37208965, 0.8570281), (-0.38562688, 0, 0.9226548), (-0.6227783, 0, 0.7823983), (-0.5780154, -0.35781756, 0.7333927), (-0.5780154, -0.35781756, 0.7333927), (-0.6227783, 0, 0.7823983), (-0.86692125, 0, 0.49844518), (-0.81149966, -0.34551203, 0.47126415), (-0.81149966, -0.34551203, 0.47126415), (-0.86692125, 0, 0.49844518), (-0.9760794, 0, 0.21741432), (-0.91815823, -0.3383475, 0.20617095), (-0.91815823, -0.3383475, 0.20617095), (-0.9760794, 0, 0.21741432), (-0.99891764, 0, 0.0465148), (-0.93958604, -0.33948776, 0.0438876), (0.15805759, -0.91547257, 0.37003765), (0.09820699, -0.91724104, 0.38603657), (0, -1, 0), (0, -1, 0), (0.029377516, -0.9212357, -0.38789412), (-0.02937006, -0.9212386, -0.38788766), (-0.067752294, -0.3845709, -0.9206058), (0.06773447, -0.3845668, -0.9206087), (0.9396637, -0.3392728, -0.04388751), (0.93967843, -0.34205908, 0), (0.4225807, -0.90632534, 0), (0.4318623, -0.9017191, -0.019938648), (-0.03220367, -0.9206473, 0.38906473), (0.032211866, -0.9206441, 0.38907167), (0.073647216, -0.38395265, 0.92041105), (-0.073666535, -0.383957, 0.92040765), (-0.43165344, -0.9018193, 0.019933945), (-0.93958604, -0.33948776, 0.0438876), (-0.93960184, -0.3422693, 0), (-0.4223779, -0.9064199, 0), (0.93967843, -0.34205908, 0), (0.9396637, -0.3392728, 0.043887507), (0.4318623, -0.9017191, 0.019938648), (0.4225807, -0.90632534, 0), (-0.93960184, -0.3422693, 0), (-0.93958604, -0.33948776, -0.043887597), (-0.43165347, -0.9018193, -0.019933946), (-0.42237788, -0.9064199, 0), (0.5030875, -0.20538796, 0.83947533), (0.56182176, -0.10192007, 0.8209559), (0.19870724, -0.51354945, 0.834735), (0.25711817, -0.47024056, 0.8442536), (-0.4209713, -0.17464799, -0.8901019), (-0.47692898, -0.08235436, -0.8750752), (-0.16382925, -0.43443006, -0.8856808), (-0.2161187, -0.39370832, -0.8934688), (0.16389434, -0.4344165, -0.88567543), (0.47706255, -0.08227781, -0.87500954), (0.4210706, -0.17464267, -0.8900559), (0.21616967, -0.39371544, -0.8934533), (-0.19863117, -0.5135657, 0.834743), (-0.5616819, -0.10200958, 0.82104045), (-0.5029777, -0.20540284, 0.8395374), (-0.2570592, -0.47023562, 0.84427434), (-0.1027374, -0.91541445, -0.3891806), (-0.16190635, -0.9163134, -0.36627328), (-0.36777094, -0.3722562, -0.852156), (-0.2238974, -0.37670457, -0.898868), (0.9396637, -0.3392728, -0.04388751), (0.4318623, -0.9017191, -0.019938648), (0.43486348, -0.8955067, -0.09466636), (0.91822916, -0.33814096, -0.20619363), (-0.93958604, -0.33948776, 0.0438876), (-0.43165344, -0.9018193, 0.019933945), (-0.43463892, -0.89562017, 0.094623424), (-0.91815823, -0.3383475, 0.20617095), (0.09820699, -0.91724104, 0.38603657), (0.15805759, -0.91547257, 0.37003765), (0.3564475, -0.372118, 0.85701424), (0.21857998, -0.37824044, 0.8995315), (-0.43463892, -0.89562017, -0.094623424), (-0.43165347, -0.9018193, -0.019933946), (-0.93958604, -0.33948776, -0.043887597), (-0.91815823, -0.3383475, -0.20617095), (-0.38821316, -0.89579517, -0.21642914), (-0.43463892, -0.89562017, -0.094623424), (-0.91815823, -0.3383475, -0.20617095), (-0.81149966, -0.34551203, -0.4712641), (-0.2754411, -0.9010349, -0.33506474), (-0.38821316, -0.89579517, -0.21642914), (-0.81149966, -0.34551203, -0.4712641), (-0.5780153, -0.35781753, -0.7333927), (-0.16190635, -0.9163134, -0.36627328), (-0.2754411, -0.9010349, -0.33506474), (-0.5780153, -0.35781753, -0.7333927), (-0.36777094, -0.3722562, -0.852156), (0.36777416, -0.37228608, -0.8521415), (0.16186324, -0.9163426, -0.36621925), (0.102749236, -0.91541344, -0.3891798), (0.22390184, -0.37670922, -0.89886487), (0.57808906, -0.35779288, -0.7333466), (0.27549997, -0.9010092, -0.3350853), (0.16186324, -0.9163426, -0.36621925), (0.36777416, -0.37228608, -0.8521415), (0.8115874, -0.34538123, -0.47120866), (0.3883723, -0.895719, -0.21645893), (0.27549997, -0.9010092, -0.3350853), (0.57808906, -0.35779288, -0.7333466), (0.91822916, -0.33814096, -0.20619363), (0.43486348, -0.8955067, -0.09466636), (0.3883723, -0.895719, -0.21645893), (0.8115874, -0.34538123, -0.47120866), (-0.35644355, -0.37208965, 0.8570281), (-0.15810174, -0.915444, 0.3700896), (-0.098196045, -0.91724247, 0.38603583), (-0.21857674, -0.37823725, 0.8995337), (-0.5780154, -0.35781756, 0.7333927), (-0.27544108, -0.9010349, 0.3350647), (-0.15810174, -0.915444, 0.3700896), (-0.35644355, -0.37208965, 0.8570281), (-0.81149966, -0.34551203, 0.47126415), (-0.38821313, -0.89579517, 0.21642914), (-0.27544108, -0.9010349, 0.3350647), (-0.5780154, -0.35781756, 0.7333927), (-0.91815823, -0.3383475, 0.20617095), (-0.43463892, -0.89562017, 0.094623424), (-0.38821313, -0.89579517, 0.21642914), (-0.81149966, -0.34551203, 0.47126415), (0.43486348, -0.8955067, 0.094666354), (0.4318623, -0.9017191, 0.019938648), (0.9396637, -0.3392728, 0.043887507), (0.91822916, -0.33814096, 0.20619363), (0.38837224, -0.895719, 0.2164589), (0.43486348, -0.8955067, 0.094666354), (0.91822916, -0.33814096, 0.20619363), (0.81158745, -0.34538126, 0.47120866), (0.27549994, -0.90100926, 0.3350853), (0.38837224, -0.895719, 0.2164589), (0.81158745, -0.34538126, 0.47120866), (0.57808906, -0.3577929, 0.7333466), (0.15805759, -0.91547257, 0.37003765), (0.27549994, -0.90100926, 0.3350853), (0.57808906, -0.3577929, 0.7333466), (0.3564475, -0.372118, 0.85701424), (0, -1, 0), (0, -1, 0), (0, -1, 0), (0, -1, 0), (0, -1, 0), (0, -1, 0), (0, -1, 0), (0, -1, 0), (0.16186324, -0.9163426, -0.36621925), (0, -1, 0), (0, -1, 0), (0.102749236, -0.91541344, -0.3891798), (0, -1, 0), (0, -1, 0), (0, -1, 0), (0, -1, 0), (0, -1, 0), (0, -1, 0), (0, -1, 0), (0, -1, 0), (0, -1, 0), (0, -1, 0), (0, -1, 0), (0, -1, 0), (0, -1, 0), (0, -1, 0), (0, -1, 0), (0, -1, 0), (0, -1, 0), (0, -1, 0), (0, -1, 0), (0, -1, 0), (-0.15810174, -0.915444, 0.3700896), (0, -1, 0), (0, -1, 0), (-0.098196045, -0.91724247, 0.38603583), (0, -1, 0), (0, -1, 0), (0, -1, 0), (0, -1, 0), (0, -1, 0), (0, -1, 0), (0, -1, 0), (0, -1, 0), (0, -1, 0), (0, -1, 0), (0, -1, 0), (0, -1, 0), (0, -1, 0), (0, -1, 0), (0, -1, 0), (0, -1, 0), (0.017922277, -0.54968613, -0.83517903), (0.028837323, -0.549056, -0.835288), (0.027088856, -0.54891294, -0.8354405), (0.011830052, -0.54939306, -0.83548033), (-0.022372695, -0.63640195, 0.7710331), (-0.022655668, -0.6364078, 0.77102005), (-0.014681474, -0.63873607, 0.7692858), (-0.009367247, -0.6390302, 0.76912457), (0, -1, 0), (0, -1, 0), (0, -1, 0), (0, -0.99999994, 0), (0, -1, 0), (0, -1, 0), (0, -1, 0), (0, -1, 0), (0, -1, 0), (0, -1, 0), (0, -1, 0), (0, -1, 0), (0, -1, 0), (0, -1, 0), (0, -1, 0), (0, -1, 0), (0, -1, 0), (0, -1, 0), (-0.16190635, -0.9163134, -0.36627328), (-0.1027374, -0.91541445, -0.3891806), (0, -1, 0), (0, -1, 0), (0.032211866, -0.9206441, 0.38907167), (-0.03220367, -0.9206473, 0.38906473), (0, -1, 0), (0, -1, 0), (0, -1, 0), (0, -1, 0), (0, -1, 0), (0, -1, 0), (0, -1, 0), (0, -1, 0), (0, -1, 0), (0, -1, 0), (0, -1, 0), (0, -1, 0), (0, -1, 0), (0, -1, 0), (0, -1, 0), (0, -1, 0), (0.012841818, -0.54813564, -0.8362909), (-0.013866877, -0.54685915, -0.83710974), (-0.012258431, -0.54682064, -0.83716), (0.013237988, -0.5481852, -0.8362522), (0.009974051, -0.638001, 0.7699709), (0.0109405685, -0.638213, 0.769782), (-0.0102158785, -0.6371764, 0.77065027), (-0.0107289925, -0.63724494, 0.77058667), (0, -1, 0), (0, -1, 0), (0, -1, 0), (0, -0.99999994, 0), (0, -1, 0), (0, -1, 0), (0, -1, 0), (0, -1, 0), (0, -1, 0), (0, -1, 0), (0, -1, 0), (0, -1, 0), (0, -1, 0), (0, -1, 0), (0, -1, 0), (0, -1, 0), (-0.02937006, -0.9212386, -0.38788766), (0.029377516, -0.9212357, -0.38789412), (0, -1, 0), (0, -1, 0), (-0.15810174, -0.915444, 0.3700896), (-0.27544108, -0.9010349, 0.3350647), (0, -1, 0), (-0.27544108, -0.9010349, 0.3350647), (-0.38821313, -0.89579517, 0.21642914), (0, -1, 0), (-0.38821313, -0.89579517, 0.21642914), (-0.43463892, -0.89562017, 0.094623424), (0, -1, 0), (0, -1, 0), (-0.43463892, -0.89562017, 0.094623424), (-0.43165344, -0.9018193, 0.019933945), (0, -1, 0), (0, -1, 0), (-0.4223779, -0.9064199, 0), (0, -1, 0), (0, -1, 0), (-0.43165344, -0.9018193, 0.019933945), (0, -0.5464805, -0.83747184), (-0.2161187, -0.39370832, -0.8934688), (-0.16382925, -0.43443006, -0.8856808), (0, -0.5464805, -0.83747184), (-0.19863117, -0.5135657, 0.834743), (-0.2570592, -0.47023562, 0.84427434), (0, -0.63577557, 0.77187395), (0, -0.63577557, 0.77187395), (-0.43165347, -0.9018193, -0.019933946), (0, -1, 0), (0, -1, 0), (-0.42237788, -0.9064199, 0), (0, -1, 0), (-0.43165347, -0.9018193, -0.019933946), (-0.43463892, -0.89562017, -0.094623424), (0, -1, 0), (0, -1, 0), (-0.43463892, -0.89562017, -0.094623424), (-0.38821316, -0.89579517, -0.21642914), (0, -1, 0), (0, -1, 0), (-0.38821316, -0.89579517, -0.21642914), (-0.2754411, -0.9010349, -0.33506474), (0, -1, 0), (-0.2754411, -0.9010349, -0.33506474), (-0.16190635, -0.9163134, -0.36627328), (0.16186324, -0.9163426, -0.36621925), (0.27549997, -0.9010092, -0.3350853), (0, -1, 0), (0.27549997, -0.9010092, -0.3350853), (0.3883723, -0.895719, -0.21645893), (0, -1, 0), (0.3883723, -0.895719, -0.21645893), (0.43486348, -0.8955067, -0.09466636), (0, -1, 0), (0, -1, 0), (0.43486348, -0.8955067, -0.09466636), (0.4318623, -0.9017191, -0.019938648), (0, -1, 0), (0, -1, 0), (0.4225807, -0.90632534, 0), (0, -1, 0), (0, -1, 0), (0.4318623, -0.9017191, -0.019938648), (0, -0.6357756, 0.77187395), (0.25711817, -0.47024056, 0.8442536), (0.19870724, -0.51354945, 0.834735), (0, -0.6357756, 0.77187395), (0.16389434, -0.4344165, -0.88567543), (0.21616967, -0.39371544, -0.8934533), (0, -0.5464805, -0.83747184), (0, -0.54648054, -0.83747184), (0.4318623, -0.9017191, 0.019938648), (0, -1, 0), (0, -1, 0), (0.4225807, -0.90632534, 0), (0, -1, 0), (0.4318623, -0.9017191, 0.019938648), (0.43486348, -0.8955067, 0.094666354), (0, -1, 0), (0, -1, 0), (0.43486348, -0.8955067, 0.094666354), (0.38837224, -0.895719, 0.2164589), (0, -0.99999994, 0), (0, -0.99999994, 0), (0.38837224, -0.895719, 0.2164589), (0.27549994, -0.90100926, 0.3350853), (0, -1, 0), (0.27549994, -0.90100926, 0.3350853), (0.15805759, -0.91547257, 0.37003765), (0, -1, 0), (0, -1, 0), (0, -1, 0), (0, -1, 0), (0, -1, 0), (0, -1, 0), (0, -1, 0), (0, -1, 0), (0, -1, 0), (0, -1, 0), (0, -1, 0), (0, -0.99999994, 0), (0, -1, 0), (0, -1, 0), (0, -1, 0), (0, -0.63577557, 0.77187395), (-0.022655668, -0.6364078, 0.77102005), (-0.022372695, -0.63640195, 0.7710331), (0, -0.63577557, 0.77187395), (0.027088856, -0.54891294, -0.8354405), (0.028837323, -0.549056, -0.835288), (0, -0.5464805, -0.83747184), (0, -0.5464805, -0.83747184), (0, -1, 0), (0, -1, 0), (0, -1, 0), (0, -1, 0), (0, -1, 0), (0, -1, 0), (0, -1, 0), (0, -1, 0), (0, -1, 0), (0, -1, 0), (0, -1, 0), (0, -1, 0), (0, -1, 0), (0, -1, 0), (-0.27544108, -0.9010349, 0.3350647), (0.27549994, -0.90100926, 0.3350853), (0, -1, 0), (0, -0.99999994, 0), (0, -1, 0), (0, -1, 0), (0, -0.99999994, 0), (0, -1, 0), (0, -1, 0), (0, -1, 0), (0, -1, 0), (0, -1, 0), (0, -1, 0), (0, -1, 0), (0, -1, 0), (0, -1, 0), (-0.030480035, -0.5475089, -0.8362445), (-0.028457684, -0.54745644, -0.8363502), (0, -0.54648054, -0.83747184), (0, -0.5464805, -0.83747184), (0, -0.6357756, 0.77187395), (0.02346152, -0.63738626, 0.77018714), (0.0238382, -0.63740927, 0.77015656), (0, -0.6357756, 0.77187395), (0, -1, 0), (0, -1, 0), (0, -1, 0), (0, -1, 0), (0, -1, 0), (0, -1, 0), (0, -1, 0), (0, -1, 0), (0, -1, 0), (0, -1, 0), (0, -1, 0), (0, -1, 0), (0, -1, 0), (0, -1, 0), (0, -1, 0), (0, -1, 0), (0, -1, 0), (0, -0.99999994, 0), (0, -1, 0), (0, -1, 0), (0, -1, 0), (0, -1, 0), (-0.2754411, -0.9010349, -0.33506474), (0, -1, 0), (0, -1, 0), (0.27549997, -0.9010092, -0.3350853), (0, -1, 0), (0.22390184, -0.37670922, -0.89886487), (0.06773447, -0.3845668, -0.9206087), (0.074435994, 0, -0.9972259), (0.2446937, 0, -0.96960044), (-0.24469745, 0, -0.96959955), (-0.0744479, 0, -0.997225), (-0.067752294, -0.3845709, -0.9206058), (-0.2238974, -0.37670457, -0.898868), (-0.21857674, -0.37823725, 0.8995337), (-0.073666535, -0.383957, 0.92040765), (-0.080967754, 0, 0.9967167), (-0.23855901, 0, 0.971128), (0.23855376, 0, 0.97112936), (0.08095486, 0, 0.9967178), (0.073647216, -0.38395265, 0.92041105), (0.21857998, -0.37824044, 0.8995315), (0.22390184, -0.37670922, -0.89886487), (0.102749236, -0.91541344, -0.3891798), (0.029377516, -0.9212357, -0.38789412), (0.06773447, -0.3845668, -0.9206087), (-0.2238974, -0.37670457, -0.898868), (-0.067752294, -0.3845709, -0.9206058), (-0.02937006, -0.9212386, -0.38788766), (-0.1027374, -0.91541445, -0.3891806), (-0.21857674, -0.37823725, 0.8995337), (-0.098196045, -0.91724247, 0.38603583), (-0.03220367, -0.9206473, 0.38906473), (-0.073666535, -0.383957, 0.92040765), (0.21857998, -0.37824044, 0.8995315), (0.073647216, -0.38395265, 0.92041105), (0.032211866, -0.9206441, 0.38907167), (0.09820699, -0.91724104, 0.38603657), (-0.098196045, -0.91724247, 0.38603583), (0, -1, 0), (0, -1, 0), (-0.03220367, -0.9206473, 0.38906473), (0.09820699, -0.91724104, 0.38603657), (0.032211866, -0.9206441, 0.38907167), (0, -1, 0), (0, -1, 0), (0, -1, 0), (0, -1, 0), (0, -1, 0), (0, -1, 0), (0, -1, 0), (0, -1, 0), (0, -1, 0), (0, -1, 0), (0, -1, 0), (0, -1, 0), (0, -1, 0), (0, -1, 0), (0, -1, 0), (0, -1, 0), (0, -1, 0), (0, -1, 0), (0, -1, 0), (0, -1, 0), (0, -1, 0), (0, -1, 0), (0, -1, 0), (0, -1, 0), (0, -1, 0), (0, -1, 0), (0, -1, 0), (0, -1, 0), (0, -1, 0), (0, -1, 0), (0, -1, 0), (0, -1, 0), (0, -1, 0), (0, -1, 0), (-0.013866877, -0.54685915, -0.83710974), (0.017922277, -0.54968613, -0.83517903), (0.011830052, -0.54939306, -0.83548033), (-0.012258431, -0.54682064, -0.83716), (-0.016506994, -0.5493704, -0.8354159), (-0.016277347, -0.549375, -0.8354173), (0.012841818, -0.54813564, -0.8362909), (0.013237988, -0.5481852, -0.8362522), (-0.009367247, -0.6390302, 0.76912457), (-0.014681474, -0.63873607, 0.7692858), (0.0109405685, -0.638213, 0.769782), (0.009974051, -0.638001, 0.7699709), (0.013516197, -0.6389872, 0.7690985), (0.012773293, -0.6389863, 0.76911205), (-0.0107289925, -0.63724494, 0.77058667), (-0.0102158785, -0.6371764, 0.77065027), (0, -1, 0), (0, -1, 0), (0, -0.99999994, 0), (0, -1, 0), (0, -1, 0), (0, -0.99999994, 0), (0, -1, 0), (0, -1, 0), (0, -1, 0), (0, -1, 0), (0, -1, 0), (0, -1, 0), (0, -1, 0), (0, -1, 0), (0, -1, 0), (0, -1, 0), (0, -1, 0), (0, -1, 0), (0, -1, 0), (0, -1, 0), (0, -1, 0), (0, -1, 0), (0, -1, 0), (0, -1, 0), (0, -1, 0), (0, -1, 0), (0, -1, 0), (0, -1, 0), (0, -1, 0), (0, -1, 0), (0, -1, 0), (0, -1, 0), (-0.1027374, -0.91541445, -0.3891806), (-0.02937006, -0.9212386, -0.38788766), (0, -1, 0), (0, -1, 0), (0.102749236, -0.91541344, -0.3891798), (0, -1, 0), (0, -1, 0), (0.029377516, -0.9212357, -0.38789412), (0, -0.9711449, -0.23849013), (0, -0.97114486, -0.23849013), (0, -0.98708695, -0.16018504), (0, -0.98708695, -0.16018504), (0, -0.27808836, -0.96055543), (0, -0.27808836, -0.96055543), (0, 0, -1), (0, 0, -1), (1, 0, 0), (0.87361217, -0.47640145, -0.09921361), (0.9386586, -0.27082965, -0.21347481), (1, 0, 0), (0.9111986, -0.40664303, -0.066018745), (0.8847405, -0.3543284, -0.3027964), (0.9386586, -0.27082965, -0.21347481), (0.87361217, -0.47640145, -0.09921361), (0, 0, 1), (0, 0, 1), (0, 0, 1), (0, 0, 1), (-1, 0, 0), (-0.9386586, -0.2708297, -0.21347484), (-0.8847405, -0.3543284, -0.3027964), (-0.9111986, -0.40664306, -0.066018745), (-1, 0, 0), (-1, 0, 0), (-0.9111986, -0.40664306, -0.066018745), (-0.87361217, -0.47640148, -0.09921361), (0, -0.98708695, -0.16018504), (0, -0.98708695, -0.16018504), (0, -0.75001115, -0.6614251), (0, -0.75001115, -0.6614252), (0, -0.75001115, -0.6614252), (0, -0.75001115, -0.6614251), (0, -0.70841306, -0.7057981), (0, -0.70841306, -0.7057981), (1, 0, 0), (0.9386586, -0.27082965, -0.21347481), (0.865586, -0.2664345, -0.42399728), (0.92388994, 0, -0.3826582), (0, -0.7482973, -0.66336346), (0, -0.7482974, -0.66336346), (0, -0.70841306, -0.7057981), (0, -0.70841306, -0.7057981), (-1, 0, 0), (-0.92388994, 0, -0.3826582), (-0.865586, -0.2664345, -0.42399728), (-0.9386586, -0.2708297, -0.21347484), (0.33016607, -0.72170913, -0.60838), (0.33868837, -0.2370185, -0.91055614), (0.865586, -0.2664345, -0.42399728), (-0.865586, -0.2664345, -0.42399728), (-0.33868837, -0.2370185, -0.91055614), (-0.33016604, -0.72170913, -0.60838), (0.9111986, -0.40664303, -0.066018745), (0.87361217, -0.47640145, -0.09921361), (0.4042396, -0.8871909, -0.22244686), (0.3723426, -0.91611403, -0.14864692), (-0.4042396, -0.8871909, -0.22244686), (-0.87361217, -0.47640148, -0.09921361), (-0.9111986, -0.40664306, -0.066018745), (-0.3723426, -0.91611403, -0.14864692), (-0.3723426, -0.91611403, -0.14864692), (-0.9111986, -0.40664306, -0.066018745), (-0.8847405, -0.3543284, -0.3027964), (-0.33658236, -0.70785433, -0.6210109), (0.37169468, -0.63301843, -0.679066), (0.9386586, -0.27082965, -0.21347481), (0.8847405, -0.3543284, -0.3027964), (0.33658236, -0.70785433, -0.621011), (-0.8847405, -0.3543284, -0.3027964), (-0.9386586, -0.2708297, -0.21347484), (-0.37169468, -0.63301843, -0.679066), (-0.33658236, -0.70785433, -0.6210109), (0.8847405, -0.3543284, -0.3027964), (0.9111986, -0.40664303, -0.066018745), (0.3723426, -0.91611403, -0.14864692), (0.33658236, -0.70785433, -0.621011), (0.92388994, 0, -0.3826582), (0.865586, -0.2664345, -0.42399728), (0.33868837, -0.2370185, -0.91055614), (0.38270858, 0, -0.9238691), (0, -0.27808836, -0.96055543), (0, -0.27808836, -0.96055543), (0, -0.7482974, -0.66336346), (0, -0.7482973, -0.66336346), (-0.33868837, -0.2370185, -0.91055614), (-0.865586, -0.2664345, -0.42399728), (-0.92388994, 0, -0.3826582), (-0.38270858, 0, -0.9238691), (0.9386586, -0.27082965, -0.21347481), (0.37169468, -0.63301843, -0.679066), (0.33016607, -0.72170913, -0.60838), (0.865586, -0.2664345, -0.42399728), (-0.9386586, -0.2708297, -0.21347484), (-0.865586, -0.2664345, -0.42399728), (-0.33016604, -0.72170913, -0.60838), (-0.37169468, -0.63301843, -0.679066), (0, -0.39564475, 0.9184037), (0, -0.39564472, 0.9184037), (0, -0.3956447, 0.91840357), (0, -0.39564472, 0.91840357), (0, -0.88624495, -0.46321705), (0, -0.88624495, -0.46321705), (0, -0.97114486, -0.23849013), (0, -0.9711449, -0.23849013), (0.4042396, -0.8871909, -0.22244686), (0.87361217, -0.47640145, -0.09921361), (0.68841875, -0.65202165, -0.31772235), (0.36427182, -0.83030957, -0.42177254), (0, 0.90883154, 0.4171632), (0, 0.90883154, 0.4171632), (0, 0.90883154, 0.4171632), (0, 0.90883154, 0.4171632), (-0.4042396, -0.8871909, -0.22244686), (-0.36427182, -0.83030957, -0.42177254), (-0.68841875, -0.65202165, -0.31772235), (-0.87361217, -0.47640148, -0.09921361), (0.4042396, -0.8871909, -0.22244686), (0, -0.9711449, -0.23849013), (0, -0.98708695, -0.16018504), (0.3723426, -0.91611403, -0.14864692), (-0.3723426, -0.91611403, -0.14864692), (0, -0.98708695, -0.16018504), (0, -0.97114486, -0.23849013), (-0.4042396, -0.8871909, -0.22244686), (0.33868837, -0.2370185, -0.91055614), (0, -0.27808836, -0.96055543), (0, 0, -1), (0.38270858, 0, -0.9238691), (-0.38270858, 0, -0.9238691), (0, 0, -1), (0, -0.27808836, -0.96055543), (-0.33868837, -0.2370185, -0.91055614), (0, 0, 1), (0, 0, 1), (0, 0, 1), (0, 0, 1), (0, 0, 1), (0, 0, 1), (0, 0, 1), (0, 0, 1), (0.3723426, -0.91611403, -0.14864692), (0, -0.98708695, -0.16018504), (0, -0.75001115, -0.6614252), (0.33658236, -0.70785433, -0.621011), (-0.33658236, -0.70785433, -0.6210109), (0, -0.75001115, -0.6614251), (0, -0.98708695, -0.16018504), (-0.3723426, -0.91611403, -0.14864692), (0.33658236, -0.70785433, -0.621011), (0, -0.75001115, -0.6614252), (0, -0.70841306, -0.7057981), (0.37169468, -0.63301843, -0.679066), (-0.37169468, -0.63301843, -0.679066), (0, -0.70841306, -0.7057981), (0, -0.75001115, -0.6614251), (-0.33658236, -0.70785433, -0.6210109), (-0.33016604, -0.72170913, -0.60838), (0, -0.7482973, -0.66336346), (0, -0.70841306, -0.7057981), (-0.37169468, -0.63301843, -0.679066), (0.37169468, -0.63301843, -0.679066), (0, -0.70841306, -0.7057981), (0, -0.7482974, -0.66336346), (0.33016607, -0.72170913, -0.60838), (-0.33868837, -0.2370185, -0.91055614), (0, -0.27808836, -0.96055543), (0, -0.7482973, -0.66336346), (-0.33016604, -0.72170913, -0.60838), (0.33016607, -0.72170913, -0.60838), (0, -0.7482974, -0.66336346), (0, -0.27808836, -0.96055543), (0.33868837, -0.2370185, -0.91055614), (0, -0.39564472, 0.9184036), (0, -0.39564472, 0.9184036), (0, -0.39564475, 0.9184037), (0, -0.39564472, 0.91840357), (0, -0.39564472, 0.9184037), (0, -0.3956447, 0.9184036), (0, -0.3956447, 0.9184036), (0, -0.3956447, 0.91840357), (0.36427182, -0.83030957, -0.42177254), (0, -0.88624495, -0.46321705), (0, -0.9711449, -0.23849013), (0.4042396, -0.8871909, -0.22244686), (-0.4042396, -0.8871909, -0.22244686), (0, -0.97114486, -0.23849013), (0, -0.88624495, -0.46321705), (-0.36427182, -0.83030957, -0.42177254), (0, 0.90883154, 0.41716322), (0, 0.90883154, 0.4171632), (0, 0.90883154, 0.4171632), (0, 0.90883154, 0.41716322), (0, 0.90883154, 0.4171632), (0, 0.90883154, 0.4171632), (0, 0.90883154, 0.4171632), (0, 0.90883154, 0.4171632), (0.1840955, -0.21646948, 0.95877516), (0.18630743, -0.21637723, 0.9583687), (-0.18630743, -0.21637723, 0.9583687), (-0.1840955, -0.21646948, 0.95877516), (0, 0, -1), (0, -0.24895932, -0.96851397), (0, -0.24895932, -0.96851397), (0, 0, -1), (1, 0, 0), (1, 0, 0), (1, 0, 0), (1, 0, 0), (0, 0, 1), (0, 0.3193507, 0.94763666), (0, 0.3193507, 0.94763666), (0, 0, 1), (-1, 0, 0), (-1, 0, 0), (-1, 0, 0), (-1, 0, 0), (0, -0.24895932, -0.96851397), (0, -0.74460477, -0.6675056), (0, -0.74460477, -0.6675056), (0, -0.24895932, -0.96851397), (1, 0, 0), (1, 0, 0), (1, 0, 0), (1, 0, 0), (0, 0.3193507, 0.94763666), (0, 0.81333387, 0.5817972), (0, 0.81333387, 0.5817972), (0, 0.3193507, 0.94763666), (-1, 0, 0), (-1, 0, 0), (-1, 0, 0), (-1, 0, 0), (0, -0.74460477, -0.6675056), (0.0000034529708, -0.9408604, -0.3387942), (-0.0000030839915, -0.9408616, -0.33879128), (0, -0.74460477, -0.6675056), (1, 0, 0), (0.96978587, -0.07307176, 0.23275748), (0.97445273, -0.06727126, 0.21428101), (1, 0, 0), (0, 0.81333387, 0.5817972), (0.0000112393345, 0.9554485, 0.295158), (-0.000010798913, 0.95545065, 0.29515073), (0, 0.81333387, 0.5817972), (-1, 0, 0), (-1, 0, 0), (-0.9744574, -0.06726533, 0.21426208), (-0.9697911, -0.0730654, 0.23273718), (0.0000034529708, -0.9408604, -0.3387942), (0.000008240681, -0.96155393, -0.27461636), (0.00000386293, -0.9615543, -0.27461496), (-0.0000030839915, -0.9408616, -0.33879128), (-0.000018087372, -0.9615562, -0.2746081), (-0.000018087374, -0.9615563, -0.27460814), (-0.0000030839915, -0.9408616, -0.33879128), (0.00000386293, -0.9615543, -0.27461496), (0.0000112393345, 0.9554485, 0.295158), (0.000027659386, 0.96426934, 0.26492378), (0.000014235064, 0.9642707, 0.264919), (-0.000010798913, 0.95545065, 0.29515073), (-0.00006116168, 0.964278, 0.26489222), (-0.00006116168, 0.964278, 0.26489222), (-0.000010798913, 0.95545065, 0.29515073), (0.000014235064, 0.9642707, 0.264919), (0.18630743, -0.21637723, 0.9583687), (0.1840955, -0.21646948, 0.95877516), (0.6666367, -0.1829498, 0.72258204), (0.67828834, -0.18140794, 0.71205056), (-0.66665184, -0.18294543, 0.7225692), (-0.1840955, -0.21646948, 0.95877516), (-0.18630743, -0.21637723, 0.9583687), (-0.67830414, -0.18140328, 0.7120368), (0.96978587, -0.07307176, 0.23275748), (0.67828834, -0.18140794, 0.71205056), (0.6666367, -0.1829498, 0.72258204), (0.97445273, -0.06727126, 0.21428101), (-0.66665184, -0.18294543, 0.7225692), (-0.67830414, -0.18140328, 0.7120368), (-0.9697911, -0.0730654, 0.23273718), (-0.9744574, -0.06726533, 0.21426208), (0, 0, -1), (0, 0, -1), (0, 0, -1), (0, 0, -1), (1, 0, 0), (1, 0, 0), (1, 0, 0), (1, 0, 0), (0, 0, 1), (0, 0, 1), (0, 0, 1), (0, 0, 1), (-1, 0, 0), (-1, 0, 0), (-1, 0, 0), (-1, 0, 0), (0, -1, 0), (0, -1, 0), (0, -1, 0), (0, -1, 0), (0.36499926, -0.6853846, -0.63009804), (0.18484104, -0.7070587, -0.68257), (0.26134565, -0.00017174878, -0.9652452), (0.50102174, -0.0001654908, -0.8654346), (0.030665996, -0.99812317, -0.053007293), (-0.000027732885, -0.99999994, 0.00012489811), (0.18484104, -0.7070587, -0.68257), (0.36499926, -0.6853846, -0.63009804), (-0.33254206, -0.74832314, 0.5739585), (-0.18497777, -0.70694494, 0.6826507), (-0.000027732885, -0.99999994, 0.00012489811), (0.030665996, -0.99812317, -0.053007293), (-0.5014311, -0.00018847224, 0.8651976), (-0.2615711, -0.00017176967, 0.9651841), (-0.18497777, -0.70694494, 0.6826507), (-0.33254206, -0.74832314, 0.5739585), (-0.18493573, 0.7071059, 0.6824955), (-0.2615711, -0.00017176967, 0.9651841), (-0.5014311, -0.00018847224, 0.8651976), (-0.33243206, 0.7485177, 0.5737685), (-0.000027698046, 1, 0.00012477467), (-0.18493573, 0.7071059, 0.6824955), (-0.33243206, 0.7485177, 0.5737685), (0.030606821, 0.9981304, -0.052904956), (0.18479903, 0.7072194, -0.6824149), (-0.000027698046, 1, 0.00012477467), (0.030606821, 0.9981304, -0.052904956), (0.3649477, 0.6854937, -0.63000923), (0.26134565, -0.00017174878, -0.9652452), (0.18479903, 0.7072194, -0.6824149), (0.3649477, 0.6854937, -0.63000923), (0.50102174, -0.0001654908, -0.8654346), (0.36499926, -0.6853846, -0.63009804), (0.50102174, -0.0001654908, -0.8654346), (0.86534375, -0.00016553604, -0.5011787), (0.6301801, -0.68536264, -0.36489874), (0.030665996, -0.99812317, -0.053007293), (0.36499926, -0.6853846, -0.63009804), (0.6301801, -0.68536264, -0.36489874), (0.05317309, -0.99811137, -0.030761858), (-0.33254206, -0.74832314, 0.5739585), (0.030665996, -0.99812317, -0.053007293), (0.05317309, -0.99811137, -0.030761858), (-0.57412386, -0.74820113, 0.3325311), (-0.5014311, -0.00018847224, 0.8651976), (-0.33254206, -0.74832314, 0.5739585), (-0.57412386, -0.74820113, 0.3325311), (-0.8654138, -0.00018845979, 0.50105774), (-0.33243206, 0.7485177, 0.5737685), (-0.5014311, -0.00018847224, 0.8651976), (-0.8654138, -0.00018845979, 0.50105774), (-0.57393414, 0.74839544, 0.3324211), (0.030606821, 0.9981304, -0.052904956), (-0.33243206, 0.7485177, 0.5737685), (-0.57393414, 0.74839544, 0.3324211), (0.05307045, 0.9981187, -0.030702507), (0.3649477, 0.6854937, -0.63000923), (0.030606821, 0.9981304, -0.052904956), (0.05307045, 0.9981187, -0.030702507), (0.6300912, 0.6854717, -0.36484733), (0.50102174, -0.0001654908, -0.8654346), (0.3649477, 0.6854937, -0.63000923), (0.6300912, 0.6854717, -0.36484733), (0.86534375, -0.00016553604, -0.5011787), (0.6301801, -0.68536264, -0.36489874), (0.86534375, -0.00016553604, -0.5011787), (0.99126834, -0.00016756644, -0.13185996), (0.7140883, -0.69358957, -0.09492798), (0.05317309, -0.99811137, -0.030761858), (0.6301801, -0.68536264, -0.36489874), (0.7140883, -0.69358957, -0.09492798), (0.03170922, -0.9994884, -0.0041689607), (-0.57412386, -0.74820113, 0.3325311), (0.05317309, -0.99811137, -0.030761858), (0.03170922, -0.9994884, -0.0041689607), (-0.6820021, -0.7256942, 0.090780176), (-0.8654138, -0.00018845979, 0.50105774), (-0.57412386, -0.74820113, 0.3325311), (-0.6820021, -0.7256942, 0.090780176), (-0.9912477, -0.00017876654, 0.13201514), (-0.6818132, 0.72587484, 0.090755045), (-0.57393414, 0.74839544, 0.3324211), (-0.8654138, -0.00018845979, 0.50105774), (-0.9912477, -0.00017876654, 0.13201514), (0.031648155, 0.9994904, -0.004160947), (0.05307045, 0.9981187, -0.030702507), (-0.57393414, 0.74839544, 0.3324211), (-0.6818132, 0.72587484, 0.090755045), (0.71395814, 0.693726, -0.0949107), (0.6300912, 0.6854717, -0.36484733), (0.05307045, 0.9981187, -0.030702507), (0.031648155, 0.9994904, -0.004160947), (0.99126834, -0.00016756644, -0.13185996), (0.86534375, -0.00016553604, -0.5011787), (0.6300912, 0.6854717, -0.36484733), (0.71395814, 0.693726, -0.0949107), (0.7140883, -0.69358957, -0.09492798), (0.99126834, -0.00016756644, -0.13185996), (0.9912684, -0.00016754495, 0.13185918), (0.7140885, -0.6935892, 0.09492946), (0.03170922, -0.9994884, -0.0041689607), (0.7140883, -0.69358957, -0.09492798), (0.7140885, -0.6935892, 0.09492946), (0.03170882, -0.9994884, 0.004168838), (-0.6820021, -0.7256942, 0.090780176), (0.03170922, -0.9994884, -0.0041689607), (0.03170882, -0.9994884, 0.004168838), (-0.68200135, -0.7256947, -0.09078183), (-0.9912477, -0.00017876654, 0.13201514), (-0.6820021, -0.7256942, 0.090780176), (-0.68200135, -0.7256947, -0.09078183), (-0.9912477, -0.00017877665, -0.13201495), (-0.6818132, 0.72587484, 0.090755045), (-0.9912477, -0.00017876654, 0.13201514), (-0.9912477, -0.00017877665, -0.13201495), (-0.6818124, 0.7258753, -0.09075667), (0.031648155, 0.9994904, -0.004160947), (-0.6818132, 0.72587484, 0.090755045), (-0.6818124, 0.7258753, -0.09075667), (0.03164778, 0.9994904, 0.004160822), (0.71395814, 0.693726, -0.0949107), (0.031648155, 0.9994904, -0.004160947), (0.03164778, 0.9994904, 0.004160822), (0.7139583, 0.69372565, 0.094912186), (0.99126834, -0.00016756644, -0.13185996), (0.71395814, 0.693726, -0.0949107), (0.7139583, 0.69372565, 0.094912186), (0.9912684, -0.00016754495, 0.13185918), (0.63018, -0.6853625, 0.36489925), (0.7140885, -0.6935892, 0.09492946), (0.9912684, -0.00016754495, 0.13185918), (0.8653436, -0.00016551322, 0.5011791), (0.053172678, -0.9981114, 0.030761763), (0.03170882, -0.9994884, 0.004168838), (0.7140885, -0.6935892, 0.09492946), (0.63018, -0.6853625, 0.36489925), (-0.5741237, -0.74820095, -0.3325318), (-0.68200135, -0.7256947, -0.09078183), (0.03170882, -0.9994884, 0.004168838), (0.053172678, -0.9981114, 0.030761763), (-0.8654131, -0.00018846981, -0.50105894), (-0.9912477, -0.00017877665, -0.13201495), (-0.68200135, -0.7256947, -0.09078183), (-0.5741237, -0.74820095, -0.3325318), (-0.6818124, 0.7258753, -0.09075667), (-0.9912477, -0.00017877665, -0.13201495), (-0.8654131, -0.00018846981, -0.50105894), (-0.57393396, 0.7483953, -0.33242184), (0.03164778, 0.9994904, 0.004160822), (-0.6818124, 0.7258753, -0.09075667), (-0.57393396, 0.7483953, -0.33242184), (0.05307005, 0.99811864, 0.030702394), (0.7139583, 0.69372565, 0.094912186), (0.03164778, 0.9994904, 0.004160822), (0.05307005, 0.99811864, 0.030702394), (0.6300911, 0.68547153, 0.36484778), (0.9912684, -0.00016754495, 0.13185918), (0.7139583, 0.69372565, 0.094912186), (0.6300911, 0.68547153, 0.36484778), (0.8653436, -0.00016551322, 0.5011791), (0.63018, -0.6853625, 0.36489925), (0.8653436, -0.00016551322, 0.5011791), (0.501011, -0.00016547609, 0.8654409), (0.365009, -0.685359, 0.6301203), (0.053172678, -0.9981114, 0.030761763), (0.63018, -0.6853625, 0.36489925), (0.365009, -0.685359, 0.6301203), (0.030674202, -0.9981232, 0.05300078), (-0.5741237, -0.74820095, -0.3325318), (0.053172678, -0.9981114, 0.030761763), (0.030674202, -0.9981232, 0.05300078), (-0.33240962, -0.7483966, -0.57393956), (-0.8654131, -0.00018846981, -0.50105894), (-0.5741237, -0.74820095, -0.3325318), (-0.33240962, -0.7483966, -0.57393956), (-0.50120485, -0.00018857738, -0.8653286), (-0.57393396, 0.7483953, -0.33242184), (-0.8654131, -0.00018846981, -0.50105894), (-0.50120485, -0.00018857738, -0.8653286), (-0.3322995, 0.748591, -0.5737496), (0.05307005, 0.99811864, 0.030702394), (-0.57393396, 0.7483953, -0.33242184), (-0.3322995, 0.748591, -0.5737496), (0.030615004, 0.99813056, 0.052898493), (0.6300911, 0.68547153, 0.36484778), (0.05307005, 0.99811864, 0.030702394), (0.030615004, 0.99813056, 0.052898493), (0.36495745, 0.68546814, 0.6300314), (0.8653436, -0.00016551322, 0.5011791), (0.6300911, 0.68547153, 0.36484778), (0.36495745, 0.68546814, 0.6300314), (0.501011, -0.00016547609, 0.8654409), (0.365009, -0.685359, 0.6301203), (0.501011, -0.00016547609, 0.8654409), (0.13178432, -0.00016740989, 0.99127847), (0.095005356, -0.6934461, 0.7142174), (0.030674202, -0.9981232, 0.05300078), (0.365009, -0.685359, 0.6301203), (0.095005356, -0.6934461, 0.7142174), (0.0042126942, -0.9994933, 0.031549886), (-0.33240962, -0.7483966, -0.57393956), (0.030674202, -0.9981232, 0.05300078), (0.0042126942, -0.9994933, 0.031549886), (-0.09066549, -0.72567976, -0.6820328), (-0.50120485, -0.00018857738, -0.8653286), (-0.33240962, -0.7483966, -0.57393956), (-0.09066549, -0.72567976, -0.6820328), (-0.13164593, -0.00017883925, -0.99129677), (-0.09064033, 0.72586024, -0.681844), (-0.3322995, 0.748591, -0.5737496), (-0.50120485, -0.00018857738, -0.8653286), (-0.13164593, -0.00017883925, -0.99129677), (0.00420457, 0.99949527, 0.031489097), (0.030615004, 0.99813056, 0.052898493), (-0.3322995, 0.748591, -0.5737496), (-0.09064033, 0.72586024, -0.681844), (0.09498801, 0.6935825, 0.7140873), (0.36495745, 0.68546814, 0.6300314), (0.030615004, 0.99813056, 0.052898493), (0.00420457, 0.99949527, 0.031489097), (0.13178432, -0.00016740989, 0.99127847), (0.501011, -0.00016547609, 0.8654409), (0.36495745, 0.68546814, 0.6300314), (0.09498801, 0.6935825, 0.7140873), (0.095005356, -0.6934461, 0.7142174), (0.13178432, -0.00016740989, 0.99127847), (-0.13185318, -0.00016743994, 0.99126923), (-0.09494931, -0.6934783, 0.7141936), (0.0042126942, -0.9994933, 0.031549886), (0.095005356, -0.6934461, 0.7142174), (-0.09494931, -0.6934783, 0.7141936), (-0.0042134156, -0.99949336, 0.03154785), (-0.09066549, -0.72567976, -0.6820328), (0.0042126942, -0.9994933, 0.031549886), (-0.0042134156, -0.99949336, 0.03154785), (0.090643264, -0.72566915, -0.682047), (-0.13164593, -0.00017883925, -0.99129677), (-0.09066549, -0.72567976, -0.6820328), (0.090643264, -0.72566915, -0.682047), (0.13178329, -0.00017882255, -0.9912786), (-0.09064033, 0.72586024, -0.681844), (-0.13164593, -0.00017883925, -0.99129677), (0.13178329, -0.00017882255, -0.9912786), (0.09061818, 0.7258496, -0.68185824), (0.00420457, 0.99949527, 0.031489097), (-0.09064033, 0.72586024, -0.681844), (0.09061818, 0.7258496, -0.68185824), (-0.00420529, 0.9994953, 0.03148705), (0.09498801, 0.6935825, 0.7140873), (0.00420457, 0.99949527, 0.031489097), (-0.00420529, 0.9994953, 0.03148705), (-0.09493202, 0.69361466, 0.71406347), (0.13178432, -0.00016740989, 0.99127847), (0.09498801, 0.6935825, 0.7140873), (-0.09493202, 0.69361466, 0.71406347), (-0.13185318, -0.00016743994, 0.99126923), (-0.3648794, -0.68548226, 0.63006115), (-0.09494931, -0.6934783, 0.7141936), (-0.13185318, -0.00016743994, 0.99126923), (-0.50109655, -0.00016557927, 0.8653913), (-0.030758819, -0.9981159, 0.05309076), (-0.0042134156, -0.99949336, 0.03154785), (-0.09494931, -0.6934783, 0.7141936), (-0.3648794, -0.68548226, 0.63006115), (0.3323412, -0.74840194, -0.573972), (0.090643264, -0.72566915, -0.682047), (-0.0042134156, -0.99949336, 0.03154785), (-0.030758819, -0.9981159, 0.05309076), (0.5010881, -0.0001886192, -0.86539626), (0.13178329, -0.00017882255, -0.9912786), (0.090643264, -0.72566915, -0.682047), (0.3323412, -0.74840194, -0.573972), (0.09061818, 0.7258496, -0.68185824), (0.13178329, -0.00017882255, -0.9912786), (0.5010881, -0.0001886192, -0.86539626), (0.33223128, 0.7485964, -0.57378215), (-0.00420529, 0.9994953, 0.03148705), (0.09061818, 0.7258496, -0.68185824), (0.33223128, 0.7485964, -0.57378215), (-0.030699456, 0.99812317, 0.052988287), (-0.09493202, 0.69361466, 0.71406347), (-0.00420529, 0.9994953, 0.03148705), (-0.030699456, 0.99812317, 0.052988287), (-0.3648279, 0.68559134, 0.6299723), (-0.13185318, -0.00016743994, 0.99126923), (-0.09493202, 0.69361466, 0.71406347), (-0.3648279, 0.68559134, 0.6299723), (-0.50109655, -0.00016557927, 0.8653913), (-0.3648794, -0.68548226, 0.63006115), (-0.50109655, -0.00016557927, 0.8653913), (-0.86539537, -0.00016556834, 0.50108963), (-0.6300717, -0.68547827, 0.36486864), (-0.030758819, -0.9981159, 0.05309076), (-0.3648794, -0.68548226, 0.63006115), (-0.6300717, -0.68547827, 0.36486864), (-0.053096943, -0.99811536, 0.03076535), (0.3323412, -0.74840194, -0.573972), (-0.030758819, -0.9981159, 0.05309076), (-0.053096943, -0.99811536, 0.03076535), (0.57399887, -0.74838614, -0.33233014), (0.5010881, -0.0001886192, -0.86539626), (0.3323412, -0.74840194, -0.573972), (0.57399887, -0.74838614, -0.33233014), (0.8654055, -0.00018859662, -0.50107217), (0.33223128, 0.7485964, -0.57378215), (0.5010881, -0.0001886192, -0.86539626), (0.8654055, -0.00018859662, -0.50107217), (0.57380897, 0.7485807, -0.33222017), (-0.030699456, 0.99812317, 0.052988287), (0.33223128, 0.7485964, -0.57378215), (0.57380897, 0.7485807, -0.33222017), (-0.052994464, 0.9981226, 0.030705988), (-0.3648279, 0.68559134, 0.6299723), (-0.030699456, 0.99812317, 0.052988287), (-0.052994464, 0.9981226, 0.030705988), (-0.6299829, 0.6855874, 0.36481717), (-0.50109655, -0.00016557927, 0.8653913), (-0.3648279, 0.68559134, 0.6299723), (-0.6299829, 0.6855874, 0.36481717), (-0.86539537, -0.00016556834, 0.50108963), (-0.6300717, -0.68547827, 0.36486864), (-0.86539537, -0.00016556834, 0.50108963), (-0.99127126, -0.00016741626, 0.13183823), (-0.7142023, -0.69346976, 0.0949455), (-0.053096943, -0.99811536, 0.03076535), (-0.6300717, -0.68547827, 0.36486864), (-0.7142023, -0.69346976, 0.0949455), (-0.031559993, -0.999493, 0.004210692), (0.57399887, -0.74838614, -0.33233014), (-0.053096943, -0.99811536, 0.03076535), (-0.031559993, -0.999493, 0.004210692), (0.6820258, -0.7256881, -0.09065142), (0.8654055, -0.00018859662, -0.50107217), (0.57399887, -0.74838614, -0.33233014), (0.6820258, -0.7256881, -0.09065142), (0.99127656, -0.0001788146, -0.13179821), (0.68183696, 0.72586864, -0.09062633), (0.57380897, 0.7485807, -0.33222017), (0.8654055, -0.00018859662, -0.50107217), (0.99127656, -0.0001788146, -0.13179821), (-0.0314992, 0.99949497, 0.004202573), (-0.052994464, 0.9981226, 0.030705988), (0.57380897, 0.7485807, -0.33222017), (0.68183696, 0.72586864, -0.09062633), (-0.7140721, 0.69360626, 0.0949282), (-0.6299829, 0.6855874, 0.36481717), (-0.052994464, 0.9981226, 0.030705988), (-0.0314992, 0.99949497, 0.004202573), (-0.99127126, -0.00016741626, 0.13183823), (-0.86539537, -0.00016556834, 0.50108963), (-0.6299829, 0.6855874, 0.36481717), (-0.7140721, 0.69360626, 0.0949282), (-0.7142023, -0.69346976, 0.0949455), (-0.99127126, -0.00016741626, 0.13183823), (-0.99127114, -0.00016741635, -0.131839), (-0.71420217, -0.6934701, -0.09494403), (-0.031559993, -0.999493, 0.004210692), (-0.7142023, -0.69346976, 0.0949455), (-0.71420217, -0.6934701, -0.09494403), (-0.03156039, -0.999493, -0.0042108176), (0.6820258, -0.7256881, -0.09065142), (-0.031559993, -0.999493, 0.004210692), (-0.03156039, -0.999493, -0.0042108176), (0.6820265, -0.7256875, 0.09064979), (0.99127656, -0.0001788146, -0.13179821), (0.6820258, -0.7256881, -0.09065142), (0.6820265, -0.7256875, 0.09064979), (0.9912766, -0.00017881453, 0.1317984), (0.68183696, 0.72586864, -0.09062633), (0.99127656, -0.0001788146, -0.13179821), (0.9912766, -0.00017881453, 0.1317984), (0.68183774, 0.72586805, 0.0906247), (-0.0314992, 0.99949497, 0.004202573), (0.68183696, 0.72586864, -0.09062633), (0.68183774, 0.72586805, 0.0906247), (-0.03149959, 0.99949497, -0.004202697), (-0.7140721, 0.69360626, 0.0949282), (-0.0314992, 0.99949497, 0.004202573), (-0.03149959, 0.99949497, -0.004202697), (-0.714072, 0.6936066, -0.09492671), (-0.99127126, -0.00016741626, 0.13183823), (-0.7140721, 0.69360626, 0.0949282), (-0.714072, 0.6936066, -0.09492671), (-0.99127114, -0.00016741635, -0.131839), (-0.6300718, -0.68547857, -0.36486822), (-0.71420217, -0.6934701, -0.09494403), (-0.99127114, -0.00016741635, -0.131839), (-0.86539567, -0.00016559116, -0.5010892), (-0.053097345, -0.99811536, -0.030765459), (-0.03156039, -0.999493, -0.0042108176), (-0.71420217, -0.6934701, -0.09494403), (-0.6300718, -0.68547857, -0.36486822), (0.5739991, -0.74838644, 0.33232945), (0.6820265, -0.7256875, 0.09064979), (-0.03156039, -0.999493, -0.0042108176), (-0.053097345, -0.99811536, -0.030765459), (0.8654061, -0.0001885966, 0.5010711), (0.9912766, -0.00017881453, 0.1317984), (0.6820265, -0.7256875, 0.09064979), (0.5739991, -0.74838644, 0.33232945), (0.68183774, 0.72586805, 0.0906247), (0.9912766, -0.00017881453, 0.1317984), (0.8654061, -0.0001885966, 0.5010711), (0.5738092, 0.7485808, 0.33221948), (-0.03149959, 0.99949497, -0.004202697), (0.68183774, 0.72586805, 0.0906247), (0.5738092, 0.7485808, 0.33221948), (-0.052994877, 0.9981225, -0.030706085), (-0.714072, 0.6936066, -0.09492671), (-0.03149959, 0.99949497, -0.004202697), (-0.052994877, 0.9981225, -0.030706085), (-0.62998295, 0.6855875, -0.36481673), (-0.99127114, -0.00016741635, -0.131839), (-0.714072, 0.6936066, -0.09492671), (-0.62998295, 0.6855875, -0.36481673), (-0.86539567, -0.00016559116, -0.5010892), (-0.6300718, -0.68547857, -0.36486822), (-0.86539567, -0.00016559116, -0.5010892), (-0.5011006, -0.00016556664, -0.86538905), (-0.36488602, -0.6854783, -0.6300616), (-0.053097345, -0.99811536, -0.030765459), (-0.6300718, -0.68547857, -0.36486822), (-0.36488602, -0.6854783, -0.6300616), (-0.0307537, -0.99811655, -0.05307993), (0.5739991, -0.74838644, 0.33232945), (-0.053097345, -0.99811536, -0.030765459), (-0.0307537, -0.99811655, -0.05307993), (0.3324462, -0.7483464, 0.57398367), (0.8654061, -0.0001885966, 0.5010711), (0.5739991, -0.74838644, 0.33232945), (0.3324462, -0.7483464, 0.57398367), (0.5012638, -0.00018854554, 0.8652945), (0.5738092, 0.7485808, 0.33221948), (0.8654061, -0.0001885966, 0.5010711), (0.5012638, -0.00018854554, 0.8652945), (0.33233622, 0.7485408, 0.57379365), (-0.052994877, 0.9981225, -0.030706085), (0.5738092, 0.7485808, 0.33221948), (0.33233622, 0.7485408, 0.57379365), (-0.030694364, 0.9981238, -0.05297746), (-0.62998295, 0.6855875, -0.36481673), (-0.052994877, 0.9981225, -0.030706085), (-0.030694364, 0.9981238, -0.05297746), (-0.3648346, 0.68558735, -0.6299728), (-0.86539567, -0.00016559116, -0.5010892), (-0.62998295, 0.6855875, -0.36481673), (-0.3648346, 0.68558735, -0.6299728), (-0.5011006, -0.00016556664, -0.86538905), (-0.36488602, -0.6854783, -0.6300616), (-0.5011006, -0.00016556664, -0.86538905), (-0.2613356, -0.00017169611, -0.965248), (-0.18483877, -0.70703924, -0.6825908), (-0.0307537, -0.99811655, -0.05307993), (-0.36488602, -0.6854783, -0.6300616), (-0.18483877, -0.70703924, -0.6825908), (0.000045436675, -1, 0.0002586901), (0.3324462, -0.7483464, 0.57398367), (-0.0307537, -0.99811655, -0.05307993), (0.000045436675, -1, 0.0002586901), (0.18495259, -0.70696646, 0.68263525), (0.5012638, -0.00018854554, 0.8652945), (0.3324462, -0.7483464, 0.57398367), (0.18495259, -0.70696646, 0.68263525), (0.2615711, -0.00017178599, 0.96518415), (0.18491058, 0.70712733, 0.68248), (0.33233622, 0.7485408, 0.57379365), (0.5012638, -0.00018854554, 0.8652945), (0.2615711, -0.00017178599, 0.96518415), (0.00004537544, 1, 0.00025831704), (-0.030694364, 0.9981238, -0.05297746), (0.33233622, 0.7485408, 0.57379365), (0.18491058, 0.70712733, 0.68248), (-0.18479672, 0.70719993, -0.68243563), (-0.3648346, 0.68558735, -0.6299728), (-0.030694364, 0.9981238, -0.05297746), (0.00004537544, 1, 0.00025831704), (-0.2613356, -0.00017169611, -0.965248), (-0.5011006, -0.00016556664, -0.86538905), (-0.3648346, 0.68558735, -0.6299728), (-0.18479672, 0.70719993, -0.68243563), (-1, 0, 0.0000016158374), (-0.80896556, 0, 0.58785605), (-0.80896556, 0, 0.58785605), (-1, 0, 0.0000016158374), (-0.80896556, 0, 0.58785605), (-0.30889645, 0, 0.9510956), (-0.30889645, 0, 0.9510956), (-0.80896556, 0, 0.58785605), (-0.30889645, 0, 0.9510956), (0.30891985, 0, 0.951088), (0.30891985, 0, 0.951088), (-0.30889645, 0, 0.9510956), (0.30891985, 0, 0.951088), (0.8089567, 0, 0.5878683), (0.8089567, 0, 0.5878683), (0.30891985, 0, 0.951088), (0.8089567, 0, 0.5878683), (1, 0, 0.000001615879), (1, 0, 0.000001615879), (0.8089567, 0, 0.5878683), (1, 0, 0.000001615879), (0.80895764, 0, -0.58786696), (0.80895764, 0, -0.58786696), (1, 0, 0.000001615879), (0.80895764, 0, -0.58786696), (0.30891985, 0, -0.951088), (0.30891985, 0, -0.951088), (0.80895764, 0, -0.58786696), (0.30891985, 0, -0.951088), (-0.30889648, 0, -0.9510956), (-0.30889648, 0, -0.9510956), (0.30891985, 0, -0.951088), (-0.30889648, 0, -0.9510956), (-0.8089666, 0, -0.58785474), (-0.8089666, 0, -0.58785474), (-0.30889648, 0, -0.9510956), (-0.8089666, 0, -0.58785474), (-1, 0, 0.0000016158374), (-1, 0, 0.0000016158374), (-0.8089666, 0, -0.58785474), (-0.23650442, -0.9716304, 3.158027e-7), (-0.000040985684, -1, 7.584571e-7), (-0.19130903, -0.97163486, 0.13902004), (-0.19130903, -0.97163486, 0.13902004), (-0.000040985684, -1, 7.584571e-7), (-0.07306333, -0.9716275, 0.22494815), (-0.07306333, -0.9716275, 0.22494815), (-0.000040985684, -1, 7.584571e-7), (0.07307187, -0.9716336, 0.22491917), (0.07307187, -0.9716336, 0.22491917), (-0.000040985684, -1, 7.584571e-7), (0.19126582, -0.9716484, 0.13898443), (0.19126582, -0.9716484, 0.13898443), (-0.000040985684, -1, 7.584571e-7), (0.23642382, -0.97165, 3.217266e-7), (0.23642382, -0.97165, 3.217266e-7), (-0.000040985684, -1, 7.584571e-7), (0.19126523, -0.9716486, -0.13898383), (0.19126523, -0.9716486, -0.13898383), (-0.000040985684, -1, 7.584571e-7), (0.07307139, -0.9716339, -0.22491787), (0.07307139, -0.9716339, -0.22491787), (-0.000040985684, -1, 7.584571e-7), (-0.07306284, -0.97162783, -0.22494686), (-0.07306284, -0.97162783, -0.22494686), (-0.000040985684, -1, 7.584571e-7), (-0.19130847, -0.9716351, -0.13901943), (-0.19130847, -0.9716351, -0.13901943), (-0.000040985684, -1, 7.584571e-7), (-0.23650442, -0.9716304, 3.158027e-7), (0.80896556, 0, 0.58785605), (0.80896556, 0, 0.58785605), (1, 0, 0.0000016158374), (1, 0, 0.0000016158374), (0.30889645, 0, 0.9510956), (0.30889645, 0, 0.9510956), (0.80896556, 0, 0.58785605), (0.80896556, 0, 0.58785605), (-0.30889645, 0, 0.9510956), (-0.30889645, 0, 0.9510956), (0.30889645, 0, 0.9510956), (0.30889645, 0, 0.9510956), (-0.8089422, 0, 0.5878882), (-0.8089422, 0, 0.5878882), (-0.30889645, 0, 0.9510956), (-0.30889645, 0, 0.9510956), (-1, 0, 0.0000016258535), (-1, 0, 0.0000016258535), (-0.8089422, 0, 0.5878882), (-0.8089422, 0, 0.5878882), (-0.8089432, 0, -0.5878868), (-0.8089432, 0, -0.5878868), (-1, 0, 0.0000016258535), (-1, 0, 0.0000016258535), (-0.30889645, 0, -0.9510956), (-0.30889645, 0, -0.9510956), (-0.8089432, 0, -0.5878868), (-0.8089432, 0, -0.5878868), (0.30889645, 0, -0.9510956), (0.30889645, 0, -0.9510956), (-0.30889645, 0, -0.9510956), (-0.30889645, 0, -0.9510956), (0.8089665, 0, -0.58785474), (0.8089665, 0, -0.58785474), (0.30889645, 0, -0.9510956), (0.30889645, 0, -0.9510956), (1, 0, 0.0000016158374), (1, 0, 0.0000016158374), (0.8089665, 0, -0.58785474), (0.8089665, 0, -0.58785474), (0.23650442, -0.9716304, 3.158027e-7), (0.19130903, -0.97163486, 0.13902004), (0.0000023706016, -1, 7.660322e-7), (0.19130903, -0.97163486, 0.13902004), (0.07306333, -0.9716275, 0.22494815), (0.0000023706016, -1, 7.660322e-7), (0.07306333, -0.9716275, 0.22494815), (-0.07306333, -0.9716275, 0.22494815), (0.0000023706016, -1, 7.660322e-7), (-0.07306333, -0.9716275, 0.22494815), (-0.19130434, -0.97163486, 0.1390265), (0.0000023706016, -1, 7.660322e-7), (-0.19130434, -0.97163486, 0.1390265), (-0.2364929, -0.97163326, 3.246774e-7), (0.0000023706016, -1, 7.660322e-7), (-0.2364929, -0.97163326, 3.246774e-7), (-0.19130376, -0.9716351, -0.13902588), (0.0000023706016, -1, 7.660322e-7), (-0.19130376, -0.9716351, -0.13902588), (-0.07306284, -0.97162783, -0.22494686), (0.0000023706016, -1, 7.660322e-7), (-0.07306284, -0.97162783, -0.22494686), (0.07306284, -0.97162783, -0.22494686), (0.0000023706016, -1, 7.660322e-7), (0.07306284, -0.97162783, -0.22494686), (0.19130847, -0.9716351, -0.13901943), (0.0000023706016, -1, 7.660322e-7), (0.19130847, -0.9716351, -0.13901943), (0.23650442, -0.9716304, 3.158027e-7), (0.0000023706016, -1, 7.660322e-7), (-1, 0, -0.0000016158374), (-0.8090955, 0, 0.58767724), (-0.8090955, 0, 0.58767724), (-1, 0, -0.0000016158374), (-0.8090955, 0, 0.58767724), (-0.30910525, 0, 0.9510279), (-0.30910525, 0, 0.9510279), (-0.8090955, 0, 0.58767724), (-0.30910525, 0, 0.9510279), (0.30912855, 0, 0.95102024), (0.30912855, 0, 0.95102024), (-0.30910525, 0, 0.9510279), (0.30912855, 0, 0.95102024), (0.80908656, 0, 0.5876894), (0.80908656, 0, 0.5876894), (0.30912855, 0, 0.95102024), (0.80908656, 0, 0.5876894), (1, 0, -0.000001615879), (1, 0, -0.000001615879), (0.80908656, 0, 0.5876894), (1, 0, -0.000001615879), (0.8089566, 0, -0.58786833), (0.8089566, 0, -0.58786833), (1, 0, -0.000001615879), (0.8089566, 0, -0.58786833), (0.30891985, 0, -0.951088), (0.30891985, 0, -0.951088), (0.8089566, 0, -0.58786833), (0.30891985, 0, -0.951088), (-0.30889654, 0, -0.95109564), (-0.30889654, 0, -0.95109564), (0.30891985, 0, -0.951088), (-0.30889654, 0, -0.95109564), (-0.8089656, 0, -0.58785605), (-0.8089656, 0, -0.58785605), (-0.30889654, 0, -0.95109564), (-0.8089656, 0, -0.58785605), (-1, 0, -0.0000016158374), (-1, 0, -0.0000016158374), (-0.8089656, 0, -0.58785605), (-0.23650442, -0.9716304, -3.158027e-7), (-0.000040982846, -1, -0.000028734772), (-0.19133441, -0.97163504, 0.13898373), (-0.19133441, -0.97163504, 0.13898373), (-0.000040982846, -1, -0.000028734772), (-0.07307933, -0.9716452, 0.22486666), (-0.07307933, -0.9716452, 0.22486666), (-0.000040982846, -1, -0.000028734772), (0.07308786, -0.9716512, 0.22483769), (0.07308786, -0.9716512, 0.22483769), (-0.000040982846, -1, -0.000028734772), (0.19129115, -0.9716487, 0.13894813), (0.19129115, -0.9716487, 0.13894813), (-0.000040982846, -1, -0.000028734772), (0.23642382, -0.97165, -3.217266e-7), (0.23642382, -0.97165, -3.217266e-7), (-0.000040982846, -1, -0.000028734772), (0.19126582, -0.9716484, -0.13898443), (0.19126582, -0.9716484, -0.13898443), (-0.000040982846, -1, -0.000028734772), (0.07307188, -0.9716336, -0.2249192), (0.07307188, -0.9716336, -0.2249192), (-0.000040982846, -1, -0.000028734772), (-0.07306333, -0.9716275, -0.22494815), (-0.07306333, -0.9716275, -0.22494815), (-0.000040982846, -1, -0.000028734772), (-0.19130903, -0.97163486, -0.13902004), (-0.19130903, -0.97163486, -0.13902004), (-0.000040982846, -1, -0.000028734772), (-0.23650442, -0.9716304, -3.158027e-7), (0.8090955, 0, 0.58767724), (0.8090955, 0, 0.58767724), (1, 0, -0.0000016158374), (1, 0, -0.0000016158374), (0.30910522, 0, 0.9510278), (0.30910522, 0, 0.9510278), (0.8090955, 0, 0.58767724), (0.8090955, 0, 0.58767724), (-0.30910522, 0, 0.9510278), (-0.30910522, 0, 0.9510278), (0.30910522, 0, 0.9510278), (0.30910522, 0, 0.9510278), (-0.8090722, 0, 0.5877093), (-0.8090722, 0, 0.5877093), (-0.30910522, 0, 0.9510278), (-0.30910522, 0, 0.9510278), (-1, 0, -0.0000015959299), (-1, 0, -0.0000015959299), (-0.8090722, 0, 0.5877093), (-0.8090722, 0, 0.5877093), (-0.8089422, 0, -0.5878882), (-0.8089422, 0, -0.5878882), (-1, 0, -0.0000015959299), (-1, 0, -0.0000015959299), (-0.30889645, 0, -0.9510956), (-0.30889645, 0, -0.9510956), (-0.8089422, 0, -0.5878882), (-0.8089422, 0, -0.5878882), (0.30889645, 0, -0.9510956), (0.30889645, 0, -0.9510956), (-0.30889645, 0, -0.9510956), (-0.30889645, 0, -0.9510956), (0.80896556, 0, -0.58785605), (0.80896556, 0, -0.58785605), (0.30889645, 0, -0.9510956), (0.30889645, 0, -0.9510956), (1, 0, -0.0000016158374), (1, 0, -0.0000016158374), (0.80896556, 0, -0.58785605), (0.80896556, 0, -0.58785605), (0.23650442, -0.9716304, -3.158027e-7), (0.19133441, -0.97163504, 0.13898373), (0.0000023680616, -1, -0.000028752782), (0.19133441, -0.97163504, 0.13898373), (0.07307933, -0.9716452, 0.22486666), (0.0000023680616, -1, -0.000028752782), (0.07307933, -0.9716452, 0.22486666), (-0.07307933, -0.9716452, 0.22486666), (0.0000023680616, -1, -0.000028752782), (-0.07307933, -0.9716452, 0.22486666), (-0.1913297, -0.97163504, 0.13899018), (0.0000023680616, -1, -0.000028752782), (-0.1913297, -0.97163504, 0.13899018), (-0.2364929, -0.97163326, -3.246774e-7), (0.0000023680616, -1, -0.000028752782), (-0.2364929, -0.97163326, -3.246774e-7), (-0.19130434, -0.97163486, -0.1390265), (0.0000023680616, -1, -0.000028752782), (-0.19130434, -0.97163486, -0.1390265), (-0.07306333, -0.9716275, -0.22494815), (0.0000023680616, -1, -0.000028752782), (-0.07306333, -0.9716275, -0.22494815), (0.07306333, -0.9716275, -0.22494815), (0.0000023680616, -1, -0.000028752782), (0.07306333, -0.9716275, -0.22494815), (0.19130903, -0.97163486, -0.13902004), (0.0000023680616, -1, -0.000028752782), (0.19130903, -0.97163486, -0.13902004), (0.23650442, -0.9716304, -3.158027e-7), (0.0000023680616, -1, -0.000028752782), (0, -1, 0), (0, -1, 0), (0, -0.99999994, 0), (0, -1, 0), (0.067734465, -0.38456678, -0.9206087), (-0.067752294, -0.3845709, -0.9206058), (-0.0744479, 0, -0.997225), (0.074435994, 0, -0.9972259), (1, 0, 0), (0.93967843, -0.34205908, 0), (0.9396637, -0.3392728, -0.04388751), (0.99891764, 0, -0.0465148), (-0.073666535, -0.383957, 0.92040765), (0.073647216, -0.38395265, 0.92041105), (0.08095486, 0, 0.9967178), (-0.080967754, 0, 0.9967167), (-1, 0, 0), (-0.93960184, -0.3422693, 0), (-0.93958604, -0.33948776, 0.0438876), (-0.99891764, 0, 0.0465148), (0.9396637, -0.3392728, 0.043887507), (0.93967843, -0.34205908, 0), (1, 0, 0), (0.99891764, 0, 0.0465148), (-0.93958604, -0.33948776, -0.043887597), (-0.93960184, -0.3422693, 0), (-1, 0, 0), (-0.99891764, 0, -0.046514794), (0.013516199, -0.6389872, 0.76909864), (0.0238382, -0.63740927, 0.77015656), (0.02346152, -0.63738626, 0.77018714), (0.012773295, -0.6389863, 0.7691121), (0.56182176, -0.10192006, 0.8209559), (0.5030875, -0.20538796, 0.83947533), (0.62608516, 0.0350509, 0.7789664), (0.6260853, 0.035050903, 0.7789665), (-0.47692892, -0.08235437, -0.87507516), (-0.4209713, -0.174648, -0.8901019), (-0.5367461, 0.029993104, -0.8432105), (-0.5367461, 0.029993102, -0.84321046), (-0.016506994, -0.5493704, -0.8354159), (-0.028457684, -0.54745644, -0.8363502), (-0.030480035, -0.5475089, -0.8362445), (-0.016277347, -0.549375, -0.8354173), (0.5368584, 0.030055597, -0.8431369), (0.4210706, -0.17464267, -0.8900559), (0.47706252, -0.08227781, -0.87500954), (0.5368583, 0.030055596, -0.84313685), (-0.62597406, 0.034979124, 0.779059), (-0.5029777, -0.20540284, 0.8395374), (-0.5616819, -0.10200958, 0.82104045), (-0.625974, 0.034979124, 0.77905905), (-0.24469745, 0, -0.96959955), (-0.2238974, -0.37670457, -0.898868), (-0.367771, -0.3722562, -0.85215604), (-0.39746508, 0, -0.9176173), (0.22390184, -0.37670922, -0.89886487), (0.2446937, 0, -0.96960044), (0.39747247, 0, -0.91761404), (0.36777416, -0.37228608, -0.8521415), (0.9396637, -0.3392728, 0.043887507), (0.99891764, 0, 0.0465148), (0.9760794, 0, 0.21741432), (0.91822916, -0.33814096, 0.20619363), (-0.21857676, -0.37823725, 0.8995337), (-0.23855901, 0, 0.971128), (-0.38562688, 0, 0.9226548), (-0.35644358, -0.37208965, 0.85702825), (-0.39746508, 0, -0.9176173), (-0.367771, -0.3722562, -0.85215604), (-0.5780153, -0.35781747, -0.7333927), (-0.62277836, 0, -0.7823983), (-0.62277836, 0, -0.7823983), (-0.5780153, -0.35781747, -0.7333927), (-0.81149966, -0.34551203, -0.4712641), (-0.86692125, 0, -0.49844518), (-0.86692125, 0, -0.49844518), (-0.81149966, -0.34551203, -0.4712641), (-0.91815823, -0.3383475, -0.20617095), (-0.9760794, 0, -0.21741432), (-0.9760794, 0, -0.21741432), (-0.91815823, -0.3383475, -0.20617095), (-0.93958604, -0.33948776, -0.043887597), (-0.99891764, 0, -0.046514794), (0.36777416, -0.37228608, -0.8521415), (0.39747247, 0, -0.91761404), (0.62288344, 0, -0.78231466), (0.57808906, -0.35779288, -0.7333466), (0.57808906, -0.35779288, -0.7333466), (0.62288344, 0, -0.78231466), (0.8669881, 0, -0.49832878), (0.8115874, -0.34538123, -0.47120866), (0.8115874, -0.34538123, -0.47120866), (0.8669881, 0, -0.49832878), (0.9760794, 0, -0.21741432), (0.91822916, -0.33814096, -0.20619363), (0.91822916, -0.33814096, -0.20619363), (0.9760794, 0, -0.21741432), (0.99891764, 0, -0.0465148), (0.9396637, -0.3392728, -0.04388751), (0.91822916, -0.33814096, 0.20619363), (0.9760794, 0, 0.21741432), (0.8669881, 0, 0.49832878), (0.81158745, -0.34538126, 0.47120866), (0.81158745, -0.34538126, 0.47120866), (0.8669881, 0, 0.49832878), (0.6228834, 0, 0.78231466), (0.57808906, -0.3577929, 0.7333466), (0.57808906, -0.3577929, 0.7333466), (0.6228834, 0, 0.78231466), (0.38563383, 0, 0.92265195), (0.3564475, -0.372118, 0.85701424), (0.3564475, -0.372118, 0.85701424), (0.38563383, 0, 0.92265195), (0.23855376, 0, 0.97112936), (0.21858, -0.37824044, 0.89953154), (-0.35644358, -0.37208965, 0.85702825), (-0.38562688, 0, 0.9226548), (-0.6227783, 0, 0.7823983), (-0.5780154, -0.3578175, 0.7333927), (-0.5780154, -0.3578175, 0.7333927), (-0.6227783, 0, 0.7823983), (-0.86692125, 0, 0.49844518), (-0.81149966, -0.34551203, 0.47126415), (-0.81149966, -0.34551203, 0.47126415), (-0.86692125, 0, 0.49844518), (-0.9760794, 0, 0.21741432), (-0.91815823, -0.3383475, 0.20617095), (-0.91815823, -0.3383475, 0.20617095), (-0.9760794, 0, 0.21741432), (-0.99891764, 0, 0.0465148), (-0.93958604, -0.33948776, 0.0438876), (0.15805759, -0.91547257, 0.37003765), (0.09820699, -0.91724104, 0.38603657), (0, -1, 0), (0, -1, 0), (0.029377514, -0.9212357, -0.38789412), (-0.029370062, -0.92123866, -0.38788766), (-0.067752294, -0.3845709, -0.9206058), (0.067734465, -0.38456678, -0.9206087), (0.9396637, -0.3392728, -0.04388751), (0.93967843, -0.34205908, 0), (0.4225807, -0.90632534, 0), (0.4318623, -0.9017191, -0.019938648), (-0.03220367, -0.9206473, 0.3890648), (0.03221187, -0.9206441, 0.38907167), (0.073647216, -0.38395265, 0.92041105), (-0.073666535, -0.383957, 0.92040765), (-0.43165344, -0.9018193, 0.019933945), (-0.93958604, -0.33948776, 0.0438876), (-0.93960184, -0.3422693, 0), (-0.4223779, -0.9064199, 0), (0.93967843, -0.34205908, 0), (0.9396637, -0.3392728, 0.043887507), (0.4318623, -0.9017191, 0.019938648), (0.4225807, -0.90632534, 0), (-0.93960184, -0.3422693, 0), (-0.93958604, -0.33948776, -0.043887597), (-0.43165347, -0.9018193, -0.019933946), (-0.42237788, -0.9064199, 0), (0.5030875, -0.20538796, 0.83947533), (0.56182176, -0.10192006, 0.8209559), (0.19870724, -0.51354945, 0.834735), (0.25711817, -0.47024056, 0.8442536), (-0.4209713, -0.174648, -0.8901019), (-0.47692892, -0.08235437, -0.87507516), (-0.16382925, -0.43443006, -0.8856808), (-0.2161187, -0.39370835, -0.8934688), (0.16389431, -0.43441653, -0.88567543), (0.47706252, -0.08227781, -0.87500954), (0.4210706, -0.17464267, -0.8900559), (0.21616967, -0.39371547, -0.8934533), (-0.19863117, -0.5135657, 0.834743), (-0.5616819, -0.10200958, 0.82104045), (-0.5029777, -0.20540284, 0.8395374), (-0.2570592, -0.47023562, 0.84427434), (-0.1027374, -0.91541445, -0.3891806), (-0.16190638, -0.9163134, -0.36627337), (-0.367771, -0.3722562, -0.85215604), (-0.2238974, -0.37670457, -0.898868), (0.9396637, -0.3392728, -0.04388751), (0.4318623, -0.9017191, -0.019938648), (0.43486348, -0.8955067, -0.09466636), (0.91822916, -0.33814096, -0.20619363), (-0.93958604, -0.33948776, 0.0438876), (-0.43165344, -0.9018193, 0.019933945), (-0.43463892, -0.89562017, 0.09462344), (-0.91815823, -0.3383475, 0.20617095), (0.09820699, -0.91724104, 0.38603657), (0.15805759, -0.91547257, 0.37003765), (0.3564475, -0.372118, 0.85701424), (0.21858, -0.37824044, 0.89953154), (-0.43463892, -0.89562017, -0.09462344), (-0.43165347, -0.9018193, -0.019933946), (-0.93958604, -0.33948776, -0.043887597), (-0.91815823, -0.3383475, -0.20617095), (-0.38821316, -0.89579517, -0.21642916), (-0.43463892, -0.89562017, -0.09462344), (-0.91815823, -0.3383475, -0.20617095), (-0.81149966, -0.34551203, -0.4712641), (-0.27544114, -0.9010349, -0.33506477), (-0.38821316, -0.89579517, -0.21642916), (-0.81149966, -0.34551203, -0.4712641), (-0.5780153, -0.35781747, -0.7333927), (-0.16190638, -0.9163134, -0.36627337), (-0.27544114, -0.9010349, -0.33506477), (-0.5780153, -0.35781747, -0.7333927), (-0.367771, -0.3722562, -0.85215604), (0.36777416, -0.37228608, -0.8521415), (0.16186324, -0.9163426, -0.36621925), (0.10274922, -0.91541344, -0.3891798), (0.22390184, -0.37670922, -0.89886487), (0.57808906, -0.35779288, -0.7333466), (0.27549997, -0.9010092, -0.3350853), (0.16186324, -0.9163426, -0.36621925), (0.36777416, -0.37228608, -0.8521415), (0.8115874, -0.34538123, -0.47120866), (0.3883723, -0.895719, -0.21645893), (0.27549997, -0.9010092, -0.3350853), (0.57808906, -0.35779288, -0.7333466), (0.91822916, -0.33814096, -0.20619363), (0.43486348, -0.8955067, -0.09466636), (0.3883723, -0.895719, -0.21645893), (0.8115874, -0.34538123, -0.47120866), (-0.35644358, -0.37208965, 0.85702825), (-0.15810174, -0.915444, 0.3700896), (-0.098196045, -0.91724247, 0.3860359), (-0.21857676, -0.37823725, 0.8995337), (-0.5780154, -0.3578175, 0.7333927), (-0.2754411, -0.9010349, 0.33506474), (-0.15810174, -0.915444, 0.3700896), (-0.35644358, -0.37208965, 0.85702825), (-0.81149966, -0.34551203, 0.47126415), (-0.38821313, -0.89579517, 0.21642916), (-0.2754411, -0.9010349, 0.33506474), (-0.5780154, -0.3578175, 0.7333927), (-0.91815823, -0.3383475, 0.20617095), (-0.43463892, -0.89562017, 0.09462344), (-0.38821313, -0.89579517, 0.21642916), (-0.81149966, -0.34551203, 0.47126415), (0.43486348, -0.8955067, 0.094666354), (0.4318623, -0.9017191, 0.019938648), (0.9396637, -0.3392728, 0.043887507), (0.91822916, -0.33814096, 0.20619363), (0.38837224, -0.895719, 0.2164589), (0.43486348, -0.8955067, 0.094666354), (0.91822916, -0.33814096, 0.20619363), (0.81158745, -0.34538126, 0.47120866), (0.27549994, -0.90100926, 0.3350853), (0.38837224, -0.895719, 0.2164589), (0.81158745, -0.34538126, 0.47120866), (0.57808906, -0.3577929, 0.7333466), (0.15805759, -0.91547257, 0.37003765), (0.27549994, -0.90100926, 0.3350853), (0.57808906, -0.3577929, 0.7333466), (0.3564475, -0.372118, 0.85701424), (0, -1, 0), (0, -1, 0), (0, -1, 0), (0, -1, 0), (0, -1, 0), (0, -1, 0), (0, -1, 0), (0, -1, 0), (0.16186324, -0.9163426, -0.36621925), (0, -1, 0), (0, -1, 0), (0.10274922, -0.91541344, -0.3891798), (0, -1, 0), (0, -1, 0), (0, -1, 0), (0, -1, 0), (0, -1, 0), (0, -1, 0), (0, -1, 0), (0, -1, 0), (0, -1, 0), (0, -1, 0), (0, -1, 0), (0, -1, 0), (0, -1, 0), (0, -1, 0), (0, -1, 0), (0, -1, 0), (0, -1, 0), (0, -1, 0), (0, -1, 0), (0, -1, 0), (-0.15810174, -0.915444, 0.3700896), (0, -1, 0), (0, -1, 0), (-0.098196045, -0.91724247, 0.3860359), (0, -1, 0), (0, -1, 0), (0, -1, 0), (0, -1, 0), (0, -1, 0), (0, -1, 0), (0, -1, 0), (0, -1, 0), (0, -1, 0), (0, -1, 0), (0, -1, 0), (0, -1, 0), (0, -1, 0), (0, -1, 0), (0, -1, 0), (0, -1, 0), (0.017922277, -0.54968613, -0.83517903), (0.028837323, -0.549056, -0.835288), (0.027088856, -0.54891294, -0.8354405), (0.011830052, -0.54939306, -0.83548033), (-0.022372695, -0.63640195, 0.7710331), (-0.022655668, -0.6364078, 0.77102005), (-0.014681474, -0.63873607, 0.7692858), (-0.009367247, -0.6390302, 0.76912457), (0, -1, 0), (0, -1, 0), (0, -1, 0), (0, -0.99999994, 0), (0, -1, 0), (0, -1, 0), (0, -1, 0), (0, -1, 0), (0, -1, 0), (0, -1, 0), (0, -1, 0), (0, -1, 0), (0, -1, 0), (0, -1, 0), (0, -1, 0), (0, -1, 0), (0, -1, 0), (0, -1, 0), (-0.16190638, -0.9163134, -0.36627337), (-0.1027374, -0.91541445, -0.3891806), (0, -1, 0), (0, -1, 0), (0.03221187, -0.9206441, 0.38907167), (-0.03220367, -0.9206473, 0.3890648), (0, -1, 0), (0, -1, 0), (0, -1, 0), (0, -1, 0), (0, -1, 0), (0, -1, 0), (0, -1, 0), (0, -1, 0), (0, -1, 0), (0, -1, 0), (0, -1, 0), (0, -1, 0), (0, -1, 0), (0, -1, 0), (0, -1, 0), (0, -1, 0), (0.012841819, -0.5481357, -0.8362909), (-0.013866877, -0.54685915, -0.83710974), (-0.012258432, -0.54682064, -0.83716), (0.013237988, -0.54818517, -0.8362522), (0.009974051, -0.638001, 0.7699709), (0.01094057, -0.63821304, 0.7697821), (-0.0102158785, -0.63717633, 0.7706504), (-0.010728992, -0.6372449, 0.77058667), (0, -1, 0), (0, -1, 0), (0, -1, 0), (0, -0.99999994, 0), (0, -1, 0), (0, -1, 0), (0, -1, 0), (0, -1, 0), (0, -1, 0), (0, -1, 0), (0, -1, 0), (0, -1, 0), (0, -1, 0), (0, -1, 0), (0, -1, 0), (0, -1, 0), (-0.029370062, -0.92123866, -0.38788766), (0.029377514, -0.9212357, -0.38789412), (0, -1, 0), (0, -1, 0), (-0.15810174, -0.915444, 0.3700896), (-0.2754411, -0.9010349, 0.33506474), (0, -1, 0), (-0.2754411, -0.9010349, 0.33506474), (-0.38821313, -0.89579517, 0.21642916), (0, -1, 0), (-0.38821313, -0.89579517, 0.21642916), (-0.43463892, -0.89562017, 0.09462344), (0, -1, 0), (0, -1, 0), (-0.43463892, -0.89562017, 0.09462344), (-0.43165344, -0.9018193, 0.019933945), (0, -1, 0), (0, -1, 0), (-0.4223779, -0.9064199, 0), (0, -1, 0), (0, -1, 0), (-0.43165344, -0.9018193, 0.019933945), (0, -0.5464805, -0.83747184), (-0.2161187, -0.39370835, -0.8934688), (-0.16382925, -0.43443006, -0.8856808), (0, -0.5464805, -0.83747184), (-0.19863117, -0.5135657, 0.834743), (-0.2570592, -0.47023562, 0.84427434), (0, -0.63577557, 0.77187395), (0, -0.63577557, 0.77187395), (-0.43165347, -0.9018193, -0.019933946), (0, -1, 0), (0, -1, 0), (-0.42237788, -0.9064199, 0), (0, -1, 0), (-0.43165347, -0.9018193, -0.019933946), (-0.43463892, -0.89562017, -0.09462344), (0, -1, 0), (0, -1, 0), (-0.43463892, -0.89562017, -0.09462344), (-0.38821316, -0.89579517, -0.21642916), (0, -1, 0), (0, -1, 0), (-0.38821316, -0.89579517, -0.21642916), (-0.27544114, -0.9010349, -0.33506477), (0, -1, 0), (-0.27544114, -0.9010349, -0.33506477), (-0.16190638, -0.9163134, -0.36627337), (0.16186324, -0.9163426, -0.36621925), (0.27549997, -0.9010092, -0.3350853), (0, -1, 0), (0.27549997, -0.9010092, -0.3350853), (0.3883723, -0.895719, -0.21645893), (0, -1, 0), (0.3883723, -0.895719, -0.21645893), (0.43486348, -0.8955067, -0.09466636), (0, -1, 0), (0, -1, 0), (0.43486348, -0.8955067, -0.09466636), (0.4318623, -0.9017191, -0.019938648), (0, -1, 0), (0, -1, 0), (0.4225807, -0.90632534, 0), (0, -1, 0), (0, -1, 0), (0.4318623, -0.9017191, -0.019938648), (0, -0.6357756, 0.77187395), (0.25711817, -0.47024056, 0.8442536), (0.19870724, -0.51354945, 0.834735), (0, -0.6357756, 0.77187395), (0.16389431, -0.43441653, -0.88567543), (0.21616967, -0.39371547, -0.8934533), (0, -0.54648054, -0.8374718), (0, -0.54648054, -0.8374718), (0.4318623, -0.9017191, 0.019938648), (0, -1, 0), (0, -1, 0), (0.4225807, -0.90632534, 0), (0, -1, 0), (0.4318623, -0.9017191, 0.019938648), (0.43486348, -0.8955067, 0.094666354), (0, -1, 0), (0, -1, 0), (0.43486348, -0.8955067, 0.094666354), (0.38837224, -0.895719, 0.2164589), (0, -0.99999994, 0), (0, -0.99999994, 0), (0.38837224, -0.895719, 0.2164589), (0.27549994, -0.90100926, 0.3350853), (0, -1, 0), (0.27549994, -0.90100926, 0.3350853), (0.15805759, -0.91547257, 0.37003765), (0, -1, 0), (0, -1, 0), (0, -1, 0), (0, -1, 0), (0, -1, 0), (0, -1, 0), (0, -1, 0), (0, -1, 0), (0, -1, 0), (0, -1, 0), (0, -1, 0), (0, -0.99999994, 0), (0, -1, 0), (0, -1, 0), (0, -1, 0), (0, -0.63577557, 0.77187395), (-0.022655668, -0.6364078, 0.77102005), (-0.022372695, -0.63640195, 0.7710331), (0, -0.63577557, 0.77187395), (0.027088856, -0.54891294, -0.8354405), (0.028837323, -0.549056, -0.835288), (0, -0.5464805, -0.83747184), (0, -0.5464805, -0.83747184), (0, -1, 0), (0, -1, 0), (0, -1, 0), (0, -1, 0), (0, -1, 0), (0, -1, 0), (0, -1, 0), (0, -1, 0), (0, -1, 0), (0, -1, 0), (0, -1, 0), (0, -1, 0), (0, -1, 0), (0, -1, 0), (-0.2754411, -0.9010349, 0.33506474), (0.27549994, -0.90100926, 0.3350853), (0, -1, 0), (0, -0.99999994, 0), (0, -1, 0), (0, -1, 0), (0, -0.99999994, 0), (0, -1, 0), (0, -1, 0), (0, -1, 0), (0, -1, 0), (0, -1, 0), (0, -1, 0), (0, -1, 0), (0, -1, 0), (0, -1, 0), (-0.030480035, -0.5475089, -0.8362445), (-0.028457684, -0.54745644, -0.8363502), (0, -0.54648054, -0.8374718), (0, -0.54648054, -0.8374718), (0, -0.6357756, 0.77187395), (0.02346152, -0.63738626, 0.77018714), (0.0238382, -0.63740927, 0.77015656), (0, -0.6357756, 0.77187395), (0, -1, 0), (0, -1, 0), (0, -1, 0), (0, -1, 0), (0, -1, 0), (0, -1, 0), (0, -1, 0), (0, -1, 0), (0, -1, 0), (0, -1, 0), (0, -1, 0), (0, -1, 0), (0, -1, 0), (0, -1, 0), (0, -1, 0), (0, -1, 0), (0, -1, 0), (0, -0.99999994, 0), (0, -1, 0), (0, -1, 0), (0, -1, 0), (0, -1, 0), (-0.27544114, -0.9010349, -0.33506477), (0, -1, 0), (0, -1, 0), (0.27549997, -0.9010092, -0.3350853), (0, -1, 0), (0.22390184, -0.37670922, -0.89886487), (0.067734465, -0.38456678, -0.9206087), (0.074435994, 0, -0.9972259), (0.2446937, 0, -0.96960044), (-0.24469745, 0, -0.96959955), (-0.0744479, 0, -0.997225), (-0.067752294, -0.3845709, -0.9206058), (-0.2238974, -0.37670457, -0.898868), (-0.21857676, -0.37823725, 0.8995337), (-0.073666535, -0.383957, 0.92040765), (-0.080967754, 0, 0.9967167), (-0.23855901, 0, 0.971128), (0.23855376, 0, 0.97112936), (0.08095486, 0, 0.9967178), (0.073647216, -0.38395265, 0.92041105), (0.21858, -0.37824044, 0.89953154), (0.22390184, -0.37670922, -0.89886487), (0.10274922, -0.91541344, -0.3891798), (0.029377514, -0.9212357, -0.38789412), (0.067734465, -0.38456678, -0.9206087), (-0.2238974, -0.37670457, -0.898868), (-0.067752294, -0.3845709, -0.9206058), (-0.029370062, -0.92123866, -0.38788766), (-0.1027374, -0.91541445, -0.3891806), (-0.21857676, -0.37823725, 0.8995337), (-0.098196045, -0.91724247, 0.3860359), (-0.03220367, -0.9206473, 0.3890648), (-0.073666535, -0.383957, 0.92040765), (0.21858, -0.37824044, 0.89953154), (0.073647216, -0.38395265, 0.92041105), (0.03221187, -0.9206441, 0.38907167), (0.09820699, -0.91724104, 0.38603657), (-0.098196045, -0.91724247, 0.3860359), (0, -1, 0), (0, -1, 0), (-0.03220367, -0.9206473, 0.3890648), (0.09820699, -0.91724104, 0.38603657), (0.03221187, -0.9206441, 0.38907167), (0, -1, 0), (0, -1, 0), (0, -1, 0), (0, -1, 0), (0, -1, 0), (0, -1, 0), (0, -1, 0), (0, -1, 0), (0, -1, 0), (0, -1, 0), (0, -1, 0), (0, -1, 0), (0, -1, 0), (0, -1, 0), (0, -1, 0), (0, -1, 0), (0, -1, 0), (0, -1, 0), (0, -1, 0), (0, -1, 0), (0, -1, 0), (0, -1, 0), (0, -1, 0), (0, -1, 0), (0, -1, 0), (0, -1, 0), (0, -1, 0), (0, -1, 0), (0, -1, 0), (0, -1, 0), (0, -1, 0), (0, -1, 0), (0, -1, 0), (0, -1, 0), (-0.013866877, -0.54685915, -0.83710974), (0.017922277, -0.54968613, -0.83517903), (0.011830052, -0.54939306, -0.83548033), (-0.012258432, -0.54682064, -0.83716), (-0.016506994, -0.5493704, -0.8354159), (-0.016277347, -0.549375, -0.8354173), (0.012841819, -0.5481357, -0.8362909), (0.013237988, -0.54818517, -0.8362522), (-0.009367247, -0.6390302, 0.76912457), (-0.014681474, -0.63873607, 0.7692858), (0.01094057, -0.63821304, 0.7697821), (0.009974051, -0.638001, 0.7699709), (0.013516199, -0.6389872, 0.76909864), (0.012773295, -0.6389863, 0.7691121), (-0.010728992, -0.6372449, 0.77058667), (-0.0102158785, -0.63717633, 0.7706504), (0, -1, 0), (0, -1, 0), (0, -0.99999994, 0), (0, -1, 0), (0, -1, 0), (0, -0.99999994, 0), (0, -1, 0), (0, -1, 0), (0, -1, 0), (0, -1, 0), (0, -1, 0), (0, -1, 0), (0, -1, 0), (0, -1, 0), (0, -1, 0), (0, -1, 0), (0, -1, 0), (0, -1, 0), (0, -1, 0), (0, -1, 0), (0, -1, 0), (0, -1, 0), (0, -1, 0), (0, -1, 0), (0, -1, 0), (0, -1, 0), (0, -1, 0), (0, -1, 0), (0, -1, 0), (0, -1, 0), (0, -1, 0), (0, -1, 0), (-0.1027374, -0.91541445, -0.3891806), (-0.029370062, -0.92123866, -0.38788766), (0, -1, 0), (0, -1, 0), (0.10274922, -0.91541344, -0.3891798), (0, -1, 0), (0, -1, 0), (0.029377514, -0.9212357, -0.38789412), (-0.23664048, -0.000011511487, 0.9715973), (-0.03898572, -0.000004705131, 0.9992398), (-0.03297173, 0.34915602, 0.93648434), (-0.20819893, 0.30310282, 0.92993647), (-0.03297173, 0.34915602, 0.93648434), (-0.03898572, -0.000004705131, 0.9992398), (0, 0, 1), (0, 0.35910985, 0.93329525), (0, 0, 1), (-0.03898572, -0.000004705131, 0.9992398), (-0.032973796, -0.34920168, 0.9364673), (0, -0.3591784, 0.93326896), (-0.032973796, -0.34920168, 0.9364673), (-0.03898572, -0.000004705131, 0.9992398), (-0.23664048, -0.000011511487, 0.9715973), (-0.20820189, -0.30307445, 0.9299451), (-0.24431774, 0.9680938, 0.055705827), (-0.04051695, 0.9968729, 0.06784315), (-0.042236008, 0.9991076, 0), (-0.25257018, 0.9675786, 0), (-0.042236008, 0.9991076, 0), (-0.04051695, 0.9968729, 0.06784315), (0, 0.9975034, 0.07061756), (0, 1, 0), (0, 0.9975034, 0.07061756), (-0.04051695, 0.9968729, 0.06784315), (-0.03306566, 0.94539636, 0.32424125), (0, 0.94264597, 0.3337945), (-0.03306566, 0.94539636, 0.32424125), (-0.04051695, 0.9968729, 0.06784315), (-0.24431774, 0.9680938, 0.055705827), (-0.2083376, 0.937099, 0.28007317), (0, -0.9975034, 0.07061756), (-0.04051695, -0.9968729, 0.06784315), (-0.042236008, -0.9991076, 0), (0, -1, 0), (-0.042236008, -0.9991076, 0), (-0.04051695, -0.9968729, 0.06784315), (-0.24438718, -0.9680778, 0.055681143), (-0.2526619, -0.96755457, 0), (-0.24438718, -0.9680778, 0.055681143), (-0.04051695, -0.9968729, 0.06784315), (-0.033051733, -0.94536954, 0.32432082), (-0.20835067, -0.93709445, 0.28007838), (-0.033051733, -0.94536954, 0.32432082), (-0.04051695, -0.9968729, 0.06784315), (0, -0.9975034, 0.07061756), (0, -0.9426089, 0.33389908), (-0.9356316, -0.3485943, 0.055459216), (-0.99787587, -0.000004810098, 0.06514422), (-1, 0, 0), (-0.9332697, -0.35917652, 0), (-1, 0, 0), (-0.99787587, -0.000004810098, 0.06514422), (-0.9356515, 0.3485412, 0.055455774), (-0.93329704, 0.35910538, 0), (-0.9356515, 0.3485412, 0.055455774), (-0.99787587, -0.000004810098, 0.06514422), (-0.9493472, -0.0000118720445, 0.31422907), (-0.91073316, 0.3034097, 0.2801921), (-0.9493472, -0.0000118720445, 0.31422907), (-0.99787587, -0.000004810098, 0.06514422), (-0.9356316, -0.3485943, 0.055459216), (-0.91074187, -0.30337754, 0.28019875), (-0.2083376, 0.937099, 0.28007317), (-0.63699454, 0.7308943, 0.24501306), (-0.5164893, 0.6169377, 0.59382385), (-0.17608301, 0.70648813, 0.68547016), (-0.20819893, 0.30310282, 0.92993647), (-0.17608301, 0.70648813, 0.68547016), (-0.5164893, 0.6169377, 0.59382385), (-0.64385515, 0.267943, 0.7166987), (-0.91073316, 0.3034097, 0.2801921), (-0.64385515, 0.267943, 0.7166987), (-0.5164893, 0.6169377, 0.59382385), (-0.63699454, 0.7308943, 0.24501306), (-0.91074187, -0.30337754, 0.28019875), (-0.6370288, -0.730872, 0.24499077), (-0.51652825, -0.61686575, 0.5938646), (-0.6438641, -0.26789406, 0.71670896), (-0.20820189, -0.30307445, 0.9299451), (-0.6438641, -0.26789406, 0.71670896), (-0.51652825, -0.61686575, 0.5938646), (-0.17607011, -0.70645124, 0.68551135), (-0.20835067, -0.93709445, 0.28007838), (-0.17607011, -0.70645124, 0.68551135), (-0.51652825, -0.61686575, 0.5938646), (-0.6370288, -0.730872, 0.24499077), (-0.03297173, 0.34915602, 0.93648434), (-0.026907725, 0.717637, 0.69589734), (-0.17608301, 0.70648813, 0.68547016), (-0.20819893, 0.30310282, 0.92993647), (-0.17608301, 0.70648813, 0.68547016), (-0.026907725, 0.717637, 0.69589734), (-0.03306566, 0.94539636, 0.32424125), (-0.2083376, 0.937099, 0.28007317), (-0.03306566, 0.94539636, 0.32424125), (-0.026907725, 0.717637, 0.69589734), (0, 0.7179238, 0.6961217), (0, 0.94264597, 0.3337945), (0, 0.7179238, 0.6961217), (-0.026907725, 0.717637, 0.69589734), (-0.03297173, 0.34915602, 0.93648434), (0, 0.35910985, 0.93329525), (-0.032973796, -0.34920168, 0.9364673), (-0.02689241, -0.71759915, 0.6959369), (0, -0.71789765, 0.69614863), (0, -0.3591784, 0.93326896), (0, -0.71789765, 0.69614863), (-0.02689241, -0.71759915, 0.6959369), (-0.033051733, -0.94536954, 0.32432082), (0, -0.9426089, 0.33389908), (-0.033051733, -0.94536954, 0.32432082), (-0.02689241, -0.71759915, 0.6959369), (-0.17607011, -0.70645124, 0.68551135), (-0.20835067, -0.93709445, 0.28007838), (-0.17607011, -0.70645124, 0.68551135), (-0.02689241, -0.71759915, 0.6959369), (-0.032973796, -0.34920168, 0.9364673), (-0.20820189, -0.30307445, 0.9299451), (-0.23664048, -0.000011511487, 0.9715973), (-0.6671806, -0.000014145942, 0.74489605), (-0.6438641, -0.26789406, 0.71670896), (-0.20820189, -0.30307445, 0.9299451), (-0.6438641, -0.26789406, 0.71670896), (-0.6671806, -0.000014145942, 0.74489605), (-0.9493472, -0.0000118720445, 0.31422907), (-0.91074187, -0.30337754, 0.28019875), (-0.9493472, -0.0000118720445, 0.31422907), (-0.6671806, -0.000014145942, 0.74489605), (-0.64385515, 0.267943, 0.7166987), (-0.91073316, 0.3034097, 0.2801921), (-0.64385515, 0.267943, 0.7166987), (-0.6671806, -0.000014145942, 0.74489605), (-0.23664048, -0.000011511487, 0.9715973), (-0.20819893, 0.30310282, 0.92993647), (-0.24431774, 0.9680938, 0.055705827), (-0.6542625, 0.75483596, 0.046510294), (-0.63699454, 0.7308943, 0.24501306), (-0.2083376, 0.937099, 0.28007317), (-0.63699454, 0.7308943, 0.24501306), (-0.6542625, 0.75483596, 0.046510294), (-0.9356515, 0.3485412, 0.055455774), (-0.91073316, 0.3034097, 0.2801921), (-0.9356515, 0.3485412, 0.055455774), (-0.6542625, 0.75483596, 0.046510294), (-0.6543303, 0.75620884, 0), (-0.93329704, 0.35910538, 0), (-0.6543303, 0.75620884, 0), (-0.6542625, 0.75483596, 0.046510294), (-0.24431774, 0.9680938, 0.055705827), (-0.25257018, 0.9675786, 0), (-0.24438718, -0.9680778, 0.055681143), (-0.6542981, -0.7548067, 0.046483885), (-0.6543443, -0.7561967, 0), (-0.2526619, -0.96755457, 0), (-0.6543443, -0.7561967, 0), (-0.6542981, -0.7548067, 0.046483885), (-0.9356316, -0.3485943, 0.055459216), (-0.9332697, -0.35917652, 0), (-0.9356316, -0.3485943, 0.055459216), (-0.6542981, -0.7548067, 0.046483885), (-0.6370288, -0.730872, 0.24499077), (-0.91074187, -0.30337754, 0.28019875), (-0.6370288, -0.730872, 0.24499077), (-0.6542981, -0.7548067, 0.046483885), (-0.24438718, -0.9680778, 0.055681143), (-0.20835067, -0.93709445, 0.28007838), (1, 0, 0), (0.99999994, 0, 0), (1, 0, 0), (1, 0, 0), (1, 0, 0), (1, 0, 0), (1, 0, 0), (1, 0, 0), (1, 0, 0), (1, 0, 0), (1, 0, 0), (1, 0, 0), (1, 0, 0), (1, 0, 0), (1, 0, 0), (1, 0, 0), (1, 0, 0), (1, 0, 0), (1, 0.000043012835, 0), (1, 0, 0), (1, -0.000043012835, 0), (1, 0, 0), (1, 0, 0), (1, 0, 0), (1, 0, 0), (1, 0, 0), (1, 0, 0), (1, 0, 0), (1, 0, 0), (1, 0, 0), (1, 0, 0), (0.99999994, 0, 0), (1, 0, 0), (1, 0, 0), (1, 0, 0), (0.99999994, 0, 0), (1, 0, 0), (0.99999994, 0, 0), (1, 0, 0), (1, 0, 0), (0, 0, 1), (0, 0, 1), (0, 0, 1), (0, 0, 0.99999994), (0, 0, 1), (0, 0, 1), (0, 0, 1), (0, 0, 1), (0, 0, 1), (0, 0, 1), (0, 0, 1), (0, 0, 1), (0, 0, 1), (0, 0, 1), (0, 0, 1), (0, 0, 1), (0, 0, 1), (0, 0, 1), (0, 0, 1), (0, 0, 1), (0, 0, 1), (0, 0, 1), (0, 0, 1), (0, 0, 1), (0, 0, 1), (0, 0, 1), (0, 0, 1), (0, 0, 1), (0, 0, 0.99999994), (0, 0, 1), (0, 0, 1), (0, 0, 1), (0, 0, 1), (0, 0, 1), (0, 0, 1), (0, 0, 1), (0, 0, 1), (0, 0, 1), (0, 0, 1), (0, 0, 1), (0, 0, 1), (0, 0, 1), (0, 0, 1), (0, 0, 1), (0, 0, 1), (0, 0, 1), (0, 0, 1), (0, 0, 1), (0, 0, 1), (0, 0, 1), (0, 0, 0.99999994), (0, 0, 1), (0, 0, 1), (0, 0, 1), (0, 0, 1), (0, 0, 1), (0, 0, 1), (0, 0, 1), (0, 0, 1), (0, 0, 1), (0, 0, 1), (0, 0, 1), (0, 0, 1), (0, 0, 1), (0, 0, 1), (0, 0, 1), (0, 0, 1), (0, 0, 1), (1, 0, 0), (1, 0.000064563996, 0), (1, 0.000043012835, 0), (1, 0, 0), (1, -0.000064563996, 0), (1, 0, 0), (1, 0, 0), (1, -0.000043012835, 0), (1, 0.000064563996, 0), (0.99482095, 0.10164191, 0), (0.99482095, 0.10164191, 0), (1, 0.000043012835, 0), (0.99481857, -0.10166684, 0), (1, -0.000064563996, 0), (1, -0.000043012835, 0), (0.99481857, -0.10166684, 0), (-1, 0, 0), (-0.93326205, -0.3591963, 0), (-0.93326205, -0.3591963, 0), (-1, 0, 0), (-0.93327755, 0.35915604, 0), (-1, 0, 0), (-1, 0, 0), (-0.93327755, 0.35915604, 0), (-0.65438914, 0.7561579, 0), (-0.93327755, 0.35915604, 0), (-0.93327755, 0.35915604, 0), (-0.65438914, 0.7561579, 0), (-0.41350552, 0.9105016, 0), (-0.65438914, 0.7561579, 0), (-0.65438914, 0.7561579, 0), (-0.41350552, 0.9105016, 0), (-0.65435576, -0.75618684, 0), (-0.41350362, -0.91050243, 0), (-0.41350362, -0.91050243, 0), (-0.65435576, -0.75618684, 0), (-0.93326205, -0.3591963, 0), (-0.65435576, -0.75618684, 0), (-0.65435576, -0.75618684, 0), (-0.93326205, -0.3591963, 0), (-0.4946686, 0.86908174, 0), (-0.017535709, 0.9998462, 0), (-0.017535709, 0.9998462, 0), (-0.4946686, 0.86908174, 0), (0.8912238, 0.4535639, 0), (0.99482095, 0.10164191, 0), (0.99482095, 0.10164191, 0), (0.8912238, 0.4535639, 0), (0.47455502, -0.88022584, 0), (-0.017627075, -0.9998447, 0), (-0.017627075, -0.9998447, 0), (0.47455502, -0.88022584, 0), (-0.9027587, -0.4301471, 0), (-0.9868776, -0.1614701, 0), (-0.9868776, -0.1614701, 0), (-0.9027587, -0.4301471, 0), (-0.9027587, 0.4301471, 0), (-0.4946686, 0.86908174, 0), (-0.4946686, 0.86908174, 0), (-0.9027587, 0.4301471, 0), (-0.9868776, 0.1614701, 0), (-0.9027587, 0.4301471, 0), (-0.9027587, 0.4301471, 0), (-0.9868776, 0.1614701, 0), (0.47457018, 0.8802177, 0), (0.8912238, 0.4535639, 0), (0.8912238, 0.4535639, 0), (0.47457018, 0.8802177, 0), (-0.017535709, 0.9998462, 0), (0.47457018, 0.8802177, 0), (0.47457018, 0.8802177, 0), (-0.017535709, 0.9998462, 0), (0.8912461, -0.4535201, 0), (0.47455502, -0.88022584, 0), (0.47455502, -0.88022584, 0), (0.8912461, -0.4535201, 0), (0.99481857, -0.10166684, 0), (0.8912461, -0.4535201, 0), (0.8912461, -0.4535201, 0), (0.99481857, -0.10166684, 0), (-0.49466863, -0.86908174, 0), (-0.9027587, -0.4301471, 0), (-0.9027587, -0.4301471, 0), (-0.49466863, -0.86908174, 0), (-0.017627075, -0.9998447, 0), (-0.49466863, -0.86908174, 0), (-0.49466863, -0.86908174, 0), (-0.017627075, -0.9998447, 0), (0, -1, -0.0000010673284), (0, -0.8090309, 0.5877662), (0, -0.8090309, 0.5877662), (0, -1, -0.0000010673284), (0, -0.8090309, 0.5877662), (0, -0.30910757, 0.9510271), (0, -0.30910757, 0.9510271), (0, -0.8090309, 0.5877662), (0, -0.30910757, 0.9510271), (0, 0.3090067, 0.9510598), (0, 0.3090067, 0.9510598), (0, -0.30910757, 0.9510271), (0, 0.3090067, 0.9510598), (0, 0.8090694, 0.5877132), (0, 0.8090694, 0.5877132), (0, 0.3090067, 0.9510598), (0, 0.8090694, 0.5877132), (0, 1, -0.0000010472615), (0, 1, -0.0000010472615), (0, 0.8090694, 0.5877132), (0, 1, -0.0000010472615), (0, 0.8089846, -0.5878299), (0, 0.8089846, -0.5878299), (0, 1, -0.0000010472615), (0, 0.8089846, -0.5878299), (0, 0.30887046, -0.9511041), (0, 0.30887046, -0.9511041), (0, 0.8089846, -0.5878299), (0, 0.30887046, -0.9511041), (0, -0.30897135, -0.9510714), (0, -0.30897135, -0.9510714), (0, 0.30887046, -0.9511041), (0, -0.30897135, -0.9510714), (0, -0.808946, -0.58788294), (0, -0.808946, -0.58788294), (0, -0.30897135, -0.9510714), (0, -0.808946, -0.58788294), (0, -1, -0.0000010673284), (0, -1, -0.0000010673284), (0, -0.808946, -0.58788294), (0.9716462, -0.23643965, -2.154927e-7), (1, 0.000013441583, -0.000018766517), (0.9716404, -0.19130628, 0.13898465), (0.9716404, -0.19130628, 0.13898465), (1, 0.000013441583, -0.000018766517), (0.97164553, -0.07308488, 0.22486362), (0.97164553, -0.07308488, 0.22486362), (1, 0.000013441583, -0.000018766517), (0.9716417, 0.07306222, 0.22488716), (0.9716417, 0.07306222, 0.22488716), (1, 0.000013441583, -0.000018766517), (0.97164047, 0.19131406, 0.13897401), (0.97164047, 0.19131406, 0.13897401), (1, 0.000013441583, -0.000018766517), (0.9716341, 0.23648942, -2.1543423e-7), (0.9716341, 0.23648942, -2.1543423e-7), (1, 0.000013441583, -0.000018766517), (0.97164035, 0.19129753, -0.1389977), (0.97164035, 0.19129753, -0.1389977), (1, 0.000013441583, -0.000018766517), (0.9716303, 0.073051766, -0.22494034), (0.9716303, 0.073051766, -0.22494034), (1, 0.000013441583, -0.000018766517), (0.97163403, -0.073074445, -0.22491682), (0.97163403, -0.073074445, -0.22491682), (1, 0.000013441583, -0.000018766517), (0.97164035, -0.19128977, -0.13900836), (0.97164035, -0.19128977, -0.13900836), (1, 0.000013441583, -0.000018766517), (0.9716462, -0.23643965, -2.154927e-7), (0, 0, -1), (0, 0, -1), (0, 0, -1), (0, 0, -1), (0, 0, 1), (0, 0, 1), (0, 0, 1), (0, 0, 1), (0, -1, 0), (0, -1, 0), (0, -1, 0), (0, -1, 0), (1, 0, 0), (1, 0, 0), (1, 0, 0), (1, 0, 0), (0, 1, 0), (0, 1, 0), (0, 1, 0), (0, 1, 0), (-1, 0, 0), (-1, 0, 0), (-1, 0, 0), (-1, 0, 0), (0, 0, 1), (0, 0, 1), (0, 0, 1), (0, 0, 1), (0, 0, -1), (0, 0, -1), (0, 0, -1), (0, 0, -1), (0, -1, 0), (0, -1, 0), (0, -1, 0), (0, -1, 0), (-1, 0, 0), (-1, 0, 0), (-1, 0, 0), (-1, 0, 0), (0, 1, 0), (0, 1, 0), (0, 1, 0), (0, 1, 0), (1, 0, 0), (1, 0, 0), (1, 0, 0), (1, 0, 0), (0, 0, 1), (0, 0, 1), (0, 0, 1), (0, 0, 1), (0, 0, -1), (0, 0, -1), (0, 0, -1), (0, 0, -1), (0, -1, 0), (0, -1, 0), (0, -1, 0), (0, -1, 0), (-1, 0, 0), (-1, 0, 0), (-1, 0, 0), (-1, 0, 0), (0, 1, 0), (0, 1, 0), (0, 1, 0), (0, 1, 0), (1, 0, 0), (1, 0, 0), (1, 0, 0), (1, 0, 0), (-1, 0, 0), (-1, 0, 0), (-1, 0, 0), (-1, 0, 0), (-1, 0, 0), (-1, 0, 0), (-1, 0, 0), (-1, 0, 0), (-1, 0, 0), (-1, 0, 0), (-1, 0, 0), (-1, 0, 0), (0, 0, -1), (0, 0, -1), (0, 0, -1), (0, 0, -1), (0, 0.055283763, 0.99847066), (0, -0.055283763, 0.99847066), (0, -0.055283763, 0.99847066), (0, 0.055283763, 0.99847066), (0, -1, 0), (0, -1, 0), (0, -1, 0), (0, -1, 0), (0, 1, 0), (0, 1, 0), (0, 1, 0), (0, 1, 0), (0, -0.9984707, 0.055282947), (0, -0.9984707, 0.055282947), (0, -1, 0), (0, -1, 0), (0, 1, 0), (0, 0.99846864, 0.05532146), (0, 0.99846864, 0.05532146), (0, 1, 0), (0, -1, 0), (0, -1, 0), (0, -1, 0), (0, -1, 0), (0, 1, 0), (0, 1, 0), (0, 1, 0), (0, 1, 0), (0.99999994, 0, 0), (0.99999994, 0, 0), (1, 0, 0), (1, 0, 0), (1, 0, 0), (0.99999994, 0, 0), (1, 0, 0), (1, 0, 0), (1, 0, 0), (1, 0, 0), (1, 0, 0), (1, 0, 0), (1, 0, 0), (1, 0, 0), (0.99999994, 0, 0), (1, 0, 0), (1, 0, 0), (1, 0, 0), (1, 0, 0), (1, 0, 0), (1, 0, 0), (1, 0, 0), (1, 0, 0), (1, 0, 0), (1, 0, 0), (1, 0, 0), (1, 0, 0), (1, 0, 0), (1, 0, 0), (1, 0, 0), (1, 0, 0), (1, 0, 0), (0, 0.055283763, 0.99847066), (0, 0.25494218, 0.96695626), (0, 0.25494218, 0.96695626), (0, 0.055283763, 0.99847066), (0, -0.055283763, 0.99847066), (0, -0.25494254, 0.9669562), (0, -0.25494254, 0.9669562), (0, -0.055283763, 0.99847066), (1, 0, 0), (1, 0, 0), (1, 0, 0), (0.99999994, 0, 0), (1, 0, 0), (1, 0, 0), (1, 0, 0), (1, 0, 0), (0, 0.25494218, 0.96695626), (0, 0.5606537, 0.8280504), (0, 0.5606537, 0.8280504), (0, 0.25494218, 0.96695626), (0, 0.5606537, 0.8280504), (0, 0.8280739, 0.5606188), (0, 0.8280739, 0.5606188), (0, 0.5606537, 0.8280504), (0, 0.8280739, 0.5606188), (0, 0.96695745, 0.25493804), (0, 0.96695745, 0.25493804), (0, 0.8280739, 0.5606188), (0, 0.96695745, 0.25493804), (0, 0.99846864, 0.05532146), (0, 0.99846864, 0.05532146), (0, 0.96695745, 0.25493804), (0, -0.25494254, 0.9669562), (0, -0.560654, 0.8280502), (0, -0.560654, 0.8280502), (0, -0.25494254, 0.9669562), (0, -0.560654, 0.8280502), (0, -0.8280497, 0.56065464), (0, -0.8280497, 0.56065464), (0, -0.560654, 0.8280502), (0, -0.8280497, 0.56065464), (0, -0.96695614, 0.25494254), (0, -0.96695614, 0.25494254), (0, -0.8280497, 0.56065464), (0, -0.96695614, 0.25494254), (0, -0.9984707, 0.055282947), (0, -0.9984707, 0.055282947), (0, -0.96695614, 0.25494254), (1, 0, 0), (1, 0, 0), (1, 0, 0), (1, 0, 0), (1, 0, 0), (1, 0, 0), (1, 0, 0), (1, 0, 0), (1, 0, 0), (1, 0, 0), (1, 0, 0), (1, 0, 0), (1, 0, 0), (1, 0, 0), (1, 0, 0), (1, 0, 0), (0.99999994, 0, 0), (1, 0, 0), (1, 0, 0), (1, 0, 0), (1, 0, 0), (1, 0, 0), (1, 0, 0), (0.99999994, 0, 0), (1, 0, 0), (1, 0, 0), (1, 0, 0), (1, 0, 0), (1, 0, 0), (1, 0, 0), (1, 0, 0), (1, 0, 0), (-0.57741255, 0, -0.81645256), (-0.57741255, 0, -0.81645256), (-0.57741255, 0, -0.81645256), (-0.5774126, 0, -0.81645256), (-0.5774126, 0, 0.81645256), (-0.57741255, 0, 0.81645256), (-0.57741255, 0, 0.81645256), (-0.57741255, 0, 0.81645256), (0, -0.5774056, -0.81645745), (0, -0.57740563, -0.81645745), (0, -0.57740563, -0.81645745), (0, -0.5774056, -0.81645745), (0, 0.5774073, -0.8164562), (0, 0.5774073, -0.8164562), (0, 0.5774073, -0.8164562), (0, 0.5774073, -0.8164562), (0, -0.5774056, 0.81645745), (0, -0.57740563, 0.81645745), (0, -0.57740563, 0.81645745), (0, -0.5774056, 0.81645745), (0, 0.5774073, 0.8164562), (0, 0.5774073, 0.8164562), (0, 0.5774073, 0.8164562), (0, 0.5774073, 0.8164562), (0.57741255, 0, 0.8164525), (0.5774125, 0, 0.8164525), (0.57741255, 0, 0.8164525), (0.5774125, 0, 0.8164525), (0.57741255, 0, -0.8164525), (0.5774125, 0, -0.8164525), (0.57741255, 0, -0.8164525), (0.5774125, 0, -0.8164525), (0.57741255, 0, -0.8164525), (0.57741255, 0, -0.8164525), (0.57741255, 0, -0.8164525), (0.5774126, 0, -0.81645256), (0.57741255, 0, 0.8164525), (0.57741255, 0, 0.8164525), (0.57741255, 0, 0.8164525), (0.5774126, 0, 0.81645256), (-1, 0, 0), (-1, 0, 0), (-1, 0, 0), (-1, 0, 0), (0, -1, 0), (0, -1, 0), (0, -1, 0), (0, -1, 0), (0, 1, 0), (0, 1, 0), (0, 1, 0), (0, 1, 0), (1, 0, 0), (1, 0, 0), (1, 0, 0), (1, 0, 0), (1, 0, 0), (1, 0, 0), (1, 0, 0), (0.99999994, 0, 0), (1, 0, 0), (1, 0, 0), (1, 0, 0), (1, 0, 0), (-1, 0, 0), (-1, 0, 0), (-1, 0, 0), (-1, 0, 0), (-1, 0, 0), (-1, 0, 0), (-1, 0, 0), (-1, 0, 0), (-1, 0, 0), (-1, 0, 0), (-1, 0, 0), (-1, 0, 0), (-1, 0, 0), (-1, 0, 0), (-1, 0, 0), (-1, 0, 0), (-1, 0, 0), (-1, 0, 0), (-1, 0, 0), (-1, 0, 0), (0, -1, -0.0000010673284), (0, -1, -0.0000010673284), (0, -0.8090309, 0.5877662), (0, -0.8090309, 0.5877662), (0, -0.8090309, 0.5877662), (0, -0.8090309, 0.5877662), (0, -0.30910757, 0.9510271), (0, -0.30910757, 0.9510271), (0, -0.30910757, 0.9510271), (0, -0.30910757, 0.9510271), (0, 0.30900663, 0.9510598), (0, 0.30900663, 0.9510598), (0, 0.30900663, 0.9510598), (0, 0.30900663, 0.9510598), (0, 0.80906934, 0.58771324), (0, 0.80906934, 0.58771324), (0, 0.80906934, 0.58771324), (0, 0.80906934, 0.58771324), (0, 1, -0.0000010472615), (0, 1, -0.0000010472615), (0, 1, -0.0000010472615), (0, 1, -0.0000010472615), (0, 0.8089846, -0.5878299), (0, 0.8089846, -0.5878299), (0, 0.8089846, -0.5878299), (0, 0.8089846, -0.5878299), (0, 0.30887046, -0.9511041), (0, 0.30887046, -0.9511041), (0, 0.30887046, -0.9511041), (0, 0.30887046, -0.9511041), (0, -0.30897135, -0.9510714), (0, -0.30897135, -0.9510714), (0, -0.30897135, -0.9510714), (0, -0.30897135, -0.9510714), (0, -0.808946, -0.58788294), (0, -0.808946, -0.58788294), (0, -0.808946, -0.58788294), (0, -0.808946, -0.58788294), (0, -1, -0.0000010673284), (0, -1, -0.0000010673284), (-0.9716462, -0.23643965, -2.154927e-7), (-0.9716404, -0.19130628, 0.13898465), (-1, 0.000013441583, -0.000018766517), (-0.9716404, -0.19130628, 0.13898465), (-0.97164553, -0.07308488, 0.22486362), (-1, 0.000013441583, -0.000018766517), (-0.97164553, -0.07308488, 0.22486362), (-0.9716417, 0.07306222, 0.22488716), (-1, 0.000013441583, -0.000018766517), (-0.9716417, 0.07306222, 0.22488716), (-0.97164047, 0.19131406, 0.13897401), (-1, 0.000013441583, -0.000018766517), (-0.97164047, 0.19131406, 0.13897401), (-0.9716341, 0.23648942, -2.1543423e-7), (-1, 0.000013441583, -0.000018766517), (-0.9716341, 0.23648942, -2.1543423e-7), (-0.97164035, 0.19129753, -0.1389977), (-1, 0.000013441583, -0.000018766517), (-0.97164035, 0.19129753, -0.1389977), (-0.9716303, 0.073051766, -0.22494034), (-1, 0.000013441583, -0.000018766517), (-0.9716303, 0.073051766, -0.22494034), (-0.97163403, -0.073074445, -0.22491682), (-1, 0.000013441583, -0.000018766517), (-0.97163403, -0.073074445, -0.22491682), (-0.97164035, -0.19128977, -0.13900836), (-1, 0.000013441583, -0.000018766517), (-0.97164035, -0.19128977, -0.13900836), (-0.9716462, -0.23643965, -2.154927e-7), (-1, 0.000013441583, -0.000018766517), (0, -1, -0.0000010673284), (0, -1, -0.0000010673284), (0, -0.8090309, 0.5877662), (0, -0.8090309, 0.5877662), (0, -0.8090309, 0.5877662), (0, -0.8090309, 0.5877662), (0, -0.30910757, 0.9510271), (0, -0.30910757, 0.9510271), (0, -0.30910757, 0.9510271), (0, -0.30910757, 0.9510271), (0, 0.3090067, 0.9510598), (0, 0.3090067, 0.9510598), (0, 0.3090067, 0.9510598), (0, 0.3090067, 0.9510598), (0, 0.8090694, 0.5877132), (0, 0.8090694, 0.5877132), (0, 0.8090694, 0.5877132), (0, 0.8090694, 0.5877132), (0, 1, -0.0000010472615), (0, 1, -0.0000010472615), (0, 1, -0.0000010472615), (0, 1, -0.0000010472615), (0, 0.8089846, -0.5878299), (0, 0.8089846, -0.5878299), (0, 0.8089846, -0.5878299), (0, 0.8089846, -0.5878299), (0, 0.30887046, -0.9511041), (0, 0.30887046, -0.9511041), (0, 0.30887046, -0.9511041), (0, 0.30887046, -0.9511041), (0, -0.30897135, -0.9510714), (0, -0.30897135, -0.9510714), (0, -0.30897135, -0.9510714), (0, -0.30897135, -0.9510714), (0, -0.808946, -0.58788294), (0, -0.808946, -0.58788294), (0, -0.808946, -0.58788294), (0, -0.808946, -0.58788294), (0, -1, -0.0000010673284), (0, -1, -0.0000010673284), (-0.9716462, -0.23643965, -2.154927e-7), (-0.9716404, -0.19130628, 0.13898465), (-1, 0.000013441583, -0.000018766517), (-0.9716404, -0.19130628, 0.13898465), (-0.97164553, -0.07308488, 0.22486362), (-1, 0.000013441583, -0.000018766517), (-0.97164553, -0.07308488, 0.22486362), (-0.9716417, 0.07306222, 0.22488716), (-1, 0.000013441583, -0.000018766517), (-0.9716417, 0.07306222, 0.22488716), (-0.97164047, 0.19131406, 0.13897401), (-1, 0.000013441583, -0.000018766517), (-0.97164047, 0.19131406, 0.13897401), (-0.9716341, 0.23648942, -2.1543423e-7), (-1, 0.000013441583, -0.000018766517), (-0.9716341, 0.23648942, -2.1543423e-7), (-0.97164035, 0.19129753, -0.1389977), (-1, 0.000013441583, -0.000018766517), (-0.97164035, 0.19129753, -0.1389977), (-0.9716303, 0.073051766, -0.22494034), (-1, 0.000013441583, -0.000018766517), (-0.9716303, 0.073051766, -0.22494034), (-0.97163403, -0.073074445, -0.22491682), (-1, 0.000013441583, -0.000018766517), (-0.97163403, -0.073074445, -0.22491682), (-0.97164035, -0.19128977, -0.13900836), (-1, 0.000013441583, -0.000018766517), (-0.97164035, -0.19128977, -0.13900836), (-0.9716462, -0.23643965, -2.154927e-7), (-1, 0.000013441583, -0.000018766517)] (
                    interpolation = "faceVarying"
                )
                uniform token physics:approximation = "convexHull"
                bool physics:kinematicEnabled = 0
                bool physics:rigidBodyEnabled = 1
                point3f[] points = [(157.2763, -6.7747, 0.1996), (157.2763, -33.9333, 0.1996), (157.2763, -30.3372, 27.4168), (157.2763, -10.3708, 27.4168), (157.2763, -33.9333, 1.6246), (158.9299, -6.604, 0.0582), (158.9299, -6.604, 1.5539), (158.9299, -34.104, 1.5539), (158.9299, -34.104, 0.0582), (157.2763, -6.7747, 1.6246), (157.2763, -33.9333, 21.9327), (157.2763, -33.9333, 23.8207), (158.9299, -10.2001, 27.5582), (158.9299, -30.5079, 27.5582), (158.9299, -31.8025, 27.4144), (158.9299, -8.9055, 27.4144), (157.2763, -6.7747, 23.8207), (157.2763, -6.7747, 21.9327), (157.2763, -33.9333, 16.6227), (157.2763, -33.9333, 21.6327), (158.9299, -6.604, 21.6327), (158.9299, -34.104, 21.6327), (158.9299, -34.104, 16.6227), (158.9299, -6.604, 16.6228), (157.2763, -6.7747, 16.6228), (157.2763, -6.7747, 21.6327), (157.2763, -34.104, 0.0582), (157.2763, -6.604, 0.0582), (157.2763, -10.2001, 27.5582), (157.2763, -30.5079, 27.5582), (157.2763, -34.104, 1.5539), (157.2763, -6.604, 1.5539), (157.2763, -6.604, 16.6228), (158.9299, -34.104, 23.9621), (157.2763, -34.104, 23.9621), (157.2763, -34.104, 21.9327), (158.9299, -34.104, 21.9327), (158.9299, -6.604, 23.9621), (158.9299, -6.604, 21.9327), (157.2763, -6.604, 21.9327), (157.2763, -6.604, 23.9621), (157.2763, -34.104, 21.6327), (157.2763, -34.104, 16.6227), (157.2763, -6.604, 21.6327), (157.2763, -8.9055, 27.4144), (157.2763, -31.6318, 27.2729), (157.2763, -31.8025, 27.4144), (157.2763, -9.0762, 27.2729), (157.2763, -33.7895, 25.1153), (157.2763, -33.9602, 25.2567), (157.2763, -7.8986, 26.9828), (158.9299, -7.8986, 26.9828), (157.2763, -7.1794, 26.2636), (158.9299, -7.1794, 26.2636), (157.2763, -6.7479, 25.2567), (158.9299, -6.7479, 25.2567), (157.2763, -32.6387, 26.8414), (157.2763, -33.3579, 26.1222), (158.9299, -32.8094, 26.9828), (157.2763, -32.8094, 26.9828), (158.9299, -33.5286, 26.2636), (157.2763, -33.5286, 26.2636), (158.9299, -33.9602, 25.2567), (157.2763, -8.0693, 26.8414), (157.2763, -7.3501, 26.1222), (157.2763, -6.9186, 25.1153), (157.4884, -33.7212, 21.7827), (158.7178, -6.8161, 21.7827), (158.7178, -33.8919, 21.7827), (157.4884, -6.9869, 21.7827), (157.4884, -33.8919, 21.7827), (157.4884, -6.8161, 21.7827), (157.2763, -30.7868, 16.6227), (157.2763, -30.7868, 1.6246), (131.3799, -34.1034, 19.3822), (131.3075, -34.1034, 19.7926), (131.3075, -34.4905, 19.7926), (131.3799, -34.4905, 19.3822), (131.0992, -34.1034, 20.1536), (131.0992, -34.4905, 20.1536), (130.7799, -34.1034, 20.4215), (130.7799, -34.4905, 20.4215), (130.3883, -34.1034, 20.564), (130.3883, -34.4905, 20.564), (129.9715, -34.1034, 20.564), (129.9715, -34.4905, 20.564), (129.5799, -34.1034, 20.4215), (129.5799, -34.4905, 20.4215), (129.2607, -34.1034, 20.1536), (129.2607, -34.4905, 20.1536), (129.0523, -34.1034, 19.7926), (129.0523, -34.4905, 19.7926), (128.9799, -34.1034, 19.3822), (128.9799, -34.4905, 19.3822), (129.0523, -34.1034, 18.9718), (129.0523, -34.4905, 18.9718), (129.2607, -34.1034, 18.6109), (129.2607, -34.4905, 18.6109), (129.5799, -34.1034, 18.343), (129.5799, -34.4905, 18.343), (129.9715, -34.1034, 18.2005), (129.9715, -34.4905, 18.2005), (130.3883, -34.1034, 18.2005), (130.3883, -34.4905, 18.2005), (130.7799, -34.1034, 18.343), (130.7799, -34.4905, 18.343), (131.0992, -34.1034, 18.6109), (131.0992, -34.4905, 18.6109), (131.3075, -34.1034, 18.9718), (131.3075, -34.4905, 18.9718), (131.0999, -34.8529, 19.7171), (131.159, -34.8529, 19.3822), (130.9299, -34.8529, 20.0116), (130.6694, -34.8529, 20.2301), (130.3499, -34.8529, 20.3464), (130.0099, -34.8529, 20.3464), (129.6904, -34.8529, 20.2301), (129.4299, -34.8529, 20.0116), (129.2599, -34.8529, 19.7171), (129.2008, -34.8529, 19.3822), (129.2599, -34.8529, 19.0474), (129.4299, -34.8529, 18.7529), (129.6904, -34.8529, 18.5343), (130.0099, -34.8529, 18.418), (130.3499, -34.8529, 18.418), (130.6694, -34.8529, 18.5343), (130.9299, -34.8529, 18.7529), (131.0999, -34.8529, 19.0474), (151.1106, -35.4747, 19.3831), (151.1106, -35.4747, 21.5955), (150.2608, -35.4747, 21.5955), (150.2608, -35.4747, 19.3831), (151.1106, -34.6923, 18.5861), (151.1106, -34.8667, 18.5861), (150.2608, -34.8667, 18.5861), (150.2608, -34.6923, 18.5861), (151.3564, -34.6923, 18.8451), (151.3564, -34.6923, 21.5955), (151.3564, -35.4047, 21.5955), (151.3564, -34.9897, 18.8451), (151.3564, -35.4047, 19.3944), (151.3564, -35.2832, 19.0299), (150.2113, -34.6923, 21.5955), (150.2113, -35.4047, 21.5955), (151.1601, -35.4047, 21.5955), (151.1601, -34.6923, 21.5955), (150.0151, -34.6923, 18.8451), (150.0151, -34.9897, 18.8451), (150.0151, -35.2832, 19.0299), (150.0151, -35.4047, 19.3944), (150.0151, -34.6923, 21.5955), (150.0151, -35.4047, 21.5955), (151.1106, -35.3402, 18.9796), (150.2608, -35.3402, 18.9796), (151.1106, -35.0597, 18.8451), (150.2608, -35.0597, 18.8451), (151.3564, -34.8925, 18.6561), (151.3564, -34.6923, 18.6561), (150.2608, -34.9667, 18.6493), (151.1106, -34.9667, 18.6493), (150.0151, -34.6923, 18.6561), (150.0151, -34.8925, 18.6561), (151.2864, -34.9667, 18.6493), (151.2864, -34.8667, 18.5861), (150.0851, -34.8667, 18.5861), (150.0851, -34.9667, 18.6493), (151.2864, -35.4747, 19.3831), (151.2864, -35.4747, 21.5955), (150.0851, -35.4747, 21.5955), (150.0851, -35.4747, 19.3831), (150.0851, -35.3402, 18.9796), (151.2864, -35.0597, 18.8451), (151.2864, -35.3402, 18.9796), (150.0851, -35.0597, 18.8451), (151.2864, -34.6923, 18.5861), (150.0851, -34.6923, 18.5861), (151.1106, -35.5323, 21.7057), (151.1601, -35.468, 21.7334), (150.2113, -35.468, 21.7334), (150.2608, -35.5323, 21.7057), (151.3564, -35.468, 21.7334), (151.2864, -35.5323, 21.7057), (150.0851, -35.5323, 21.7057), (150.0151, -35.468, 21.7334), (150.4654, -35.6794, 23.3672), (150.9061, -35.6794, 23.3672), (150.9061, -35.4416, 23.4209), (150.4654, -35.4416, 23.4209), (150.1269, -34.6692, 22.3953), (151.2446, -34.6692, 22.3953), (151.2446, -35.038, 22.3953), (150.1269, -35.038, 22.3953), (151.2446, -34.6692, 22.6218), (151.2446, -35.038, 22.6218), (150.1269, -34.6692, 22.6218), (150.1269, -35.038, 22.6218), (151.2446, -35.4084, 22.5992), (150.1269, -35.4084, 22.5992), (151.2446, -35.2483, 22.7817), (150.1269, -35.2483, 22.7817), (151.2446, -35.5733, 22.9957), (150.1269, -35.5733, 22.9957), (151.2446, -35.3498, 23.0868), (150.1269, -35.3498, 23.0868), (151.0976, -35.6588, 23.2951), (150.2739, -35.6588, 23.2951), (150.2739, -35.4217, 23.3486), (151.0976, -35.4217, 23.3486), (150.1269, -34.6692, 21.9508), (151.2446, -34.6692, 21.9508), (151.2446, -35.038, 21.9508), (150.1269, -35.038, 21.9508), (151.2446, -34.6692, 22.3036), (151.2446, -35.038, 22.3036), (150.1269, -34.6692, 22.3036), (150.1269, -35.038, 22.3036), (151.3913, -34.972, 19.5434), (151.2126, -34.972, 19.495), (151.2241, -34.866, 19.4526), (151.414, -34.866, 19.504), (151.3362, -35.016, 19.6384), (151.1849, -35.016, 19.5974), (151.2813, -34.972, 19.7333), (151.1572, -34.972, 19.6997), (151.2585, -34.866, 19.7727), (151.1457, -34.866, 19.7421), (151.2813, -34.7599, 19.7333), (151.1572, -34.7599, 19.6997), (151.3362, -34.716, 19.6384), (151.1849, -34.716, 19.5974), (151.3913, -34.7599, 19.5434), (151.2126, -34.7599, 19.495), (151.5389, -34.972, 19.691), (151.5782, -34.866, 19.6682), (151.4439, -35.016, 19.746), (151.3489, -34.972, 19.801), (151.3096, -34.866, 19.8238), (151.3489, -34.7599, 19.801), (151.4439, -34.716, 19.746), (151.5389, -34.7599, 19.691), (151.5909, -34.972, 19.8833), (151.6349, -34.866, 19.8774), (151.4849, -35.016, 19.8974), (151.3789, -34.972, 19.9115), (151.3349, -34.866, 19.9173), (151.3789, -34.7599, 19.9115), (151.4849, -34.716, 19.8974), (151.5909, -34.7599, 19.8833), (151.5909, -34.972, 22.5013), (151.6349, -34.866, 22.5072), (151.4849, -35.016, 22.4872), (151.3789, -34.972, 22.4731), (151.3349, -34.866, 22.4673), (151.3789, -34.7599, 22.4731), (151.4849, -34.716, 22.4872), (151.5909, -34.7599, 22.5013), (151.5389, -34.972, 22.6936), (151.5782, -34.866, 22.7164), (151.4439, -35.016, 22.6386), (151.3489, -34.972, 22.5836), (151.3096, -34.866, 22.5608), (151.3489, -34.7599, 22.5836), (151.4439, -34.716, 22.6386), (151.5389, -34.7599, 22.6936), (151.3913, -34.972, 22.8412), (151.414, -34.866, 22.8806), (151.3362, -35.016, 22.7462), (151.2813, -34.972, 22.6513), (151.2585, -34.866, 22.6119), (151.2813, -34.7599, 22.6513), (151.3362, -34.716, 22.7462), (151.3913, -34.7599, 22.8412), (151.199, -34.972, 22.8933), (151.2048, -34.866, 22.9372), (151.1849, -35.016, 22.7872), (151.1708, -34.972, 22.6812), (151.1649, -34.866, 22.6372), (151.1708, -34.7599, 22.6812), (151.1849, -34.716, 22.7872), (151.199, -34.7599, 22.8933), (150.1725, -34.972, 22.8933), (150.1666, -34.866, 22.9372), (150.1866, -35.016, 22.7872), (150.2007, -34.972, 22.6812), (150.2065, -34.866, 22.6372), (150.2007, -34.7599, 22.6812), (150.1866, -34.716, 22.7872), (150.1725, -34.7599, 22.8933), (149.9802, -34.972, 22.8412), (149.9574, -34.866, 22.8806), (150.0352, -35.016, 22.7462), (150.0902, -34.972, 22.6513), (150.113, -34.866, 22.6119), (150.0902, -34.7599, 22.6513), (150.0352, -34.716, 22.7462), (149.9802, -34.7599, 22.8412), (149.8326, -34.972, 22.6936), (149.7932, -34.866, 22.7164), (149.9276, -35.016, 22.6386), (150.0225, -34.972, 22.5836), (150.0619, -34.866, 22.5608), (150.0225, -34.7599, 22.5836), (149.9276, -34.716, 22.6386), (149.8326, -34.7599, 22.6936), (149.7805, -34.972, 22.5013), (149.7366, -34.866, 22.5072), (149.8866, -35.016, 22.4872), (149.9926, -34.972, 22.4731), (150.0366, -34.866, 22.4673), (149.9926, -34.7599, 22.4731), (149.8866, -34.716, 22.4872), (149.7805, -34.7599, 22.5013), (149.7805, -34.972, 19.8833), (149.7366, -34.866, 19.8774), (149.8866, -35.016, 19.8974), (149.9926, -34.972, 19.9115), (150.0366, -34.866, 19.9173), (149.9926, -34.7599, 19.9115), (149.8866, -34.716, 19.8974), (149.7805, -34.7599, 19.8833), (149.8326, -34.972, 19.691), (149.7932, -34.866, 19.6682), (149.9276, -35.016, 19.746), (150.0225, -34.972, 19.801), (150.0619, -34.866, 19.8238), (150.0225, -34.7599, 19.801), (149.9276, -34.716, 19.746), (149.8326, -34.7599, 19.691), (149.9802, -34.972, 19.5434), (149.9574, -34.866, 19.504), (150.0352, -35.016, 19.6384), (150.0902, -34.972, 19.7333), (150.113, -34.866, 19.7727), (150.0902, -34.7599, 19.7333), (150.0352, -34.716, 19.6384), (149.9802, -34.7599, 19.5434), (150.1588, -34.972, 19.495), (150.1474, -34.866, 19.4526), (150.1866, -35.016, 19.5974), (150.2143, -34.972, 19.6997), (150.2258, -34.866, 19.7421), (150.2143, -34.7599, 19.6997), (150.1866, -34.716, 19.5974), (150.1588, -34.7599, 19.495), (140.1578, -20.7444, 28.8337), (140.1632, -20.354, 28.8884), (139.3875, -20.354, 28.9541), (139.3875, -20.7498, 28.8884), (138.4407, -20.7498, 28.8884), (138.4407, -20.354, 28.9541), (138.4407, -19.9582, 28.8884), (139.3875, -19.9582, 28.8884), (140.1578, -19.9637, 28.8337), (140.1632, -21.2538, 27.5829), (140.1632, -21.2538, 27.9008), (139.3875, -21.3195, 27.9008), (139.3875, -21.3195, 27.5829), (138.4407, -21.3195, 27.5829), (138.4407, -21.3195, 27.9008), (138.4407, -21.2538, 28.3625), (139.3875, -21.2538, 28.3625), (140.1578, -21.1991, 28.357), (138.4407, -19.3885, 27.5829), (138.4407, -19.3885, 27.9008), (139.3875, -19.3885, 27.9008), (139.3875, -19.3885, 27.5829), (140.1632, -19.4542, 27.5829), (140.1632, -19.4542, 27.9008), (140.1578, -19.5089, 28.357), (139.3875, -19.4542, 28.3625), (138.4407, -19.4542, 28.3625), (140.7939, -19.9582, 27.5829), (140.7939, -19.9582, 27.9008), (140.8595, -20.354, 27.9008), (140.8595, -20.354, 27.5829), (140.7939, -20.7498, 27.5829), (140.7939, -20.7498, 27.9008), (140.7392, -20.7444, 28.357), (140.7939, -20.354, 28.3625), (140.7392, -19.9637, 28.357), (140.575, -21.035, 28.3406), (140.5094, -20.9693, 28.6039), (140.1413, -21.035, 28.6696), (140.575, -20.728, 28.6696), (140.575, -19.673, 28.3406), (140.5094, -19.7387, 28.6039), (140.575, -19.9801, 28.6696), (140.1413, -19.673, 28.6696), (139.3875, -21.0569, 28.6915), (138.4407, -21.0569, 28.6915), (139.3875, -19.6512, 28.6915), (138.4407, -19.6512, 28.6915), (140.5969, -20.354, 28.6915), (140.5969, -21.0569, 27.9008), (140.5969, -21.0569, 27.5829), (140.5969, -19.6512, 27.9008), (140.5969, -19.6512, 27.5829), (138.4407, -20.354, 28.8608), (138.4407, -20.7161, 28.8008), (138.4407, -20.989, 28.6257), (138.4407, -21.1654, 28.3312), (138.4407, -21.2275, 27.8943), (138.4407, -21.2275, 27.5832), (138.4407, -19.4805, 27.5832), (138.4407, -19.4805, 27.8943), (138.4407, -19.5426, 28.3312), (138.4407, -19.719, 28.6257), (138.4407, -19.9919, 28.8008), (139.3845, -22.029, 27.5829), (140.1962, -21.9151, 27.5829), (138.4408, -22.029, 27.5829), (139.3845, -18.679, 27.5829), (138.4408, -18.679, 27.5829), (140.1962, -18.793, 27.5829), (141.4042, -20.354, 27.5829), (141.2903, -19.6673, 27.5829), (141.2903, -21.0407, 27.5829), (140.9486, -21.5734, 27.5829), (140.9486, -19.1347, 27.5829), (139.8055, -22.7652, 27.5829), (140.1138, -22.4187, 27.5829), (139.3613, -22.8512, 27.5829), (138.5233, -22.4288, 27.5829), (138.8316, -22.7678, 27.5829), (138.8316, -17.9402, 27.5829), (138.5233, -18.2793, 27.5829), (139.3613, -17.8569, 27.5829), (140.1138, -18.2894, 27.5829), (139.8055, -17.9429, 27.5829), (138.4407, -21.2275, 27.4196), (138.4407, -21.3195, 27.4194), (138.4407, -19.3885, 27.4194), (138.4407, -19.4805, 27.4196), (138.4408, -22.029, 27.4194), (138.4408, -18.679, 27.4194), (141.4042, -20.354, 27.4194), (141.2903, -19.6673, 27.4194), (141.2903, -21.0407, 27.4194), (140.9486, -21.5734, 27.4194), (140.1962, -21.9151, 27.4194), (140.9486, -19.1347, 27.4194), (140.1962, -18.793, 27.4194), (139.8055, -22.7652, 27.4194), (139.3613, -22.8512, 27.4194), (138.5233, -22.4288, 27.4194), (138.8316, -17.9402, 27.4194), (139.3613, -17.8569, 27.4194), (140.1138, -18.2894, 27.4194), (140.1138, -22.4187, 27.4194), (138.8316, -22.7678, 27.4194), (138.5233, -18.2793, 27.4194), (139.8055, -17.9429, 27.4194), (158.7044, -20.8073, 24.5894), (159.0322, -20.8073, 24.5894), (159.0322, -20.7207, 24.8558), (158.7044, -20.7207, 24.8558), (159.0322, -20.4941, 25.0205), (158.7044, -20.4941, 25.0205), (159.0322, -20.214, 25.0205), (158.7044, -20.214, 25.0205), (159.0322, -19.9873, 24.8558), (158.7044, -19.9873, 24.8558), (159.0322, -19.9008, 24.5894), (158.7044, -19.9008, 24.5894), (159.0322, -19.9873, 24.323), (158.7044, -19.9873, 24.323), (159.0322, -20.214, 24.1584), (158.7044, -20.214, 24.1584), (159.0322, -20.4941, 24.1584), (158.7044, -20.4941, 24.1584), (159.0322, -20.7207, 24.323), (158.7044, -20.7207, 24.323), (159.1425, -20.354, 24.5894), (103.102, -30.2647, 13.178), (103.102, -9.4185, 13.178), (103.8538, -9.4185, 13.178), (103.8538, -30.2647, 13.178), (103.102, -30.2647, 15.576), (103.8538, -30.2647, 15.576), (103.8538, -9.4185, 15.576), (103.102, -9.4185, 15.576), (151.7259, -34.6182, 23.3411), (151.7259, -34.8321, 23.3411), (151.7824, -34.8321, 23.515), (151.7824, -34.6182, 23.515), (151.9303, -34.8321, 23.6224), (151.9303, -34.6182, 23.6224), (152.1132, -34.8321, 23.6224), (152.1132, -34.6182, 23.6224), (152.2611, -34.8321, 23.515), (152.2611, -34.6182, 23.515), (152.3176, -34.8321, 23.3411), (152.3176, -34.6182, 23.3411), (152.2611, -34.8321, 23.1672), (152.2611, -34.6182, 23.1672), (152.1132, -34.8321, 23.0598), (152.1132, -34.6182, 23.0598), (151.9303, -34.8321, 23.0598), (151.9303, -34.6182, 23.0598), (151.7824, -34.8321, 23.1672), (151.7824, -34.6182, 23.1672), (152.0217, -34.9041, 23.3411), (149.6455, -34.6182, 23.3411), (149.589, -34.6182, 23.515), (149.589, -34.8321, 23.515), (149.6455, -34.8321, 23.3411), (149.4411, -34.6182, 23.6224), (149.4411, -34.8321, 23.6224), (149.2583, -34.6182, 23.6224), (149.2583, -34.8321, 23.6224), (149.1104, -34.6182, 23.515), (149.1104, -34.8321, 23.515), (149.0539, -34.6182, 23.3411), (149.0539, -34.8321, 23.3411), (149.1104, -34.6182, 23.1672), (149.1104, -34.8321, 23.1672), (149.2583, -34.6182, 23.0598), (149.2583, -34.8321, 23.0598), (149.4411, -34.6182, 23.0598), (149.4411, -34.8321, 23.0598), (149.589, -34.6182, 23.1672), (149.589, -34.8321, 23.1672), (149.3497, -34.9041, 23.3411), (151.7259, -34.6182, 19.8063), (151.7259, -34.8321, 19.8063), (151.7824, -34.8321, 19.9802), (151.7824, -34.6182, 19.9802), (151.9303, -34.8321, 20.0877), (151.9303, -34.6182, 20.0877), (152.1132, -34.8321, 20.0877), (152.1132, -34.6182, 20.0877), (152.2611, -34.8321, 19.9802), (152.2611, -34.6182, 19.9802), (152.3176, -34.8321, 19.8063), (152.3176, -34.6182, 19.8063), (152.2611, -34.8321, 19.6324), (152.2611, -34.6182, 19.6324), (152.1132, -34.8321, 19.525), (152.1132, -34.6182, 19.525), (151.9303, -34.8321, 19.525), (151.9303, -34.6182, 19.525), (151.7824, -34.8321, 19.6324), (151.7824, -34.6182, 19.6324), (152.0217, -34.9041, 19.8063), (149.6455, -34.6182, 19.8063), (149.589, -34.6182, 19.9802), (149.589, -34.8321, 19.9802), (149.6455, -34.8321, 19.8063), (149.4411, -34.6182, 20.0877), (149.4411, -34.8321, 20.0877), (149.2583, -34.6182, 20.0877), (149.2583, -34.8321, 20.0877), (149.1104, -34.6182, 19.9802), (149.1104, -34.8321, 19.9802), (149.0539, -34.6182, 19.8063), (149.0539, -34.8321, 19.8063), (149.1104, -34.6182, 19.6324), (149.1104, -34.8321, 19.6324), (149.2583, -34.6182, 19.525), (149.2583, -34.8321, 19.525), (149.4411, -34.6182, 19.525), (149.4411, -34.8321, 19.525), (149.589, -34.6182, 19.6324), (149.589, -34.8321, 19.6324), (149.3497, -34.9041, 19.8063), (152.0895, -34.6923, 18.3144), (152.0895, -34.6923, 21.6269), (151.8078, -34.6923, 21.6431), (151.8078, -34.6923, 18.2628), (151.1566, -33.9571, 17.1405), (151.1566, -34.5723, 17.1405), (150.2148, -34.5723, 17.1405), (150.2148, -33.9571, 17.1405), (152.6526, -33.9571, 18.3078), (152.6526, -33.9571, 21.6269), (152.6526, -34.5723, 21.6269), (152.6526, -34.5723, 18.3078), (150.2148, -33.9571, 24.2108), (150.2148, -34.5723, 24.2108), (151.1566, -34.5723, 24.2108), (151.1566, -33.9571, 24.2108), (148.7188, -33.9571, 23.0434), (148.7188, -33.9571, 21.94), (148.7188, -34.5723, 21.94), (148.7188, -34.5723, 23.0434), (152.6526, -33.9571, 23.0434), (152.6526, -34.5723, 23.0434), (152.6526, -34.5723, 21.94), (152.6526, -33.9571, 21.94), (148.7188, -33.9571, 18.3078), (148.7188, -34.5723, 18.3078), (148.7188, -34.5723, 21.6269), (148.7188, -33.9571, 21.6269), (151.8061, -34.4802, 21.8207), (152.0983, -34.4802, 21.8016), (152.4579, -34.3618, 21.8016), (152.4008, -33.9571, 21.8016), (148.9136, -34.3618, 21.8016), (148.9706, -33.9571, 21.8016), (152.0895, -34.6923, 21.94), (151.8078, -34.6923, 21.9614), (149.256, -33.9571, 17.3478), (149.5581, -33.9571, 17.2391), (149.5581, -34.5723, 17.2391), (149.256, -34.5723, 17.3478), (152.1155, -34.5723, 17.3478), (151.8134, -34.5723, 17.2391), (151.8134, -33.9571, 17.2391), (152.1155, -33.9571, 17.3478), (152.619, -34.5723, 23.4034), (152.619, -33.9571, 23.4034), (149.256, -34.5723, 24.0034), (149.5581, -34.5723, 24.1034), (149.5581, -33.9571, 24.1034), (149.256, -33.9571, 24.0034), (149.021, -33.9571, 17.4678), (149.021, -34.5723, 17.4678), (148.8531, -33.9571, 17.6678), (148.8531, -34.5723, 17.6678), (148.7524, -33.9571, 17.9478), (148.7524, -34.5723, 17.9478), (152.3505, -34.5723, 17.4678), (152.3505, -33.9571, 17.4678), (152.5183, -34.5723, 17.6678), (152.5183, -33.9571, 17.6678), (152.619, -34.5723, 17.9478), (152.619, -33.9571, 17.9478), (152.5183, -34.5723, 23.6834), (152.5183, -33.9571, 23.6834), (152.3505, -34.5723, 23.8834), (152.3505, -33.9571, 23.8834), (152.1155, -34.5723, 24.0034), (152.1155, -33.9571, 24.0034), (151.8134, -34.5723, 24.1034), (151.8134, -33.9571, 24.1034), (149.021, -34.5723, 23.8834), (149.021, -33.9571, 23.8834), (148.8531, -34.5723, 23.6834), (148.8531, -33.9571, 23.6834), (148.7524, -34.5723, 23.4034), (148.7524, -33.9571, 23.4034), (152.0895, -34.6923, 23.8861), (151.8078, -34.6923, 23.9814), (151.8078, -34.6923, 23.8378), (152.0895, -34.6923, 23.7822), (151.1543, -34.6923, 17.2658), (150.2172, -34.6923, 17.2658), (152.5519, -34.6923, 18.3144), (152.5519, -34.6923, 21.6269), (150.2172, -34.6923, 24.0855), (151.1543, -34.6923, 24.0855), (148.8196, -34.6923, 23.0368), (148.8196, -34.6923, 21.94), (152.5519, -34.6923, 21.94), (152.5519, -34.6923, 23.0368), (148.8196, -34.6923, 21.6269), (148.8196, -34.6923, 18.3144), (152.3739, -34.4802, 21.8016), (148.9976, -34.4802, 21.8016), (149.5637, -34.6923, 17.3611), (149.2819, -34.6923, 17.4651), (152.5206, -34.6923, 17.9787), (148.8509, -34.6923, 23.3725), (148.8509, -34.6923, 17.9787), (148.9381, -34.6923, 17.7363), (149.0785, -34.6923, 17.569), (152.0895, -34.6923, 17.4651), (151.8078, -34.6923, 17.3611), (152.293, -34.6923, 17.569), (152.4334, -34.6923, 17.7363), (149.2819, -34.6923, 23.8861), (149.5637, -34.6923, 23.9814), (149.0785, -34.6923, 23.7822), (148.9381, -34.6923, 23.6149), (152.5206, -34.6923, 23.3725), (152.4334, -34.6923, 23.6149), (152.293, -34.6923, 23.7822), (152.0895, -34.6923, 17.7363), (152.0895, -34.6923, 17.9787), (151.8078, -34.6923, 17.9214), (151.8078, -34.6923, 17.6749), (152.0895, -34.6923, 17.569), (151.8078, -34.6923, 17.5047), (152.0895, -34.6923, 23.0368), (151.8078, -34.6923, 23.0797), (152.0895, -34.6923, 23.3725), (151.8078, -34.6923, 23.4211), (152.0895, -34.6923, 23.6149), (151.8078, -34.6923, 23.6676), (149.2819, -34.6923, 23.7822), (149.5637, -34.6923, 23.8378), (149.2819, -34.6923, 23.6149), (149.5637, -34.6923, 23.6676), (149.2819, -34.6923, 23.3725), (149.5637, -34.6923, 23.4211), (149.2819, -34.6923, 23.0368), (149.5637, -34.6923, 23.0797), (149.2819, -34.6923, 21.94), (149.5637, -34.6923, 21.9614), (149.2741, -34.4802, 21.8016), (149.5961, -34.4802, 21.8207), (149.2819, -34.6923, 21.6269), (149.5637, -34.6923, 21.6431), (149.2819, -34.6923, 18.3144), (149.5637, -34.6923, 18.2628), (149.2819, -34.6923, 17.9787), (149.5637, -34.6923, 17.9214), (149.2819, -34.6923, 17.7363), (149.5637, -34.6923, 17.6749), (149.2819, -34.6923, 17.569), (149.5637, -34.6923, 17.5047), (150.2172, -34.6923, 23.938), (151.1543, -34.6923, 23.938), (150.2172, -34.6923, 23.7633), (151.1543, -34.6923, 23.7633), (150.2172, -34.6923, 23.5102), (151.1543, -34.6923, 23.5102), (150.2172, -34.6923, 23.1597), (151.1543, -34.6923, 23.1597), (150.2172, -34.6923, 21.94), (151.1543, -34.6923, 21.94), (150.2396, -34.4802, 21.8016), (151.1625, -34.4802, 21.8016), (150.2172, -34.6923, 21.6269), (151.1543, -34.6923, 21.6269), (150.2172, -34.6923, 18.1916), (151.1543, -34.6923, 18.1916), (150.2172, -34.6923, 17.841), (151.1543, -34.6923, 17.841), (150.2172, -34.6923, 17.5879), (151.1543, -34.6923, 17.5879), (150.2172, -34.6923, 17.4132), (151.1543, -34.6923, 17.4132), (149.0785, -34.6923, 23.6149), (149.0785, -34.6923, 23.3725), (149.0785, -34.6923, 23.0368), (149.0785, -34.6923, 21.94), (149.0827, -34.4802, 21.8016), (149.0785, -34.6923, 21.6269), (149.0785, -34.6923, 18.3144), (149.0785, -34.6923, 17.9787), (149.0785, -34.6923, 17.7363), (152.293, -34.6923, 17.7363), (152.293, -34.6923, 17.9787), (152.293, -34.6923, 18.3144), (152.293, -34.6923, 21.6269), (152.2511, -34.4802, 21.8016), (152.293, -34.6923, 21.94), (152.293, -34.6923, 23.0368), (152.293, -34.6923, 23.3725), (152.293, -34.6923, 23.6149), (102.8714, -33.7212, 21.7827), (110.09889, -35.4747, 21.5955), (109.2491, -35.4747, 21.5955), (109.2491, -35.4747, 19.3831), (110.09889, -35.4747, 19.3831), (110.09889, -34.8667, 18.5861), (109.2491, -34.8667, 18.5861), (109.2491, -34.6923, 18.5861), (110.09889, -34.6923, 18.5861), (110.344696, -34.6923, 21.5955), (110.344696, -35.4047, 21.5955), (110.344696, -34.9897, 18.8451), (110.344696, -34.6923, 18.8451), (110.344696, -35.4047, 19.3944), (110.344696, -35.2832, 19.0299), (109.1996, -35.4047, 21.5955), (110.14839, -35.4047, 21.5955), (110.14839, -34.6923, 21.5955), (109.1996, -34.6923, 21.5955), (109.0034, -34.6923, 18.8451), (109.0034, -34.9897, 18.8451), (109.0034, -35.2832, 19.0299), (109.0034, -35.4047, 19.3944), (109.0034, -34.6923, 21.5955), (109.0034, -35.4047, 21.5955), (109.2491, -35.3402, 18.9796), (110.09889, -35.3402, 18.9796), (109.2491, -35.0597, 18.8451), (110.09889, -35.0597, 18.8451), (110.344696, -34.8925, 18.6561), (110.344696, -34.6923, 18.6561), (109.2491, -34.9667, 18.6493), (110.09889, -34.9667, 18.6493), (109.0034, -34.6923, 18.6561), (109.0034, -34.8925, 18.6561), (110.274704, -34.9667, 18.6493), (110.274704, -34.8667, 18.5861), (109.073395, -34.8667, 18.5861), (109.073395, -34.9667, 18.6493), (110.274704, -35.4747, 21.5955), (110.274704, -35.4747, 19.3831), (109.073395, -35.4747, 21.5955), (109.073395, -35.4747, 19.3831), (109.073395, -35.3402, 18.9796), (110.274704, -35.0597, 18.8451), (110.274704, -35.3402, 18.9796), (109.073395, -35.0597, 18.8451), (110.274704, -34.6923, 18.5861), (109.073395, -34.6923, 18.5861), (110.14839, -35.468, 21.7334), (109.1996, -35.468, 21.7334), (109.2491, -35.5323, 21.7057), (110.09889, -35.5323, 21.7057), (110.344696, -35.468, 21.7334), (110.274704, -35.5323, 21.7057), (109.073395, -35.5323, 21.7057), (109.0034, -35.468, 21.7334), (109.894394, -35.6794, 23.3672), (109.894394, -35.4416, 23.4209), (109.45369, -35.4416, 23.4209), (109.45369, -35.6794, 23.3672), (110.232895, -34.6692, 22.3953), (110.232895, -35.038, 22.3953), (109.115204, -35.038, 22.3953), (109.115204, -34.6692, 22.3953), (110.232895, -34.6692, 22.6218), (110.232895, -35.038, 22.6218), (109.115204, -34.6692, 22.6218), (109.115204, -35.038, 22.6218), (110.232895, -35.4084, 22.5992), (109.115204, -35.4084, 22.5992), (110.232895, -35.2483, 22.7817), (109.115204, -35.2483, 22.7817), (110.232895, -35.5733, 22.9957), (109.115204, -35.5733, 22.9957), (110.232895, -35.3498, 23.0868), (109.115204, -35.3498, 23.0868), (110.08589, -35.6588, 23.2951), (109.26219, -35.6588, 23.2951), (109.26219, -35.4217, 23.3486), (110.08589, -35.4217, 23.3486), (110.232895, -34.6692, 21.9508), (110.232895, -35.038, 21.9508), (109.115204, -35.038, 21.9508), (109.115204, -34.6692, 21.9508), (110.232895, -34.6692, 22.3036), (110.232895, -35.038, 22.3036), (109.115204, -34.6692, 22.3036), (109.115204, -35.038, 22.3036), (110.37959, -34.972, 19.5434), (110.2009, -34.972, 19.495), (110.2124, -34.866, 19.4526), (110.4023, -34.866, 19.504), (110.32449, -35.016, 19.6384), (110.1732, -35.016, 19.5974), (110.26959, -34.972, 19.7333), (110.14549, -34.972, 19.6997), (110.246796, -34.866, 19.7727), (110.134, -34.866, 19.7421), (110.14549, -34.7599, 19.6997), (110.26959, -34.7599, 19.7333), (110.1732, -34.716, 19.5974), (110.32449, -34.716, 19.6384), (110.2009, -34.7599, 19.495), (110.37959, -34.7599, 19.5434), (110.5665, -34.866, 19.6682), (110.52719, -34.972, 19.691), (110.43219, -35.016, 19.746), (110.337204, -34.972, 19.801), (110.2979, -34.866, 19.8238), (110.337204, -34.7599, 19.801), (110.43219, -34.716, 19.746), (110.52719, -34.7599, 19.691), (110.6232, -34.866, 19.8774), (110.57919, -34.972, 19.8833), (110.47319, -35.016, 19.8974), (110.3672, -34.972, 19.9115), (110.3232, -34.866, 19.9173), (110.3672, -34.7599, 19.9115), (110.47319, -34.716, 19.8974), (110.57919, -34.7599, 19.8833), (110.6232, -34.866, 22.5072), (110.57919, -34.972, 22.5013), (110.47319, -35.016, 22.4872), (110.3672, -34.972, 22.4731), (110.3232, -34.866, 22.4673), (110.3672, -34.7599, 22.4731), (110.47319, -34.716, 22.4872), (110.57919, -34.7599, 22.5013), (110.52719, -34.972, 22.6936), (110.5665, -34.866, 22.7164), (110.43219, -35.016, 22.6386), (110.337204, -34.972, 22.5836), (110.2979, -34.866, 22.5608), (110.337204, -34.7599, 22.5836), (110.43219, -34.716, 22.6386), (110.52719, -34.7599, 22.6936), (110.4023, -34.866, 22.8806), (110.37959, -34.972, 22.8412), (110.32449, -35.016, 22.7462), (110.26959, -34.972, 22.6513), (110.246796, -34.866, 22.6119), (110.26959, -34.7599, 22.6513), (110.32449, -34.716, 22.7462), (110.37959, -34.7599, 22.8412), (110.1931, -34.866, 22.9372), (110.1873, -34.972, 22.8933), (110.1732, -35.016, 22.7872), (110.1591, -34.972, 22.6812), (110.1532, -34.866, 22.6372), (110.1591, -34.7599, 22.6812), (110.1732, -34.716, 22.7872), (110.1873, -34.7599, 22.8933), (109.15489, -34.866, 22.9372), (109.1608, -34.972, 22.8933), (109.1749, -35.016, 22.7872), (109.188995, -34.972, 22.6812), (109.19479, -34.866, 22.6372), (109.188995, -34.7599, 22.6812), (109.1749, -34.716, 22.7872), (109.1608, -34.7599, 22.8933), (108.96849, -34.972, 22.8412), (108.945694, -34.866, 22.8806), (109.0235, -35.016, 22.7462), (109.07849, -34.972, 22.6513), (109.1013, -34.866, 22.6119), (109.07849, -34.7599, 22.6513), (109.0235, -34.716, 22.7462), (108.96849, -34.7599, 22.8412), (108.781494, -34.866, 22.7164), (108.82089, -34.972, 22.6936), (108.91589, -35.016, 22.6386), (109.0108, -34.972, 22.5836), (109.0502, -34.866, 22.5608), (109.0108, -34.7599, 22.5836), (108.91589, -34.716, 22.6386), (108.82089, -34.7599, 22.6936), (108.7249, -34.866, 22.5072), (108.7688, -34.972, 22.5013), (108.87489, -35.016, 22.4872), (108.980896, -34.972, 22.4731), (109.0249, -34.866, 22.4673), (108.980896, -34.7599, 22.4731), (108.87489, -34.716, 22.4872), (108.7688, -34.7599, 22.5013), (108.7249, -34.866, 19.8774), (108.7688, -34.972, 19.8833), (108.87489, -35.016, 19.8974), (108.980896, -34.972, 19.9115), (109.0249, -34.866, 19.9173), (108.980896, -34.7599, 19.9115), (108.87489, -34.716, 19.8974), (108.7688, -34.7599, 19.8833), (108.82089, -34.972, 19.691), (108.781494, -34.866, 19.6682), (108.91589, -35.016, 19.746), (109.0108, -34.972, 19.801), (109.0502, -34.866, 19.8238), (109.0108, -34.7599, 19.801), (108.91589, -34.716, 19.746), (108.82089, -34.7599, 19.691), (108.945694, -34.866, 19.504), (108.96849, -34.972, 19.5434), (109.0235, -35.016, 19.6384), (109.07849, -34.972, 19.7333), (109.1013, -34.866, 19.7727), (109.07849, -34.7599, 19.7333), (109.0235, -34.716, 19.6384), (108.96849, -34.7599, 19.5434), (109.1357, -34.866, 19.4526), (109.147095, -34.972, 19.495), (109.1749, -35.016, 19.5974), (109.20259, -34.972, 19.6997), (109.214096, -34.866, 19.7421), (109.20259, -34.7599, 19.6997), (109.1749, -34.716, 19.5974), (109.147095, -34.7599, 19.495), (110.7142, -34.8321, 23.3411), (110.77069, -34.8321, 23.515), (110.77069, -34.6182, 23.515), (110.7142, -34.6182, 23.3411), (110.918594, -34.8321, 23.6224), (110.918594, -34.6182, 23.6224), (111.1015, -34.8321, 23.6224), (111.1015, -34.6182, 23.6224), (111.24939, -34.8321, 23.515), (111.24939, -34.6182, 23.515), (111.30589, -34.8321, 23.3411), (111.30589, -34.6182, 23.3411), (111.24939, -34.8321, 23.1672), (111.24939, -34.6182, 23.1672), (111.1015, -34.8321, 23.0598), (111.1015, -34.6182, 23.0598), (110.918594, -34.8321, 23.0598), (110.918594, -34.6182, 23.0598), (110.77069, -34.8321, 23.1672), (110.77069, -34.6182, 23.1672), (111.009995, -34.9041, 23.3411), (108.5773, -34.6182, 23.515), (108.5773, -34.8321, 23.515), (108.63379, -34.8321, 23.3411), (108.63379, -34.6182, 23.3411), (108.4294, -34.6182, 23.6224), (108.4294, -34.8321, 23.6224), (108.2466, -34.6182, 23.6224), (108.2466, -34.8321, 23.6224), (108.098694, -34.6182, 23.515), (108.098694, -34.8321, 23.515), (108.04219, -34.6182, 23.3411), (108.04219, -34.8321, 23.3411), (108.098694, -34.6182, 23.1672), (108.098694, -34.8321, 23.1672), (108.2466, -34.6182, 23.0598), (108.2466, -34.8321, 23.0598), (108.4294, -34.6182, 23.0598), (108.4294, -34.8321, 23.0598), (108.5773, -34.6182, 23.1672), (108.5773, -34.8321, 23.1672), (108.338, -34.9041, 23.3411), (110.7142, -34.8321, 19.8063), (110.77069, -34.8321, 19.9802), (110.77069, -34.6182, 19.9802), (110.7142, -34.6182, 19.8063), (110.918594, -34.8321, 20.0877), (110.918594, -34.6182, 20.0877), (111.1015, -34.8321, 20.0877), (111.1015, -34.6182, 20.0877), (111.24939, -34.8321, 19.9802), (111.24939, -34.6182, 19.9802), (111.30589, -34.8321, 19.8063), (111.30589, -34.6182, 19.8063), (111.24939, -34.8321, 19.6324), (111.24939, -34.6182, 19.6324), (111.1015, -34.8321, 19.525), (111.1015, -34.6182, 19.525), (110.918594, -34.8321, 19.525), (110.918594, -34.6182, 19.525), (110.77069, -34.8321, 19.6324), (110.77069, -34.6182, 19.6324), (111.009995, -34.9041, 19.8063), (108.5773, -34.6182, 19.9802), (108.5773, -34.8321, 19.9802), (108.63379, -34.8321, 19.8063), (108.63379, -34.6182, 19.8063), (108.4294, -34.6182, 20.0877), (108.4294, -34.8321, 20.0877), (108.2466, -34.6182, 20.0877), (108.2466, -34.8321, 20.0877), (108.098694, -34.6182, 19.9802), (108.098694, -34.8321, 19.9802), (108.04219, -34.6182, 19.8063), (108.04219, -34.8321, 19.8063), (108.098694, -34.6182, 19.6324), (108.098694, -34.8321, 19.6324), (108.2466, -34.6182, 19.525), (108.2466, -34.8321, 19.525), (108.4294, -34.6182, 19.525), (108.4294, -34.8321, 19.525), (108.5773, -34.6182, 19.6324), (108.5773, -34.8321, 19.6324), (108.338, -34.9041, 19.8063), (111.07779, -34.6923, 18.3144), (111.07779, -34.6923, 21.6269), (110.7961, -34.6923, 21.6431), (110.7961, -34.6923, 18.2628), (110.1449, -34.5723, 17.1405), (109.203094, -34.5723, 17.1405), (109.203094, -33.9571, 17.1405), (110.1449, -33.9571, 17.1405), (111.6409, -33.9571, 21.6269), (111.6409, -34.5723, 21.6269), (111.6409, -34.5723, 18.3078), (111.6409, -33.9571, 18.3078), (109.203094, -34.5723, 24.2108), (110.1449, -34.5723, 24.2108), (110.1449, -33.9571, 24.2108), (109.203094, -33.9571, 24.2108), (107.70709, -33.9571, 21.94), (107.70709, -34.5723, 21.94), (107.70709, -34.5723, 23.0434), (107.70709, -33.9571, 23.0434), (111.6409, -34.5723, 23.0434), (111.6409, -34.5723, 21.94), (111.6409, -33.9571, 21.94), (111.6409, -33.9571, 23.0434), (107.70709, -34.5723, 18.3078), (107.70709, -34.5723, 21.6269), (107.70709, -33.9571, 21.6269), (107.70709, -33.9571, 18.3078), (111.08659, -34.4802, 21.8016), (110.7944, -34.4802, 21.8207), (111.4462, -34.3618, 21.8016), (111.3891, -33.9571, 21.8016), (107.9019, -34.3618, 21.8016), (107.95889, -33.9571, 21.8016), (111.07779, -34.6923, 21.94), (110.7961, -34.6923, 21.9614), (108.5464, -33.9571, 17.2391), (108.5464, -34.5723, 17.2391), (108.24429, -34.5723, 17.3478), (108.24429, -33.9571, 17.3478), (110.8017, -34.5723, 17.2391), (110.8017, -33.9571, 17.2391), (111.10379, -33.9571, 17.3478), (111.10379, -34.5723, 17.3478), (111.6073, -33.9571, 23.4034), (111.6073, -34.5723, 23.4034), (108.5464, -34.5723, 24.1034), (108.5464, -33.9571, 24.1034), (108.24429, -33.9571, 24.0034), (108.24429, -34.5723, 24.0034), (108.00929, -34.5723, 17.4678), (108.00929, -33.9571, 17.4678), (107.8414, -34.5723, 17.6678), (107.8414, -33.9571, 17.6678), (107.74069, -34.5723, 17.9478), (107.74069, -33.9571, 17.9478), (111.33879, -33.9571, 17.4678), (111.33879, -34.5723, 17.4678), (111.50659, -33.9571, 17.6678), (111.50659, -34.5723, 17.6678), (111.6073, -33.9571, 17.9478), (111.6073, -34.5723, 17.9478), (111.50659, -33.9571, 23.6834), (111.50659, -34.5723, 23.6834), (111.33879, -33.9571, 23.8834), (111.33879, -34.5723, 23.8834), (111.10379, -33.9571, 24.0034), (111.10379, -34.5723, 24.0034), (110.8017, -33.9571, 24.1034), (110.8017, -34.5723, 24.1034), (108.00929, -33.9571, 23.8834), (108.00929, -34.5723, 23.8834), (107.8414, -33.9571, 23.6834), (107.8414, -34.5723, 23.6834), (107.74069, -33.9571, 23.4034), (107.74069, -34.5723, 23.4034), (111.07779, -34.6923, 23.8861), (110.7961, -34.6923, 23.9814), (110.7961, -34.6923, 23.8378), (111.07779, -34.6923, 23.7822), (110.14259, -34.6923, 17.2658), (109.20549, -34.6923, 17.2658), (111.54019, -34.6923, 21.6269), (111.54019, -34.6923, 18.3144), (109.20549, -34.6923, 24.0855), (110.14259, -34.6923, 24.0855), (107.80789, -34.6923, 23.0368), (107.80789, -34.6923, 21.94), (111.54019, -34.6923, 23.0368), (111.54019, -34.6923, 21.94), (107.80789, -34.6923, 18.3144), (107.80789, -34.6923, 21.6269), (111.3622, -34.4802, 21.8016), (107.9859, -34.4802, 21.8016), (108.552, -34.6923, 17.3611), (108.2702, -34.6923, 17.4651), (111.508896, -34.6923, 17.9787), (107.8392, -34.6923, 23.3725), (107.8392, -34.6923, 17.9787), (107.92639, -34.6923, 17.7363), (108.0668, -34.6923, 17.569), (111.07779, -34.6923, 17.4651), (110.7961, -34.6923, 17.3611), (111.281296, -34.6923, 17.569), (111.42169, -34.6923, 17.7363), (108.2702, -34.6923, 23.8861), (108.552, -34.6923, 23.9814), (108.0668, -34.6923, 23.7822), (107.92639, -34.6923, 23.6149), (111.508896, -34.6923, 23.3725), (111.42169, -34.6923, 23.6149), (111.281296, -34.6923, 23.7822), (111.07779, -34.6923, 17.7363), (111.07779, -34.6923, 17.9787), (110.7961, -34.6923, 17.9214), (110.7961, -34.6923, 17.6749), (111.07779, -34.6923, 17.569), (110.7961, -34.6923, 17.5047), (111.07779, -34.6923, 23.0368), (110.7961, -34.6923, 23.0797), (111.07779, -34.6923, 23.3725), (110.7961, -34.6923, 23.4211), (111.07779, -34.6923, 23.6149), (110.7961, -34.6923, 23.6676), (108.2702, -34.6923, 23.7822), (108.552, -34.6923, 23.8378), (108.2702, -34.6923, 23.6149), (108.552, -34.6923, 23.6676), (108.2702, -34.6923, 23.3725), (108.552, -34.6923, 23.4211), (108.2702, -34.6923, 23.0368), (108.552, -34.6923, 23.0797), (108.2702, -34.6923, 21.94), (108.552, -34.6923, 21.9614), (108.26239, -34.4802, 21.8016), (108.5844, -34.4802, 21.8207), (108.2702, -34.6923, 21.6269), (108.552, -34.6923, 21.6431), (108.2702, -34.6923, 18.3144), (108.552, -34.6923, 18.2628), (108.2702, -34.6923, 17.9787), (108.552, -34.6923, 17.9214), (108.2702, -34.6923, 17.7363), (108.552, -34.6923, 17.6749), (108.2702, -34.6923, 17.569), (108.552, -34.6923, 17.5047), (109.20549, -34.6923, 23.938), (110.14259, -34.6923, 23.938), (109.20549, -34.6923, 23.7633), (110.14259, -34.6923, 23.7633), (109.20549, -34.6923, 23.5102), (110.14259, -34.6923, 23.5102), (109.20549, -34.6923, 23.1597), (110.14259, -34.6923, 23.1597), (109.20549, -34.6923, 21.94), (110.14259, -34.6923, 21.94), (109.22789, -34.4802, 21.8016), (110.1508, -34.4802, 21.8016), (109.20549, -34.6923, 21.6269), (110.14259, -34.6923, 21.6269), (109.20549, -34.6923, 18.1916), (110.14259, -34.6923, 18.1916), (109.20549, -34.6923, 17.841), (110.14259, -34.6923, 17.841), (109.20549, -34.6923, 17.5879), (110.14259, -34.6923, 17.5879), (109.20549, -34.6923, 17.4132), (110.14259, -34.6923, 17.4132), (108.0668, -34.6923, 23.6149), (108.0668, -34.6923, 23.3725), (108.0668, -34.6923, 23.0368), (108.0668, -34.6923, 21.94), (108.071, -34.4802, 21.8016), (108.0668, -34.6923, 21.6269), (108.0668, -34.6923, 18.3144), (108.0668, -34.6923, 17.9787), (108.0668, -34.6923, 17.7363), (111.281296, -34.6923, 17.7363), (111.281296, -34.6923, 17.9787), (111.281296, -34.6923, 18.3144), (111.281296, -34.6923, 21.6269), (111.239395, -34.4802, 21.8016), (111.281296, -34.6923, 21.94), (111.281296, -34.6923, 23.0368), (111.281296, -34.6923, 23.3725), (111.281296, -34.6923, 23.6149), (120.1966, -20.354, 28.8884), (120.9723, -20.354, 28.9541), (120.9723, -19.9582, 28.8884), (120.20199, -19.9636, 28.8337), (121.91909, -20.354, 28.9541), (121.91909, -19.9582, 28.8884), (120.9723, -20.7498, 28.8884), (121.91909, -20.7498, 28.8884), (120.20199, -20.7443, 28.8337), (120.1966, -19.4542, 27.9008), (120.9723, -19.3885, 27.9008), (120.9723, -19.3885, 27.5829), (120.1966, -19.4542, 27.5829), (121.91909, -19.3885, 27.9008), (121.91909, -19.3885, 27.5829), (120.9723, -19.4542, 28.3625), (121.91909, -19.4542, 28.3625), (120.20199, -19.5089, 28.357), (121.91909, -21.3195, 27.9008), (120.9723, -21.3195, 27.9008), (120.9723, -21.3195, 27.5829), (121.91909, -21.3195, 27.5829), (120.1966, -21.2538, 27.9008), (120.1966, -21.2538, 27.5829), (120.9723, -21.2538, 28.3625), (120.20199, -21.1991, 28.357), (121.91909, -21.2538, 28.3625), (119.565895, -20.749802, 27.9008), (119.5003, -20.354002, 27.9008), (119.5003, -20.354002, 27.5829), (119.565895, -20.749802, 27.5829), (119.565895, -19.958202, 27.9008), (119.565895, -19.958202, 27.5829), (119.565895, -20.354002, 28.3625), (119.6206, -19.9636, 28.357), (119.6206, -20.7443, 28.357), (119.7848, -19.673, 28.3406), (119.850395, -19.7387, 28.6039), (120.2185, -19.673, 28.6696), (119.7848, -19.98, 28.6696), (119.7848, -21.035, 28.3406), (119.850395, -20.9693, 28.6039), (119.7848, -20.7279, 28.6696), (120.2185, -21.035, 28.6696), (120.9723, -19.6511, 28.6915), (121.91909, -19.6511, 28.6915), (120.9723, -21.0568, 28.6915), (121.91909, -21.0568, 28.6915), (119.7629, -20.354, 28.6915), (119.7629, -19.6511, 27.9008), (119.7629, -19.6511, 27.5829), (119.7629, -21.0568, 27.9008), (119.7629, -21.0568, 27.5829), (121.91909, -20.354, 28.8608), (121.91909, -19.9919, 28.8008), (121.91909, -19.719, 28.6257), (121.91909, -19.5426, 28.3312), (121.91909, -19.4805, 27.8943), (121.91909, -19.4805, 27.5832), (121.91909, -21.2275, 27.5832), (121.91909, -21.2275, 27.8943), (121.91909, -21.1654, 28.3312), (121.91909, -20.989, 28.6257), (121.91909, -20.7161, 28.8008), (120.97529, -18.679, 27.5829), (120.1636, -18.7929, 27.5829), (121.919, -18.679, 27.5829), (120.97529, -22.029, 27.5829), (121.919, -22.029, 27.5829), (120.1636, -21.915, 27.5829), (118.95559, -20.354002, 27.5829), (119.069496, -21.040703, 27.5829), (119.069496, -19.667301, 27.5829), (119.4112, -19.134602, 27.5829), (119.4112, -21.573301, 27.5829), (120.245995, -18.2893, 27.5829), (120.9985, -17.8568, 27.5829), (120.5543, -17.9428, 27.5829), (121.52819, -17.9402, 27.5829), (121.836494, -18.2792, 27.5829), (121.52819, -22.7678, 27.5829), (121.836494, -22.4287, 27.5829), (120.9985, -22.8511, 27.5829), (120.245995, -22.4186, 27.5829), (120.5543, -22.7651, 27.5829), (121.91909, -19.4805, 27.4196), (121.91909, -19.3885, 27.4194), (121.91909, -21.3195, 27.4194), (121.91909, -21.2275, 27.4196), (121.919, -18.679, 27.4194), (121.919, -22.029, 27.4194), (118.95559, -20.354002, 27.4194), (119.069496, -21.040703, 27.4194), (119.069496, -19.667301, 27.4194), (119.4112, -19.134602, 27.4194), (120.1636, -18.7929, 27.4194), (119.4112, -21.573301, 27.4194), (120.1636, -21.915, 27.4194), (120.9985, -17.8568, 27.4194), (120.5543, -17.9428, 27.4194), (121.836494, -18.2792, 27.4194), (120.9985, -22.8511, 27.4194), (121.52819, -22.7678, 27.4194), (120.245995, -22.4186, 27.4194), (120.245995, -18.2893, 27.4194), (121.52819, -17.9402, 27.4194), (121.836494, -22.4287, 27.4194), (120.5543, -22.7651, 27.4194), (159.0322, -20.8073, 19.9187), (159.0322, -20.7207, 20.1851), (158.7044, -20.7207, 20.1851), (158.7044, -20.8073, 19.9187), (159.0322, -20.4941, 20.3498), (158.7044, -20.4941, 20.3498), (159.0322, -20.214, 20.3498), (158.7044, -20.214, 20.3498), (159.0322, -19.9873, 20.1851), (158.7044, -19.9873, 20.1851), (159.0322, -19.9008, 19.9187), (158.7044, -19.9008, 19.9187), (159.0322, -19.9873, 19.6523), (158.7044, -19.9873, 19.6523), (159.0322, -20.214, 19.4877), (158.7044, -20.214, 19.4877), (159.0322, -20.4941, 19.4877), (158.7044, -20.4941, 19.4877), (159.0322, -20.7207, 19.6523), (158.7044, -20.7207, 19.6523), (159.1425, -20.354, 19.9187), (103.102, -9.4185, 5.7020006), (103.8538, -9.4185, 5.7020006), (103.8538, -30.2647, 5.7020006), (103.102, -30.2647, 5.7020006), (103.8538, -30.2647, 8.1), (103.8538, -9.4185, 8.1), (103.102, -9.4185, 8.1), (103.102, -30.2647, 8.1), (157.2578, -9.4185, 15.575997), (156.506, -9.4185, 15.575997), (156.506, -30.2647, 15.575997), (157.2578, -30.2647, 15.575997), (156.506, -30.2647, 13.177998), (156.506, -9.4185, 13.177998), (157.2578, -9.4185, 13.177998), (157.2578, -30.2647, 13.177998), (157.2578, -9.4185, 8.1), (156.506, -9.4185, 8.1), (156.506, -30.2647, 8.1), (157.2578, -30.2647, 8.1), (156.506, -30.2647, 5.7020006), (156.506, -9.4185, 5.7020006), (157.2578, -9.4185, 5.7020006), (157.2578, -30.2647, 5.7020006), (101.4299, -6.604, 1.5538998), (101.4299, -34.104, 1.5538998), (101.4299, -34.104, 0.058200836), (101.4299, -6.604, 0.058200836), (101.4299, -30.5079, 27.5582), (101.4299, -31.8025, 27.4144), (101.4299, -8.9055, 27.4144), (101.4299, -10.2001, 27.5582), (101.4299, -34.104, 21.6327), (101.4299, -34.104, 16.6227), (101.4299, -6.604, 16.6228), (101.4299, -6.604, 21.6327), (103.083496, -34.104, 0.058200836), (103.083496, -6.604, 0.058200836), (103.083496, -10.2001, 27.5582), (103.083496, -30.5079, 27.5582), (103.083496, -34.104, 1.5538998), (103.083496, -6.604, 1.5538998), (103.083496, -6.604, 16.6228), (103.083496, -34.104, 23.9621), (103.083496, -34.104, 21.9327), (101.4299, -34.104, 21.9327), (101.4299, -34.104, 23.9621), (101.4299, -6.604, 21.9327), (103.083496, -6.604, 21.9327), (103.083496, -6.604, 23.9621), (101.4299, -6.604, 23.9621), (103.083496, -34.104, 21.6327), (103.083496, -34.104, 16.6227), (103.083496, -6.604, 21.6327), (103.083496, -33.9333, 0.1996001), (103.083496, -6.7747, 0.1996001), (103.083496, -33.9333, 1.6245997), (103.083496, -33.9333, 21.6327), (103.083496, -33.9333, 16.6227), (103.083496, -33.9333, 23.8207), (103.083496, -33.9333, 21.9327), (103.083496, -10.3708, 27.4168), (103.083496, -30.3372, 27.4168), (103.083496, -6.7747, 21.9327), (103.083496, -6.7747, 23.8207), (103.083496, -6.7747, 16.6228), (103.083496, -6.7747, 21.6327), (103.083496, -6.7747, 1.6245997), (103.083496, -8.9055, 27.4144), (103.083496, -31.8025, 27.4144), (103.083496, -33.7895, 25.1153), (103.083496, -33.9602, 25.2567), (103.083496, -9.0762, 27.2729), (101.4299, -7.8985996, 26.9828), (103.083496, -7.8985996, 26.9828), (101.4299, -7.1793995, 26.2636), (103.083496, -7.1793995, 26.2636), (101.4299, -6.7479, 25.2567), (103.083496, -6.7479, 25.2567), (103.083496, -32.8094, 26.9828), (101.4299, -32.8094, 26.9828), (103.083496, -33.5286, 26.2636), (101.4299, -33.5286, 26.2636), (101.4299, -33.9602, 25.2567), (103.083496, -33.3579, 26.1222), (103.083496, -32.6387, 26.8414), (103.083496, -31.6318, 27.2729), (103.083496, -8.0693, 26.8414), (103.083496, -7.3500996, 26.1222), (103.083496, -6.9186, 25.1153), (101.642, -33.8919, 21.7827), (101.642, -6.8161, 21.7827), (102.8714, -33.8919, 21.7827), (102.8714, -6.8161, 21.7827), (102.8714, -6.9869003, 21.7827), (103.083496, -30.7868, 16.6227), (103.083496, -30.7868, 1.6245997), (101.32761, -20.8073, 24.5894), (101.32761, -20.7207, 24.8558), (101.655396, -20.7207, 24.8558), (101.655396, -20.8073, 24.5894), (101.32761, -20.4941, 25.0205), (101.655396, -20.4941, 25.0205), (101.32761, -20.214, 25.0205), (101.655396, -20.214, 25.0205), (101.32761, -19.9873, 24.8558), (101.655396, -19.9873, 24.8558), (101.32761, -19.9008, 24.5894), (101.655396, -19.9008, 24.5894), (101.32761, -19.9873, 24.323), (101.655396, -19.9873, 24.323), (101.32761, -20.214, 24.1584), (101.655396, -20.214, 24.1584), (101.32761, -20.4941, 24.1584), (101.655396, -20.4941, 24.1584), (101.32761, -20.7207, 24.323), (101.655396, -20.7207, 24.323), (101.2173, -20.354, 24.5894), (101.32761, -20.8073, 19.9187), (101.32761, -20.7207, 20.1851), (101.655396, -20.7207, 20.1851), (101.655396, -20.8073, 19.9187), (101.32761, -20.4941, 20.3498), (101.655396, -20.4941, 20.3498), (101.32761, -20.214, 20.3498), (101.655396, -20.214, 20.3498), (101.32761, -19.9873, 20.1851), (101.655396, -19.9873, 20.1851), (101.32761, -19.9008, 19.9187), (101.655396, -19.9008, 19.9187), (101.32761, -19.9873, 19.6523), (101.655396, -19.9873, 19.6523), (101.32761, -20.214, 19.4877), (101.655396, -20.214, 19.4877), (101.32761, -20.4941, 19.4877), (101.655396, -20.4941, 19.4877), (101.32761, -20.7207, 19.6523), (101.655396, -20.7207, 19.6523), (101.2173, -20.354, 19.9187)]
                texCoord2f[] primvars:st = [(0.73925024, 0.5491723), (0.5073068, 0.5491723), (0.13479352, 0.5491722), (0.28911838, 0.5491723), (0.76357013, 0.5491723), (0.7282357, 0.5491723), (0.49159554, 0.04723353), (0.2208386, 0.04723353), (0.2208386, 0.032426246), (0.49159554, 0.032426246), (0.518321, 0.5491723), (0.09992975, 0.5491723), (0.07526918, 0.5491722), (0.25624445, 0.30684713), (0.24349815, 0.3054236), (0.46893576, 0.3054236), (0.45618942, 0.30684713), (0.3486425, 0.5491723), (0.32398188, 0.5491723), (0.03252993, 0.5491722), (0.071253374, 0.5491722), (0.2208386, 0.24601167), (0.2208386, 0.19641316), (0.49159554, 0.24601167), (0.35265952, 0.5491723), (0.2208386, 0.01605583), (0.49159554, 0.01605586), (0.99177104, 0.37728903), (0.96566945, 0.62571293), (0.99177104, 0.62571347), (0.96566945, 0.37729555), (0.99177104, 0.029371396), (0.96563953, 0.029400863), (0.96563953, 0.011090955), (0.99177104, 0.011090955), (0.99177104, 0.9736304), (0.96566254, 0.9736339), (0.96566254, 0.78927755), (0.99177104, 0.78929347), (0.99177104, 0.32211018), (0.96566695, 0.32211018), (0.96566695, 0.306176), (0.96566695, 0.28135037), (0.96566695, 0.68089175), (0.99177104, 0.72166467), (0.96566695, 0.72166467), (0.99177104, 0.68089175), (0.99177104, 0.2749946), (0.96563953, 0.27497923), (0.96563953, 0.21370326), (0.99177104, 0.21370746), (0.96566254, 0.7280021), (0.99177104, 0.7280075), (0.96566623, 0.9919473), (0.22251922, 0.014365323), (0.96306163, 0.9900644), (0.9629516, 0.030294776), (0.9629516, 0.012869168), (0.9629516, 0.2749935), (0.9629516, 0.21369903), (0.9660056, 0.7248364), (0.9628977, 0.30620098), (0.9628977, 0.28133973), (0.9628977, 0.37798324), (0.96612376, 0.27819833), (0.9629788, 0.72166467), (0.9629788, 0.69676167), (0.9630559, 0.78926176), (0.9630559, 0.72799677), (0.9630559, 0.9728601), (0.96566695, 0.6416477), (0.99177104, 0.6416477), (0.12472564, 0.5491722), (0.99177104, 0.36135483), (0.96566695, 0.36135483), (0.29918632, 0.5491723), (0.9628977, 0.32214957), (0.9629788, 0.6416054), (0.96566695, 0.65504885), (0.99177104, 0.65504885), (0.96566695, 0.66749114), (0.99177104, 0.66749114), (0.99177104, 0.69682616), (0.96566695, 0.69682616), (0.116258584, 0.5491722), (0.10839719, 0.5491723), (0.089861974, 0.5491722), (0.99177104, 0.34795362), (0.96566695, 0.34795362), (0.99177104, 0.33551148), (0.96566695, 0.33551148), (0.91391337, 0.21369903), (0.99177104, 0.306176), (0.3076533, 0.5491723), (0.31551474, 0.5491723), (0.3340497, 0.5491723), (0.9628977, 0.33548135), (0.9628977, 0.34807417), (0.9628977, 0.3613371), (0.9629788, 0.65516806), (0.9629788, 0.6676422), (0.9629788, 0.6808823), (0.073261276, 0.54747707), (0.49159554, 0.25115526), (0.2208386, 0.25115526), (0.4895071, 0.24858344), (0.22292691, 0.24858344), (0.35065103, 0.5474771), (0.49159554, 0.19641411), (0.49159554, 0.27124617), (0.2208386, 0.27124617), (0.4901786, 0.2840626), (0.22225434, 0.2840626), (0.48593023, 0.29403082), (0.22650367, 0.29403082), (0.4788492, 0.30115077), (0.2335847, 0.30115077), (0.48991492, 0.014365323), (0.99177104, 0.28135037), (0.91391337, 0.030294776), (0.9690152, 0.27817243), (0.98842293, 0.27817243), (0.9884228, 0.7248295), (0.9690152, 0.7248295), (0.017867364, 0.42109525), (0.9629788, 0.6244508), (0.017876185, 0.41329932), (0.01789657, 0.4538232), (0.01787255, 0.44600487), (0.24238196, 0.44597715), (0.07804086, 0.5213909), (0.24236223, 0.4538232), (0.24237695, 0.4210677), (0.0798923, 0.52737933), (0.010038412, 0.42108488), (0.24234179, 0.41329938), (0.06062632, 0.5248822), (0.07361313, 0.53217524), (0.25021192, 0.4210298), (0.054738395, 0.5227065), (0.055950694, 0.51572824), (0.25021192, 0.44594133), (0.010038412, 0.44599646), (0.06221669, 0.515728), (0.05605065, 0.5329348), (0.05125039, 0.52884483), (0.049036853, 0.5389105), (0.045903794, 0.53340006), (0.04043459, 0.5420891), (0.24236205, 0.47873467), (0.01789657, 0.47873467), (0.99177104, 0.9919473), (0.03934633, 0.5358231), (0.031278722, 0.5420891), (0.032366805, 0.5358231), (0.008209948, 0.5491722), (0.02267634, 0.5389105), (0.025809398, 0.53340006), (0.015664568, 0.5329348), (0.020464411, 0.52884483), (0.011086991, 0.5248822), (0.016974797, 0.5227065), (0.39138222, 0.5491723), (0.00949656, 0.515728), (0.015762558, 0.51572824), (0.011086991, 0.5065735), (0.016974797, 0.50874984), (0.015664568, 0.4985233), (0.020464411, 0.50261325), (0.02267634, 0.49254763), (0.025809398, 0.49805796), (0.031278722, 0.48936898), (0.032366805, 0.49563497), (0.04043459, 0.48936898), (0.03934633, 0.49563497), (0.049036853, 0.49254763), (0.045903794, 0.49805796), (0.05605065, 0.4985233), (0.05125039, 0.50261325), (0.06062632, 0.5065735), (0.054738395, 0.50874984), (0.049324505, 0.52070653), (0.050189607, 0.51572835), (0.046835713, 0.5250844), (0.043022506, 0.52833223), (0.03834509, 0.5300611), (0.033368044, 0.5300611), (0.028690806, 0.52833223), (0.02487742, 0.5250844), (0.022388747, 0.52070653), (0.021523586, 0.51572835), (0.022388747, 0.51075155), (0.02487742, 0.50637376), (0.028690806, 0.5031243), (0.033368044, 0.50139546), (0.03834509, 0.50139546), (0.043022506, 0.5031243), (0.046835713, 0.50637376), (0.049324505, 0.51075155), (0.07027867, 0.52138966), (0.08473655, 0.5310816), (0.082338, 0.5388433), (0.09072461, 0.5310816), (0.09312298, 0.5388433), (0.09557106, 0.52737933), (0.101851724, 0.53217524), (0.09742024, 0.5213909), (0.10518231, 0.52138966), (0.09557106, 0.51540256), (0.101851724, 0.5106042), (0.09072461, 0.51170254), (0.09312298, 0.50394017), (0.08473655, 0.51170254), (0.082338, 0.50394017), (0.0798923, 0.51540256), (0.07361313, 0.5106042), (0.08773168, 0.5213911), (0.4651471, 0.35286593), (0.32807162, 0.49299097), (0.3355797, 0.49343157), (0.4651471, 0.40580112), (0.34203252, 0.49545604), (0.4610359, 0.4063152), (0.34769145, 0.4979651), (0.4610359, 0.35183847), (0.35373414, 0.50060755), (0.45127097, 0.32357174), (0.35772628, 0.5026228), (0.45024297, 0.33333692), (0.43533927, 0.33333692), (0.29904822, 0.50223255), (0.3025616, 0.5005742), (0.43431127, 0.32357174), (0.30910003, 0.49744588), (0.48467666, 0.34978247), (0.31482092, 0.4952941), (0.48621842, 0.40374565), (0.3210878, 0.49357438), (0.4759399, 0.40425906), (0.22808416, 0.5235223), (0.21575172, 0.52356946), (0.21773143, 0.5107398), (0.22922625, 0.51126134), (0.21575172, 0.5384857), (0.22808416, 0.53848726), (0.27398124, 0.52356946), (0.27398124, 0.5384857), (0.2616487, 0.53848726), (0.2616487, 0.5235223), (0.27199972, 0.5107398), (0.26050663, 0.51126134), (0.24486654, 0.49164587), (0.25680265, 0.49344623), (0.25174624, 0.5012924), (0.24486654, 0.5002556), (0.23798676, 0.5012924), (0.23293023, 0.49344623), (0.2326488, 0.50440645), (0.22367086, 0.49884737), (0.26606026, 0.49884737), (0.2570825, 0.50440645), (0.20897792, 0.51204205), (0.20146032, 0.5239363), (0.20295511, 0.5169153), (0.2029099, 0.5323087), (0.20880239, 0.5371818), (0.28682292, 0.5323087), (0.28092864, 0.5371818), (0.2882709, 0.5239363), (0.28075314, 0.51204205), (0.28677604, 0.5169153), (0.23008214, 0.54102254), (0.22805278, 0.54102254), (0.23008214, 0.53848726), (0.26167145, 0.54102254), (0.25961533, 0.54102254), (0.25961533, 0.53848726), (0.21541186, 0.54102063), (0.27448955, 0.54102063), (0.24486662, 0.48846447), (0.2577577, 0.49029303), (0.2319753, 0.49029303), (0.22197498, 0.49577844), (0.21556045, 0.5084073), (0.2677561, 0.49577844), (0.27417082, 0.5084073), (0.19831796, 0.5239766), (0.19992097, 0.51575184), (0.20619155, 0.53949314), (0.29141325, 0.5239766), (0.2898605, 0.5337846), (0.2833512, 0.51004314), (0.20637982, 0.51004314), (0.19987257, 0.5337846), (0.2835395, 0.53949314), (0.28981018, 0.51575184), (0.33206525, 0.51753145), (0.32807204, 0.51713216), (0.32807204, 0.5071491), (0.33326346, 0.5079473), (0.33526006, 0.49556834), (0.32807204, 0.49516892), (0.32128352, 0.49556834), (0.32288083, 0.507548), (0.3236794, 0.51713216), (0.00842239, 0.3715316), (0.00842239, 0.36691988), (0.023096735, 0.36691988), (0.023096735, 0.3715316), (0.00842239, 0.362727), (0.023096735, 0.362727), (0.00842239, 0.35811538), (0.023096735, 0.35811538), (0.00842239, 0.35350317), (0.023096735, 0.35350317), (0.00842239, 0.34847212), (0.023096735, 0.34847212), (0.00842239, 0.34260243), (0.023096735, 0.34260243), (0.00842239, 0.40046126), (0.00842239, 0.39501035), (0.023096735, 0.39501035), (0.023096735, 0.40046126), (0.00842239, 0.3899793), (0.023096735, 0.3899793), (0.00842239, 0.3849483), (0.023096735, 0.3849483), (0.00842239, 0.38075542), (0.023096735, 0.38075542), (0.00842239, 0.3761438), (0.023096735, 0.3761438), (0.027289335, 0.36691988), (0.027289335, 0.3715316), (0.027289335, 0.362727), (0.027289335, 0.35811538), (0.027289335, 0.35350317), (0.027289335, 0.34847212), (0.027289335, 0.34260243), (0.027289335, 0.39501035), (0.027289335, 0.40046126), (0.027289335, 0.3899793), (0.027289335, 0.3849483), (0.027289335, 0.38075542), (0.027289335, 0.3761438), (0.031062722, 0.3715316), (0.031062722, 0.36691988), (0.08682505, 0.36691988), (0.08682505, 0.3715316), (0.031062722, 0.362727), (0.08682505, 0.362727), (0.031062722, 0.35811538), (0.08682505, 0.35811538), (0.031062722, 0.35350317), (0.08682505, 0.35350317), (0.031062722, 0.34847212), (0.08682505, 0.34847212), (0.031062722, 0.34260243), (0.08682505, 0.34260243), (0.031062722, 0.40046126), (0.031062722, 0.39501035), (0.08682505, 0.39501035), (0.08682505, 0.40046126), (0.031062722, 0.3899793), (0.08682505, 0.3899793), (0.031062722, 0.3849483), (0.08682505, 0.3849483), (0.031062722, 0.38075542), (0.08682505, 0.38075542), (0.031062722, 0.3761438), (0.08682505, 0.3761438), (0.10233798, 0.3715316), (0.10233798, 0.36691988), (0.10862687, 0.36691988), (0.10862687, 0.3715316), (0.10233798, 0.362727), (0.10862687, 0.362727), (0.10233798, 0.35811538), (0.10862687, 0.35811538), (0.10233798, 0.35350317), (0.10862687, 0.35350317), (0.10233798, 0.34847212), (0.10862687, 0.34847212), (0.10233798, 0.34260243), (0.10862687, 0.34260243), (0.10233798, 0.40046126), (0.10233798, 0.39501035), (0.10862687, 0.39501035), (0.10862687, 0.40046126), (0.10233798, 0.3899793), (0.10862687, 0.3899793), (0.10233798, 0.3849483), (0.10862687, 0.3849483), (0.10233798, 0.38075542), (0.10862687, 0.38075542), (0.10233798, 0.3761438), (0.10862687, 0.3761438), (0.11533515, 0.36691988), (0.11533515, 0.3715316), (0.11533515, 0.362727), (0.11533515, 0.35811538), (0.11533515, 0.35350317), (0.11533515, 0.34847212), (0.11533515, 0.34260243), (0.11533515, 0.39501035), (0.11533515, 0.40046126), (0.11533515, 0.3899793), (0.11533515, 0.3849483), (0.11533515, 0.38075542), (0.11533515, 0.3761438), (0.12707469, 0.36691988), (0.12707469, 0.3715316), (0.12707469, 0.362727), (0.12707469, 0.35811538), (0.12707469, 0.35350317), (0.12707469, 0.34847212), (0.12707469, 0.34260243), (0.12707469, 0.39501035), (0.12707469, 0.40046126), (0.12707469, 0.3899793), (0.12707469, 0.3849483), (0.12707469, 0.38075542), (0.12707469, 0.3761438), (0.13881406, 0.36691988), (0.21134695, 0.36691988), (0.21134695, 0.3715316), (0.13881406, 0.3715316), (0.13881406, 0.362727), (0.21134695, 0.362727), (0.13881406, 0.35811538), (0.21134695, 0.35811538), (0.13881406, 0.35350317), (0.21134695, 0.35350317), (0.13881406, 0.34847212), (0.21134695, 0.34847212), (0.13881406, 0.3899793), (0.21134695, 0.3899793), (0.21134695, 0.39501035), (0.13881406, 0.39501035), (0.13881406, 0.3849483), (0.21134695, 0.3849483), (0.13881406, 0.38075542), (0.21134695, 0.38075542), (0.13881406, 0.3761438), (0.21134695, 0.3761438), (0.34090006, 0.3715316), (0.32622564, 0.3715316), (0.32622564, 0.36691988), (0.34090006, 0.36691988), (0.32622564, 0.362727), (0.34090006, 0.362727), (0.32622564, 0.35811538), (0.34090006, 0.35811538), (0.32622564, 0.35350317), (0.34090006, 0.35350317), (0.32622564, 0.34847212), (0.34090006, 0.34847212), (0.32622564, 0.34260243), (0.34090006, 0.34260243), (0.34090006, 0.40046126), (0.32622564, 0.40046126), (0.32622564, 0.39501035), (0.34090006, 0.39501035), (0.32622564, 0.3899793), (0.34090006, 0.3899793), (0.32622564, 0.3849483), (0.34090006, 0.3849483), (0.32622564, 0.38075542), (0.34090006, 0.38075542), (0.32622564, 0.3761438), (0.34090006, 0.3761438), (0.3224523, 0.3715316), (0.3224523, 0.36691988), (0.3224523, 0.362727), (0.3224523, 0.35811538), (0.3224523, 0.35350317), (0.3224523, 0.34847212), (0.3224523, 0.34260243), (0.3224523, 0.40046126), (0.3224523, 0.39501035), (0.3224523, 0.3899793), (0.3224523, 0.3849483), (0.3224523, 0.38075542), (0.3224523, 0.3761438), (0.31825972, 0.3715316), (0.26291668, 0.3715316), (0.26291668, 0.36691988), (0.31825972, 0.36691988), (0.26291668, 0.362727), (0.31825972, 0.362727), (0.26291668, 0.35811538), (0.31825972, 0.35811538), (0.26291668, 0.35350317), (0.31825972, 0.35350317), (0.26291668, 0.34847212), (0.31825972, 0.34847212), (0.26291668, 0.34260243), (0.31825972, 0.34260243), (0.31825972, 0.40046126), (0.26291668, 0.40046126), (0.26291668, 0.39501035), (0.31825972, 0.39501035), (0.26291668, 0.3899793), (0.31825972, 0.3899793), (0.26291668, 0.3849483), (0.31825972, 0.3849483), (0.26291668, 0.38075542), (0.31825972, 0.38075542), (0.26291668, 0.3761438), (0.31825972, 0.3761438), (0.24782312, 0.3715316), (0.24111477, 0.3715316), (0.24111477, 0.36691988), (0.24782312, 0.36691988), (0.24111477, 0.362727), (0.24782312, 0.362727), (0.24111477, 0.35811538), (0.24782312, 0.35811538), (0.24111477, 0.35350317), (0.24782312, 0.35350317), (0.24111477, 0.34847212), (0.24782312, 0.34847212), (0.24111477, 0.34260243), (0.24782312, 0.34260243), (0.24782312, 0.40046126), (0.24111477, 0.40046126), (0.24111477, 0.39501035), (0.24782312, 0.39501035), (0.24111477, 0.3899793), (0.24782312, 0.3899793), (0.24111477, 0.3849483), (0.24782312, 0.3849483), (0.24111477, 0.38075542), (0.24782312, 0.38075542), (0.24111477, 0.3761438), (0.24782312, 0.3761438), (0.23482586, 0.36691988), (0.23482586, 0.3715316), (0.23482586, 0.362727), (0.23482586, 0.35811538), (0.23482586, 0.35350317), (0.23482586, 0.34847212), (0.23482586, 0.34260243), (0.23482586, 0.39501035), (0.23482586, 0.40046126), (0.23482586, 0.3899793), (0.23482586, 0.3849483), (0.23482586, 0.38075542), (0.23482586, 0.3761438), (0.22308633, 0.3715316), (0.22308633, 0.36691988), (0.22308633, 0.362727), (0.22308633, 0.35811538), (0.22308633, 0.35350317), (0.22308633, 0.34847212), (0.22308633, 0.34260243), (0.22308633, 0.40046126), (0.22308633, 0.39501035), (0.22308633, 0.3899793), (0.22308633, 0.3849483), (0.22308633, 0.38075542), (0.22308633, 0.3761438), (0.13881406, 0.34260243), (0.21134695, 0.34260243), (0.13881406, 0.40046126), (0.21134695, 0.40046126), (0.34644133, 0.52671623), (0.3432468, 0.5243203), (0.34803867, 0.5143367), (0.3516328, 0.5167327), (0.356824, 0.50475264), (0.35283074, 0.50275606), (0.34684068, 0.49996078), (0.3428474, 0.5115414), (0.33925328, 0.5207262), (0.29971945, 0.5039543), (0.30331323, 0.5023567), (0.3081054, 0.5139374), (0.3041121, 0.51593435), (0.30930334, 0.52631694), (0.31249815, 0.52392095), (0.31689075, 0.52032685), (0.31329662, 0.5111421), (0.30970284, 0.49916202), (0.32048464, 0.53550166), (0.32168284, 0.53190744), (0.3276726, 0.5327063), (0.3276726, 0.5366993), (0.33486068, 0.53550166), (0.3336627, 0.53190744), (0.33246478, 0.52671623), (0.3276726, 0.52751464), (0.32328016, 0.52671623), (0.33565938, 0.5251187), (0.334062, 0.5227228), (0.33565938, 0.51833034), (0.33166623, 0.5227228), (0.32008556, 0.52471936), (0.32168284, 0.5223234), (0.32407883, 0.5227228), (0.32008556, 0.51833034), (0.33805537, 0.5091455), (0.34125003, 0.49756485), (0.31808865, 0.5091455), (0.31529343, 0.49716544), (0.32807204, 0.5227228), (0.33885425, 0.52951163), (0.34085065, 0.53230697), (0.31689075, 0.52911216), (0.31449482, 0.53230697), (0.4749119, 0.3513244), (0.43428418, 0.46809754), (0.43479824, 0.4583329), (0.44970223, 0.4583329), (0.45073, 0.46809754), (0.40087852, 0.44497028), (0.39676732, 0.4269827), (0.4065318, 0.4244133), (0.41012937, 0.44137272), (0.48362198, 0.44497028), (0.47437117, 0.44137272), (0.47848237, 0.4244133), (0.48824713, 0.4269827), (0.4009056, 0.34978247), (0.41067037, 0.3513244), (0.40964237, 0.40425906), (0.39987785, 0.40374565), (0.461103, 0.41122267), (0.92250484, 0.3332184), (0.9243428, 0.3390799), (0.46572867, 0.41122267), (0.47713935, 0.40881926), (0.92145735, 0.34125143), (0.91893846, 0.3332184), (0.48621413, 0.40830252), (0.40569893, 0.41935426), (0.9291555, 0.34269994), (0.9280531, 0.34621266), (0.395899, 0.42169857), (0.4617698, 0.4179592), (0.46708158, 0.41816652), (0.9351068, 0.34269994), (0.93620926, 0.34621266), (0.48908854, 0.42194465), (0.9399192, 0.3390799), (0.9428044, 0.34125143), (0.47970837, 0.41999465), (0.39990044, 0.40847847), (0.9417575, 0.3332184), (0.9453239, 0.3332184), (0.40869, 0.40935054), (0.41580957, 0.3281973), (0.42197695, 0.3256279), (0.42506045, 0.33539242), (0.4199212, 0.33693448), (0.46566108, 0.33693448), (0.4610359, 0.33539242), (0.46360528, 0.3256279), (0.4702866, 0.3281973), (0.4728291, 0.44702646), (0.4815662, 0.4511379), (0.4204082, 0.4552489), (0.42451966, 0.45679095), (0.42246395, 0.46604204), (0.41578266, 0.4639859), (0.4101563, 0.33179486), (0.41683772, 0.33898982), (0.4060448, 0.33642042), (0.41375387, 0.3420733), (0.40296134, 0.3420733), (0.4116981, 0.34567085), (0.4692586, 0.33898982), (0.47542596, 0.33179486), (0.4718284, 0.3420733), (0.47953746, 0.33642042), (0.4738841, 0.34567085), (0.4826209, 0.3420733), (0.4707736, 0.45062384), (0.4779687, 0.45679095), (0.46820393, 0.4531934), (0.4738571, 0.46090245), (0.46460637, 0.4552489), (0.4687178, 0.4639859), (0.45998082, 0.45679095), (0.4625506, 0.46604204), (0.41681066, 0.4531934), (0.41064328, 0.46090245), (0.41424084, 0.45062384), (0.4065318, 0.45679095), (0.4121851, 0.44702646), (0.4034483, 0.4511379), (0.4640923, 0.45267934), (0.45998082, 0.4542214), (0.45998082, 0.4521654), (0.4640923, 0.4511379), (0.45024297, 0.33642042), (0.43533927, 0.33642042), (0.4728561, 0.35183847), (0.4728561, 0.4052872), (0.43531218, 0.45576283), (0.44970223, 0.45576283), (0.4126992, 0.44085884), (0.40961558, 0.4233853), (0.47539887, 0.4233853), (0.47231537, 0.44085884), (0.4127261, 0.4052872), (0.4127261, 0.35183847), (0.9399192, 0.32735685), (0.47308922, 0.41001323), (0.9428044, 0.3251853), (0.4086822, 0.4186693), (0.47661448, 0.41932166), (0.9351068, 0.32373676), (0.41172487, 0.41003045), (0.93620926, 0.32022408), (0.42506045, 0.33796182), (0.42094895, 0.33950388), (0.4718284, 0.34669885), (0.41372678, 0.44548434), (0.41375387, 0.34669885), (0.41580957, 0.34361538), (0.41786534, 0.34104595), (0.4646333, 0.33950388), (0.46052185, 0.33796182), (0.4677169, 0.34104595), (0.46977267, 0.34361538), (0.42092216, 0.45267934), (0.42503336, 0.4542214), (0.4178384, 0.4511379), (0.41578266, 0.44908178), (0.4707736, 0.44548434), (0.46923155, 0.44908178), (0.46717617, 0.4511379), (0.4651471, 0.34361538), (0.4651471, 0.3472129), (0.46052185, 0.34669885), (0.46052185, 0.34258738), (0.4646333, 0.34104595), (0.46052185, 0.34001794), (0.4666621, 0.42235717), (0.46512032, 0.4393174), (0.4604948, 0.43983135), (0.46152288, 0.42235717), (0.46460637, 0.44497028), (0.45998082, 0.44548434), (0.4640923, 0.44856784), (0.45998082, 0.44908178), (0.42092216, 0.4511379), (0.42503336, 0.4521654), (0.4204082, 0.44856784), (0.42503336, 0.44908178), (0.4204082, 0.44497028), (0.42503336, 0.44548434), (0.41989416, 0.4393174), (0.42451966, 0.43983135), (0.41835234, 0.42235717), (0.42349166, 0.42235717), (0.9291555, 0.32373676), (0.9280531, 0.32022408), (0.41812742, 0.41784185), (0.42379865, 0.41761386), (0.41998872, 0.41122267), (0.9243428, 0.32735685), (0.92145735, 0.3251853), (0.4251278, 0.41122267), (0.42043513, 0.40580112), (0.42043513, 0.35286593), (0.42506045, 0.35183847), (0.42506045, 0.4063152), (0.42043513, 0.3472129), (0.42506045, 0.34669885), (0.42094895, 0.34361538), (0.42506045, 0.34258738), (0.42094895, 0.34104595), (0.42506045, 0.34001794), (0.43531218, 0.45370734), (0.44970223, 0.45370734), (0.43531218, 0.45062384), (0.44970223, 0.45062384), (0.43531218, 0.44651234), (0.44970223, 0.44651234), (0.43479824, 0.44085884), (0.44970223, 0.44085884), (0.43479824, 0.42132983), (0.4502163, 0.42132983), (0.93212944, 0.3332184), (0.9431612, 0.27643764), (0.4352928, 0.41700602), (0.45019695, 0.41700602), (0.43522665, 0.41122267), (0.93995637, 0.27402532), (0.941719, 0.2684046), (0.45031035, 0.41122267), (0.43533927, 0.4063152), (0.43533927, 0.35081047), (0.45024297, 0.35081047), (0.45024297, 0.4063152), (0.43533927, 0.3451569), (0.45024297, 0.3451569), (0.43533927, 0.34104595), (0.45024297, 0.34104595), (0.43533927, 0.33847588), (0.45024297, 0.33847588), (0.4178384, 0.44856784), (0.4173247, 0.44497028), (0.41681066, 0.43983135), (0.41424084, 0.42287123), (0.9456801, 0.2684046), (0.41367579, 0.41791782), (0.9365656, 0.28139886), (0.41690487, 0.41088095), (0.41683772, 0.35235187), (0.41683772, 0.40580112), (0.4173514, 0.3472129), (0.41786534, 0.34361538), (0.46823084, 0.34361538), (0.46823084, 0.3472129), (0.46874452, 0.35235187), (0.46874452, 0.40580112), (0.9353414, 0.2774967), (0.46829805, 0.41088095), (0.9284137, 0.28139886), (0.47063908, 0.41848457), (0.46820393, 0.43983135), (0.47025967, 0.42287123), (0.4676898, 0.44497028), (0.46717617, 0.44856784), (0.9296376, 0.2774967), (0.92181796, 0.27643764), (0.92502254, 0.27402532), (0.9192986, 0.2684046), (0.9232597, 0.2684046), (0.92181796, 0.2603715), (0.92502254, 0.26278377), (0.9284137, 0.25541028), (0.9296376, 0.2593124), (0.9365656, 0.25541028), (0.9353414, 0.2593124), (0.9431612, 0.2603715), (0.93995637, 0.26278377), (0.93248934, 0.2684046), (0.9222298, 0.3029098), (0.92412037, 0.30893874), (0.92145735, 0.31094232), (0.91893846, 0.3029092), (0.92907053, 0.3126657), (0.9280531, 0.31590816), (0.9351919, 0.3126657), (0.93620926, 0.31590816), (0.9401415, 0.30893874), (0.9428044, 0.31094232), (0.9420325, 0.3029098), (0.9453239, 0.3029092), (0.9401415, 0.2968809), (0.9428044, 0.29487616), (0.9351919, 0.29315746), (0.93620926, 0.289915), (0.92907053, 0.29315746), (0.9280531, 0.289915), (0.92412037, 0.2968809), (0.92145735, 0.29487616), (0.9321293, 0.3029098), (0.9431612, 0.24612853), (0.9407206, 0.24429193), (0.9426634, 0.23809597), (0.9456801, 0.2380954), (0.9365656, 0.25109437), (0.93563336, 0.2481221), (0.9284137, 0.25109437), (0.9293458, 0.2481221), (0.92181796, 0.24612853), (0.92425853, 0.24429193), (0.9192986, 0.2380954), (0.9223153, 0.23809597), (0.92181796, 0.23006235), (0.92425853, 0.23190002), (0.9284137, 0.22510119), (0.9293458, 0.22807346), (0.9365656, 0.22510119), (0.93563336, 0.22807346), (0.9431612, 0.23006235), (0.9407206, 0.23190002), (0.93248934, 0.23809597), (0.09655851, 0.19086081), (0.09548521, 0.27576315), (0.06324336, 0.27576315), (0.06324336, 0.19086078), (0.036682397, 0.24082583), (0.032228053, 0.24082583), (0.032228053, 0.21854931), (0.036682397, 0.21854931), (0.036682397, 0.25344977), (0.036682397, 0.32622114), (0.017376095, 0.32622114), (0.028514653, 0.25344977), (0.017376095, 0.26755837), (0.02108869, 0.25790522), (0.060319126, 0.3177956), (0.060810387, 0.28983796), (0.09821898, 0.28983796), (0.09859568, 0.3177956), (0.036682397, 0.20592535), (0.028514653, 0.20592535), (0.02108869, 0.20072743), (0.017376095, 0.19107398), (0.036682427, 0.13241181), (0.017376095, 0.13315454), (0.09548521, 0.1747399), (0.06324336, 0.17473987), (0.09655851, 0.16291827), (0.06324336, 0.16291824), (0.031484574, 0.2482518), (0.036682397, 0.2482518), (0.06324339, 0.15432027), (0.09548524, 0.15432027), (0.036682397, 0.21112362), (0.031484574, 0.21112362), (0.10300818, 0.15432027), (0.10300818, 0.15002128), (0.10623124, 0.15324524), (0.053570688, 0.15324524), (0.05572048, 0.15002128), (0.056793958, 0.15432027), (0.10300815, 0.19086081), (0.10623121, 0.19086081), (0.10623121, 0.27576315), (0.10300815, 0.27576315), (0.05679393, 0.27576315), (0.052495778, 0.27576315), (0.052495778, 0.19086078), (0.05679393, 0.19086078), (0.052495778, 0.17473987), (0.05679393, 0.17473987), (0.10300815, 0.16291827), (0.10623121, 0.16076818), (0.10623121, 0.1747399), (0.10300815, 0.1747399), (0.052495778, 0.16076818), (0.05679393, 0.16291824), (0.036682397, 0.24528158), (0.032228053, 0.24528158), (0.06324339, 0.15002128), (0.09655854, 0.15002128), (0.032228053, 0.21335137), (0.036682397, 0.21335137), (0.09785515, 0.28338277), (0.061315626, 0.28338277), (0.09548521, 0.28006127), (0.06324336, 0.28006127), (0.10312492, 0.28118858), (0.055585057, 0.28118858), (0.052438766, 0.3177956), (0.052445203, 0.28983796), (0.10645789, 0.28983796), (0.10647601, 0.3177956), (0.05246532, 0.28338277), (0.10643941, 0.28337467), (0.3539459, 0.43117934), (0.35393783, 0.4238299), (0.35913578, 0.4238299), (0.35915256, 0.431257), (0.31534088, 0.44966742), (0.31534088, 0.422935), (0.32425156, 0.422935), (0.32425156, 0.44966742), (0.35393783, 0.3829882), (0.35913578, 0.3829882), (0.35913578, 0.39189875), (0.35393783, 0.39189875), (0.3903576, 0.42309147), (0.3903576, 0.4498239), (0.38144696, 0.4498239), (0.38144696, 0.42309147), (0.35913578, 0.473582), (0.35393783, 0.473582), (0.35393783, 0.4661552), (0.35913578, 0.4661552), (0.33464748, 0.422935), (0.33464748, 0.44966742), (0.35913578, 0.40155274), (0.35393783, 0.40155274), (0.3755054, 0.4498239), (0.3755054, 0.42309147), (0.35393783, 0.45724484), (0.35913578, 0.45724484), (0.34504336, 0.422935), (0.34504336, 0.44966742), (0.35913578, 0.40972143), (0.35393783, 0.40972143), (0.36808026, 0.4498239), (0.36808026, 0.42309147), (0.35393783, 0.4483342), (0.35913578, 0.4483342), (0.3524685, 0.42664838), (0.1696975, 0.50611), (0.3539459, 0.44157526), (0.3524685, 0.4459547), (0.36139706, 0.44611117), (0.35915256, 0.44165292), (0.1696975, 0.5160898), (0.36139706, 0.42606127), (0.35913578, 0.41714656), (0.35393783, 0.41714656), (0.13945234, 0.5160898), (0.13945234, 0.50611), (0.17924437, 0.50611), (0.17924437, 0.5160898), (0.16969755, 0.53561515), (0.1696975, 0.525636), (0.1394524, 0.53561515), (0.13945237, 0.525636), (0.12990546, 0.5160898), (0.12990546, 0.50611), (0.13429287, 0.109477095), (0.13073209, 0.10591584), (0.13429287, 0.103541665), (0.13666752, 0.108290724), (0.13191798, 0.11185198), (0.1283572, 0.108290724), (0.1295431, 0.11303931), (0.12716845, 0.11066442), (0.12598231, 0.11541348), (0.12479499, 0.11185198), (0.123607665, 0.11541348), (0.123607665, 0.11185198), (0.120046645, 0.11541348), (0.120046645, 0.11185198), (0.1390424, 0.10710316), (0.13785365, 0.1023541), (0.14141563, 0.1023541), (0.14260343, 0.10591584), (0.1354802, 0.114226155), (0.1390424, 0.11303931), (0.13310531, 0.11541348), (0.1295431, 0.11660104), (0.12716845, 0.11778765), (0.123607665, 0.11778765), (0.120046645, 0.118975215), (0.14141563, 0.11185198), (0.14379051, 0.11066442), (0.13666752, 0.118975215), (0.14022854, 0.11778765), (0.13429287, 0.118975215), (0.13073209, 0.12016254), (0.12716845, 0.121349625), (0.12479499, 0.121349625), (0.12123278, 0.121349625), (0.14260343, 0.11660104), (0.14616397, 0.11660104), (0.13666749, 0.18783337), (0.14022851, 0.1866458), (0.13310528, 0.18783337), (0.13073206, 0.1890207), (0.12716842, 0.19020754), (0.12479496, 0.19020754), (0.12123275, 0.19020754), (0.1426034, 0.1866458), (0.14616394, 0.1866458), (0.13785362, 0.19139463), (0.14022851, 0.19139463), (0.13429284, 0.19258243), (0.13073206, 0.19258243), (0.12835717, 0.19376951), (0.12479496, 0.19376951), (0.12123275, 0.19376951), (0.1426034, 0.19139463), (0.14616394, 0.19139463), (0.13785362, 0.19614369), (0.14022851, 0.19614369), (0.13429284, 0.19614369), (0.13073206, 0.19614369), (0.12835717, 0.19614369), (0.12479496, 0.19733101), (0.12123275, 0.19733101), (0.14379048, 0.19614369), (0.14616394, 0.19614369), (0.13785362, 0.20089275), (0.14022851, 0.20089275), (0.13429284, 0.20089275), (0.13073206, 0.20089275), (0.12835717, 0.20089275), (0.12479496, 0.20089275), (0.1224215, 0.20089275), (0.14379048, 0.20089275), (0.14616394, 0.20089275), (0.13785362, 0.2270115), (0.14022851, 0.2270115), (0.13429284, 0.2270115), (0.13073206, 0.2270115), (0.12835717, 0.2270115), (0.12479496, 0.2270115), (0.1224215, 0.2270115), (0.14379048, 0.2270115), (0.14616394, 0.2270115), (0.13785362, 0.23176008), (0.14022851, 0.23176008), (0.13429284, 0.23176008), (0.13073206, 0.23176008), (0.12835717, 0.23057276), (0.12479496, 0.23057276), (0.12123275, 0.23057276), (0.14379048, 0.23176008), (0.14616394, 0.23176008), (0.13785362, 0.2365089), (0.14022851, 0.2365089), (0.13429284, 0.23532182), (0.13073206, 0.23532182), (0.12835717, 0.23413402), (0.12479496, 0.23413402), (0.12123275, 0.23413402), (0.1426034, 0.2365089), (0.14616394, 0.2365089), (0.13666749, 0.24007064), (0.14022851, 0.24125725), (0.13310528, 0.24007064), (0.13073206, 0.23888308), (0.12716842, 0.23769599), (0.12479496, 0.23769599), (0.12123275, 0.23769599), (0.1426034, 0.24125725), (0.14616394, 0.24125725), (0.13666749, 0.3089288), (0.14022851, 0.3101154), (0.13429284, 0.3089288), (0.13073206, 0.30774122), (0.12716842, 0.3065539), (0.12479496, 0.3065539), (0.12123275, 0.3065539), (0.1426034, 0.31130296), (0.14616394, 0.31130296), (0.13548017, 0.31367713), (0.13904238, 0.31486446), (0.13310528, 0.31249028), (0.12954307, 0.31130296), (0.12716842, 0.3101154), (0.123607635, 0.3101154), (0.120046616, 0.3089288), (0.1414156, 0.31605154), (0.14379048, 0.31605154), (0.13429284, 0.31842571), (0.13666749, 0.31961328), (0.13191795, 0.31605154), (0.12954307, 0.31367713), (0.12598228, 0.31249028), (0.123607635, 0.31249028), (0.120046616, 0.31249028), (0.13904238, 0.3208006), (0.1426034, 0.3208006), (0.13191795, 0.32198817), (0.13429284, 0.32436234), (0.12835717, 0.31961328), (0.12716842, 0.31723934), (0.12479496, 0.31605154), (0.123607635, 0.31605154), (0.120046616, 0.31605154), (0.13904238, 0.32554966), (0.1414156, 0.32554966), (0.7282357, 0.98229796), (0.518321, 0.98229796), (0.28911826, 0.9822979), (0.13479349, 0.9822979), (0.73925, 0.98229796), (0.5073067, 0.98229796), (0.089861915, 0.9822979), (0.07526915, 0.9822979), (0.34864244, 0.9822979), (0.33404964, 0.9822979), (0.0325299, 0.9822979), (0.071253374, 0.9822979), (0.3913821, 0.9822979), (0.35265946, 0.9822979), (0.12472561, 0.9822979), (0.2991862, 0.9822979), (0.3239818, 0.9822979), (0.116258554, 0.9822979), (0.10839714, 0.9822979), (0.09992972, 0.9822979), (0.30765328, 0.9822979), (0.31551465, 0.9822979), (0.07326127, 0.98399305), (0.35065097, 0.9839931), (0.008209898, 0.9822979), (0.7635699, 0.98229796), (0.09548521, 0.27576315), (0.06324336, 0.27576315), (0.06324336, 0.19086078), (0.09655851, 0.19086081), (0.032228053, 0.24082583), (0.032228053, 0.21854931), (0.036682397, 0.21854931), (0.036682397, 0.24082583), (0.036682397, 0.32622114), (0.017376095, 0.32622114), (0.028514653, 0.25344977), (0.036682397, 0.25344977), (0.017376095, 0.26755837), (0.02108869, 0.25790522), (0.060810387, 0.28983796), (0.09821898, 0.28983796), (0.09859568, 0.3177956), (0.060319126, 0.3177956), (0.036682397, 0.20592535), (0.028514653, 0.20592535), (0.02108869, 0.20072743), (0.017376095, 0.19107398), (0.036682427, 0.13241181), (0.017376095, 0.13315454), (0.06324336, 0.17473987), (0.09548521, 0.1747399), (0.06324336, 0.16291824), (0.09655851, 0.16291827), (0.031484574, 0.2482518), (0.036682397, 0.2482518), (0.06324339, 0.15432027), (0.09548524, 0.15432027), (0.036682397, 0.21112362), (0.031484574, 0.21112362), (0.10300818, 0.15432027), (0.10300818, 0.15002128), (0.10623124, 0.15324524), (0.053570688, 0.15324524), (0.05572048, 0.15002128), (0.056793958, 0.15432027), (0.10623121, 0.19086081), (0.10623121, 0.27576315), (0.10300815, 0.27576315), (0.10300815, 0.19086081), (0.05679393, 0.27576315), (0.052495778, 0.27576315), (0.052495778, 0.19086078), (0.05679393, 0.19086078), (0.052495778, 0.17473987), (0.05679393, 0.17473987), (0.10300815, 0.16291827), (0.10623121, 0.16076818), (0.10623121, 0.1747399), (0.10300815, 0.1747399), (0.052495778, 0.16076818), (0.05679393, 0.16291824), (0.032228053, 0.24528158), (0.036682397, 0.24528158), (0.06324339, 0.15002128), (0.09655854, 0.15002128), (0.032228053, 0.21335137), (0.036682397, 0.21335137), (0.09785515, 0.28338277), (0.061315626, 0.28338277), (0.06324336, 0.28006127), (0.09548521, 0.28006127), (0.10643941, 0.28337467), (0.10312492, 0.28118858), (0.055585057, 0.28118858), (0.05246532, 0.28338277), (0.052445203, 0.28983796), (0.052438766, 0.3177956), (0.10647601, 0.3177956), (0.10645789, 0.28983796), (0.35393783, 0.4238299), (0.35913578, 0.4238299), (0.35915256, 0.431257), (0.3539459, 0.43117934), (0.31534088, 0.422935), (0.32425156, 0.422935), (0.32425156, 0.44966742), (0.31534088, 0.44966742), (0.35913578, 0.3829882), (0.35913578, 0.39189875), (0.35393783, 0.39189875), (0.35393783, 0.3829882), (0.3903576, 0.4498239), (0.38144696, 0.4498239), (0.38144696, 0.42309147), (0.3903576, 0.42309147), (0.35393783, 0.473582), (0.35393783, 0.4661552), (0.35913578, 0.4661552), (0.35913578, 0.473582), (0.33464748, 0.422935), (0.33464748, 0.44966742), (0.35913578, 0.40155274), (0.35393783, 0.40155274), (0.3755054, 0.4498239), (0.3755054, 0.42309147), (0.35393783, 0.45724484), (0.35913578, 0.45724484), (0.34504336, 0.422935), (0.34504336, 0.44966742), (0.35913578, 0.40972143), (0.35393783, 0.40972143), (0.36808026, 0.4498239), (0.36808026, 0.42309147), (0.35393783, 0.4483342), (0.35913578, 0.4483342), (0.3524685, 0.42664838), (0.3539459, 0.44157526), (0.3524685, 0.4459547), (0.36139706, 0.44611117), (0.35915256, 0.44165292), (0.36139706, 0.42606127), (0.35393783, 0.41714656), (0.35913578, 0.41714656), (0.1696975, 0.50611), (0.1696975, 0.5160898), (0.13945234, 0.5160898), (0.13945234, 0.50611), (0.17924437, 0.50611), (0.17924437, 0.5160898), (0.1394524, 0.53561515), (0.13945237, 0.525636), (0.1696975, 0.525636), (0.16969755, 0.53561515), (0.12990546, 0.5160898), (0.12990546, 0.50611), (0.13429287, 0.109477095), (0.13073209, 0.10591584), (0.13429287, 0.103541665), (0.13666752, 0.108290724), (0.13191798, 0.11185198), (0.1283572, 0.108290724), (0.1295431, 0.11303931), (0.12716845, 0.11066442), (0.12598231, 0.11541348), (0.12479499, 0.11185198), (0.123607665, 0.11185198), (0.123607665, 0.11541348), (0.120046645, 0.11185198), (0.120046645, 0.11541348), (0.13785365, 0.1023541), (0.14141563, 0.1023541), (0.14260343, 0.10591584), (0.1390424, 0.10710316), (0.1390424, 0.11303931), (0.1354802, 0.114226155), (0.13310531, 0.11541348), (0.1295431, 0.11660104), (0.12716845, 0.11778765), (0.123607665, 0.11778765), (0.120046645, 0.118975215), (0.14379051, 0.11066442), (0.14141563, 0.11185198), (0.14022854, 0.11778765), (0.13666752, 0.118975215), (0.13429287, 0.118975215), (0.13073209, 0.12016254), (0.12716845, 0.121349625), (0.12479499, 0.121349625), (0.12123278, 0.121349625), (0.14260343, 0.11660104), (0.14616397, 0.11660104), (0.14022851, 0.1866458), (0.13666749, 0.18783337), (0.13310528, 0.18783337), (0.13073206, 0.1890207), (0.12716842, 0.19020754), (0.12479496, 0.19020754), (0.12123275, 0.19020754), (0.14616394, 0.1866458), (0.1426034, 0.1866458), (0.13785362, 0.19139463), (0.14022851, 0.19139463), (0.13429284, 0.19258243), (0.13073206, 0.19258243), (0.12835717, 0.19376951), (0.12479496, 0.19376951), (0.12123275, 0.19376951), (0.14616394, 0.19139463), (0.1426034, 0.19139463), (0.14022851, 0.19614369), (0.13785362, 0.19614369), (0.13429284, 0.19614369), (0.13073206, 0.19614369), (0.12835717, 0.19614369), (0.12479496, 0.19733101), (0.12123275, 0.19733101), (0.14616394, 0.19614369), (0.14379048, 0.19614369), (0.14022851, 0.20089275), (0.13785362, 0.20089275), (0.13429284, 0.20089275), (0.13073206, 0.20089275), (0.12835717, 0.20089275), (0.12479496, 0.20089275), (0.1224215, 0.20089275), (0.14379048, 0.20089275), (0.14616394, 0.20089275), (0.14022851, 0.2270115), (0.13785362, 0.2270115), (0.13429284, 0.2270115), (0.13073206, 0.2270115), (0.12835717, 0.2270115), (0.12479496, 0.2270115), (0.1224215, 0.2270115), (0.14616394, 0.2270115), (0.14379048, 0.2270115), (0.13785362, 0.23176008), (0.14022851, 0.23176008), (0.13429284, 0.23176008), (0.13073206, 0.23176008), (0.12835717, 0.23057276), (0.12479496, 0.23057276), (0.12123275, 0.23057276), (0.14616394, 0.23176008), (0.14379048, 0.23176008), (0.14022851, 0.2365089), (0.13785362, 0.2365089), (0.13429284, 0.23532182), (0.13073206, 0.23532182), (0.12835717, 0.23413402), (0.12479496, 0.23413402), (0.12123275, 0.23413402), (0.14616394, 0.2365089), (0.1426034, 0.2365089), (0.14022851, 0.24125725), (0.13666749, 0.24007064), (0.13310528, 0.24007064), (0.13073206, 0.23888308), (0.12716842, 0.23769599), (0.12479496, 0.23769599), (0.12123275, 0.23769599), (0.1426034, 0.24125725), (0.14616394, 0.24125725), (0.14022851, 0.3101154), (0.13666749, 0.3089288), (0.13429284, 0.3089288), (0.13073206, 0.30774122), (0.12716842, 0.3065539), (0.12479496, 0.3065539), (0.12123275, 0.3065539), (0.14616394, 0.31130296), (0.1426034, 0.31130296), (0.13548017, 0.31367713), (0.13904238, 0.31486446), (0.13310528, 0.31249028), (0.12954307, 0.31130296), (0.12716842, 0.3101154), (0.123607635, 0.3101154), (0.120046616, 0.3089288), (0.14379048, 0.31605154), (0.1414156, 0.31605154), (0.13666749, 0.31961328), (0.13429284, 0.31842571), (0.13191795, 0.31605154), (0.12954307, 0.31367713), (0.12598228, 0.31249028), (0.123607635, 0.31249028), (0.120046616, 0.31249028), (0.1426034, 0.3208006), (0.13904238, 0.3208006), (0.13429284, 0.32436234), (0.13191795, 0.32198817), (0.12835717, 0.31961328), (0.12716842, 0.31723934), (0.12479496, 0.31605154), (0.123607635, 0.31605154), (0.120046616, 0.31605154), (0.13904238, 0.32554966), (0.1414156, 0.32554966), (0.92250484, 0.3332184), (0.9243428, 0.3390799), (0.92145735, 0.34125143), (0.91893846, 0.3332184), (0.9291555, 0.34269994), (0.9280531, 0.34621266), (0.9351068, 0.34269994), (0.93620926, 0.34621266), (0.9399192, 0.3390799), (0.9428044, 0.34125143), (0.9417575, 0.3332184), (0.9453239, 0.3332184), (0.9399192, 0.32735685), (0.9428044, 0.3251853), (0.9351068, 0.32373676), (0.93620926, 0.32022408), (0.9291555, 0.32373676), (0.9280531, 0.32022408), (0.9243428, 0.32735685), (0.92145735, 0.3251853), (0.93212944, 0.3332184), (0.9431612, 0.27643764), (0.93995637, 0.27402532), (0.941719, 0.2684046), (0.9456801, 0.2684046), (0.9365656, 0.28139886), (0.9353414, 0.2774967), (0.9284137, 0.28139886), (0.9296376, 0.2774967), (0.92181796, 0.27643764), (0.92502254, 0.27402532), (0.9192986, 0.2684046), (0.9232597, 0.2684046), (0.92181796, 0.2603715), (0.92502254, 0.26278377), (0.9284137, 0.25541028), (0.9296376, 0.2593124), (0.9365656, 0.25541028), (0.9353414, 0.2593124), (0.9431612, 0.2603715), (0.93995637, 0.26278377), (0.93248934, 0.2684046), (0.9222298, 0.3029098), (0.92412037, 0.30893874), (0.92145735, 0.31094232), (0.91893846, 0.3029092), (0.92907053, 0.3126657), (0.9280531, 0.31590816), (0.9351919, 0.3126657), (0.93620926, 0.31590816), (0.9401415, 0.30893874), (0.9428044, 0.31094232), (0.9420325, 0.3029098), (0.9453239, 0.3029092), (0.9401415, 0.2968809), (0.9428044, 0.29487616), (0.9351919, 0.29315746), (0.93620926, 0.289915), (0.92907053, 0.29315746), (0.9280531, 0.289915), (0.92412037, 0.2968809), (0.92145735, 0.29487616), (0.9321293, 0.3029098), (0.9431612, 0.24612853), (0.9407206, 0.24429193), (0.9426634, 0.23809597), (0.9456801, 0.2380954), (0.9365656, 0.25109437), (0.93563336, 0.2481221), (0.9284137, 0.25109437), (0.9293458, 0.2481221), (0.92181796, 0.24612853), (0.92425853, 0.24429193), (0.9192986, 0.2380954), (0.9223153, 0.23809597), (0.92181796, 0.23006235), (0.92425853, 0.23190002), (0.9284137, 0.22510119), (0.9293458, 0.22807346), (0.9365656, 0.22510119), (0.93563336, 0.22807346), (0.9431612, 0.23006235), (0.9407206, 0.23190002), (0.93248934, 0.23809597), (0.4651471, 0.35286593), (0.4651471, 0.40580112), (0.4610359, 0.4063152), (0.4610359, 0.35183847), (0.45024297, 0.33333692), (0.43533927, 0.33333692), (0.43431127, 0.32357174), (0.45127097, 0.32357174), (0.48621842, 0.40374565), (0.4759399, 0.40425906), (0.4749119, 0.3513244), (0.48467666, 0.34978247), (0.43479824, 0.4583329), (0.44970223, 0.4583329), (0.45073, 0.46809754), (0.43428418, 0.46809754), (0.39676732, 0.4269827), (0.4065318, 0.4244133), (0.41012937, 0.44137272), (0.40087852, 0.44497028), (0.47437117, 0.44137272), (0.47848237, 0.4244133), (0.48824713, 0.4269827), (0.48362198, 0.44497028), (0.41067037, 0.3513244), (0.40964237, 0.40425906), (0.39987785, 0.40374565), (0.4009056, 0.34978247), (0.46572867, 0.41122267), (0.461103, 0.41122267), (0.47713935, 0.40881926), (0.48621413, 0.40830252), (0.40569893, 0.41935426), (0.395899, 0.42169857), (0.4617698, 0.4179592), (0.46708158, 0.41816652), (0.4666621, 0.42235717), (0.46152288, 0.42235717), (0.47970837, 0.41999465), (0.48908854, 0.42194465), (0.40869, 0.40935054), (0.39990044, 0.40847847), (0.42197695, 0.3256279), (0.42506045, 0.33539242), (0.4199212, 0.33693448), (0.41580957, 0.3281973), (0.4610359, 0.33539242), (0.46360528, 0.3256279), (0.4702866, 0.3281973), (0.46566108, 0.33693448), (0.4815662, 0.4511379), (0.4728291, 0.44702646), (0.42451966, 0.45679095), (0.42246395, 0.46604204), (0.41578266, 0.4639859), (0.4204082, 0.4552489), (0.41683772, 0.33898982), (0.4101563, 0.33179486), (0.41375387, 0.3420733), (0.4060448, 0.33642042), (0.4116981, 0.34567085), (0.40296134, 0.3420733), (0.47542596, 0.33179486), (0.4692586, 0.33898982), (0.47953746, 0.33642042), (0.4718284, 0.3420733), (0.4826209, 0.3420733), (0.4738841, 0.34567085), (0.4779687, 0.45679095), (0.4707736, 0.45062384), (0.4738571, 0.46090245), (0.46820393, 0.4531934), (0.4687178, 0.4639859), (0.46460637, 0.4552489), (0.4625506, 0.46604204), (0.45998082, 0.45679095), (0.41064328, 0.46090245), (0.41681066, 0.4531934), (0.4065318, 0.45679095), (0.41424084, 0.45062384), (0.4034483, 0.4511379), (0.4121851, 0.44702646), (0.4640923, 0.45267934), (0.45998082, 0.4542214), (0.45998082, 0.4521654), (0.4640923, 0.4511379), (0.45024297, 0.33642042), (0.43533927, 0.33642042), (0.4728561, 0.4052872), (0.4728561, 0.35183847), (0.43531218, 0.45576283), (0.44970223, 0.45576283), (0.4126992, 0.44085884), (0.40961558, 0.4233853), (0.47231537, 0.44085884), (0.47539887, 0.4233853), (0.4127261, 0.35183847), (0.4127261, 0.4052872), (0.47308922, 0.41001323), (0.4086822, 0.4186693), (0.47661448, 0.41932166), (0.41172487, 0.41003045), (0.42506045, 0.33796182), (0.42094895, 0.33950388), (0.4718284, 0.34669885), (0.41372678, 0.44548434), (0.41375387, 0.34669885), (0.41580957, 0.34361538), (0.41786534, 0.34104595), (0.4646333, 0.33950388), (0.46052185, 0.33796182), (0.4677169, 0.34104595), (0.46977267, 0.34361538), (0.42092216, 0.45267934), (0.42503336, 0.4542214), (0.4178384, 0.4511379), (0.41578266, 0.44908178), (0.4707736, 0.44548434), (0.46923155, 0.44908178), (0.46717617, 0.4511379), (0.4651471, 0.34361538), (0.4651471, 0.3472129), (0.46052185, 0.34669885), (0.46052185, 0.34258738), (0.4646333, 0.34104595), (0.46052185, 0.34001794), (0.46512032, 0.4393174), (0.4604948, 0.43983135), (0.46460637, 0.44497028), (0.45998082, 0.44548434), (0.4640923, 0.44856784), (0.45998082, 0.44908178), (0.42092216, 0.4511379), (0.42503336, 0.4521654), (0.4204082, 0.44856784), (0.42503336, 0.44908178), (0.4204082, 0.44497028), (0.42503336, 0.44548434), (0.41989416, 0.4393174), (0.42451966, 0.43983135), (0.41835234, 0.42235717), (0.42349166, 0.42235717), (0.41812742, 0.41784185), (0.42379865, 0.41761386), (0.41998872, 0.41122267), (0.42043513, 0.40580112), (0.42506045, 0.4063152), (0.4251278, 0.41122267), (0.42043513, 0.35286593), (0.42506045, 0.35183847), (0.42043513, 0.3472129), (0.42506045, 0.34669885), (0.42094895, 0.34361538), (0.42506045, 0.34258738), (0.42094895, 0.34104595), (0.42506045, 0.34001794), (0.43531218, 0.45370734), (0.44970223, 0.45370734), (0.43531218, 0.45062384), (0.44970223, 0.45062384), (0.43531218, 0.44651234), (0.44970223, 0.44651234), (0.43479824, 0.44085884), (0.44970223, 0.44085884), (0.43479824, 0.42132983), (0.4502163, 0.42132983), (0.4352928, 0.41700602), (0.45019695, 0.41700602), (0.43522665, 0.41122267), (0.43533927, 0.4063152), (0.45024297, 0.4063152), (0.45031035, 0.41122267), (0.43533927, 0.35081047), (0.45024297, 0.35081047), (0.43533927, 0.3451569), (0.45024297, 0.3451569), (0.43533927, 0.34104595), (0.45024297, 0.34104595), (0.43533927, 0.33847588), (0.45024297, 0.33847588), (0.4178384, 0.44856784), (0.4173247, 0.44497028), (0.41681066, 0.43983135), (0.41424084, 0.42287123), (0.41367579, 0.41791782), (0.41683772, 0.40580112), (0.41690487, 0.41088095), (0.41683772, 0.35235187), (0.4173514, 0.3472129), (0.41786534, 0.34361538), (0.46823084, 0.34361538), (0.46823084, 0.3472129), (0.46874452, 0.35235187), (0.46874452, 0.40580112), (0.46829805, 0.41088095), (0.47025967, 0.42287123), (0.47063908, 0.41848457), (0.46820393, 0.43983135), (0.4676898, 0.44497028), (0.46717617, 0.44856784), (0.32807204, 0.51713216), (0.32807204, 0.5071491), (0.33326346, 0.5079473), (0.33206525, 0.51753145), (0.32807204, 0.49516892), (0.33526006, 0.49556834), (0.32288083, 0.507548), (0.32128352, 0.49556834), (0.3236794, 0.51713216), (0.3432468, 0.5243203), (0.34803867, 0.5143367), (0.3516328, 0.5167327), (0.34644133, 0.52671623), (0.35283074, 0.50275606), (0.356824, 0.50475264), (0.3428474, 0.5115414), (0.34684068, 0.49996078), (0.33925328, 0.5207262), (0.30331323, 0.5023567), (0.3081054, 0.5139374), (0.3041121, 0.51593435), (0.29971945, 0.5039543), (0.31249815, 0.52392095), (0.30930334, 0.52631694), (0.31329662, 0.5111421), (0.31689075, 0.52032685), (0.30970284, 0.49916202), (0.32168284, 0.53190744), (0.3276726, 0.5327063), (0.3276726, 0.5366993), (0.32048464, 0.53550166), (0.3336627, 0.53190744), (0.33486068, 0.53550166), (0.3276726, 0.52751464), (0.33246478, 0.52671623), (0.32328016, 0.52671623), (0.33565938, 0.5251187), (0.334062, 0.5227228), (0.33565938, 0.51833034), (0.33166623, 0.5227228), (0.32008556, 0.52471936), (0.32168284, 0.5223234), (0.32407883, 0.5227228), (0.32008556, 0.51833034), (0.33805537, 0.5091455), (0.34125003, 0.49756485), (0.31808865, 0.5091455), (0.31529343, 0.49716544), (0.32807204, 0.5227228), (0.33885425, 0.52951163), (0.34085065, 0.53230697), (0.31689075, 0.52911216), (0.31449482, 0.53230697), (0.32807162, 0.49299097), (0.3355797, 0.49343157), (0.34203252, 0.49545604), (0.34769145, 0.4979651), (0.35373414, 0.50060755), (0.35772628, 0.5026228), (0.29904822, 0.50223255), (0.3025616, 0.5005742), (0.30910003, 0.49744588), (0.31482092, 0.4952941), (0.3210878, 0.49357438), (0.22808416, 0.5235223), (0.21575172, 0.52356946), (0.21773143, 0.5107398), (0.22922625, 0.51126134), (0.21575172, 0.5384857), (0.22808416, 0.53848726), (0.27398124, 0.52356946), (0.27398124, 0.5384857), (0.2616487, 0.53848726), (0.2616487, 0.5235223), (0.27199972, 0.5107398), (0.26050663, 0.51126134), (0.24486654, 0.49164587), (0.25680265, 0.49344623), (0.25174624, 0.5012924), (0.24486654, 0.5002556), (0.23798676, 0.5012924), (0.23293023, 0.49344623), (0.2326488, 0.50440645), (0.22367086, 0.49884737), (0.26606026, 0.49884737), (0.2570825, 0.50440645), (0.20897792, 0.51204205), (0.20146032, 0.5239363), (0.20295511, 0.5169153), (0.2029099, 0.5323087), (0.20880239, 0.5371818), (0.28682292, 0.5323087), (0.28092864, 0.5371818), (0.2882709, 0.5239363), (0.28075314, 0.51204205), (0.28677604, 0.5169153), (0.23008214, 0.54102254), (0.22805278, 0.54102254), (0.23008214, 0.53848726), (0.26167145, 0.54102254), (0.25961533, 0.54102254), (0.25961533, 0.53848726), (0.21541186, 0.54102063), (0.27448955, 0.54102063), (0.24486662, 0.48846447), (0.2577577, 0.49029303), (0.2319753, 0.49029303), (0.22197498, 0.49577844), (0.21556045, 0.5084073), (0.2677561, 0.49577844), (0.27417082, 0.5084073), (0.19831796, 0.5239766), (0.19992097, 0.51575184), (0.20619155, 0.53949314), (0.29141325, 0.5239766), (0.2898605, 0.5337846), (0.2833512, 0.51004314), (0.20637982, 0.51004314), (0.19987257, 0.5337846), (0.2835395, 0.53949314), (0.28981018, 0.51575184), (0.07804086, 0.5213909), (0.0798923, 0.52737933), (0.07361313, 0.53217524), (0.07027867, 0.52138966), (0.08473655, 0.5310816), (0.082338, 0.5388433), (0.09072461, 0.5310816), (0.09312298, 0.5388433), (0.09557106, 0.52737933), (0.101851724, 0.53217524), (0.09742024, 0.5213909), (0.10518231, 0.52138966), (0.09557106, 0.51540256), (0.101851724, 0.5106042), (0.09072461, 0.51170254), (0.09312298, 0.50394017), (0.08473655, 0.51170254), (0.082338, 0.50394017), (0.0798923, 0.51540256), (0.07361313, 0.5106042), (0.08773168, 0.5213911), (0.01789657, 0.4538232), (0.01787255, 0.44600487), (0.24238196, 0.44597715), (0.24236223, 0.4538232), (0.24237695, 0.4210677), (0.017867364, 0.42109525), (0.017876185, 0.41329932), (0.24234179, 0.41329938), (0.25021192, 0.4210298), (0.25021192, 0.44594133), (0.010038412, 0.44599646), (0.010038412, 0.42108488), (0.24236205, 0.47873467), (0.01789657, 0.47873467), (0.01789657, 0.4538232), (0.01787255, 0.44600487), (0.24238196, 0.44597715), (0.24236223, 0.4538232), (0.24237695, 0.4210677), (0.017867364, 0.42109525), (0.017876185, 0.41329932), (0.24234179, 0.41329938), (0.25021192, 0.4210298), (0.25021192, 0.44594133), (0.010038412, 0.44599646), (0.010038412, 0.42108488), (0.24236205, 0.47873467), (0.01789657, 0.47873467), (0.01789657, 0.4538232), (0.01787255, 0.44600487), (0.24238196, 0.44597715), (0.24236223, 0.4538232), (0.24237695, 0.4210677), (0.017867364, 0.42109525), (0.017876185, 0.41329932), (0.24234179, 0.41329938), (0.25021192, 0.4210298), (0.25021192, 0.44594133), (0.010038412, 0.44599646), (0.010038412, 0.42108488), (0.24236205, 0.47873467), (0.01789657, 0.47873467), (0.49159554, 0.04723353), (0.2208386, 0.04723353), (0.2208386, 0.032426246), (0.49159554, 0.032426246), (0.25624445, 0.30684713), (0.24349815, 0.3054236), (0.46893576, 0.3054236), (0.45618942, 0.30684713), (0.2208386, 0.24601167), (0.2208386, 0.19641316), (0.49159554, 0.19641411), (0.49159554, 0.24601167), (0.2208386, 0.01605583), (0.49159554, 0.01605586), (0.99177104, 0.62571347), (0.96566945, 0.62571293), (0.96566945, 0.37729555), (0.99177104, 0.37728903), (0.99177104, 0.029371396), (0.96563953, 0.029400863), (0.96563953, 0.011090955), (0.99177104, 0.011090955), (0.99177104, 0.9736304), (0.96566254, 0.9736339), (0.96566254, 0.78927755), (0.99177104, 0.78929347), (0.96566695, 0.306176), (0.96566695, 0.28135037), (0.99177104, 0.28135037), (0.99177104, 0.306176), (0.99177104, 0.72166467), (0.96566695, 0.72166467), (0.96566695, 0.69682616), (0.99177104, 0.69682616), (0.99177104, 0.2749946), (0.96563953, 0.27497923), (0.96563953, 0.21370326), (0.99177104, 0.21370746), (0.96566254, 0.7280021), (0.99177104, 0.7280075), (0.22251922, 0.014365323), (0.48991492, 0.014365323), (0.9629516, 0.030294776), (0.9629516, 0.012869168), (0.9629516, 0.2749935), (0.9629516, 0.21369903), (0.9628977, 0.30620098), (0.9628977, 0.28133973), (0.9629788, 0.6244508), (0.9628977, 0.37798324), (0.9629788, 0.72166467), (0.9629788, 0.69676167), (0.9630559, 0.78926176), (0.9630559, 0.72799677), (0.9630559, 0.9728601), (0.99177104, 0.6416477), (0.96566695, 0.6416477), (0.96566695, 0.36135483), (0.99177104, 0.36135483), (0.9628977, 0.32214957), (0.96566695, 0.32211018), (0.9629788, 0.6416054), (0.99177104, 0.65504885), (0.96566695, 0.65504885), (0.99177104, 0.66749114), (0.96566695, 0.66749114), (0.99177104, 0.68089175), (0.96566695, 0.68089175), (0.96566695, 0.34795362), (0.99177104, 0.34795362), (0.96566695, 0.33551148), (0.99177104, 0.33551148), (0.99177104, 0.32211018), (0.9628977, 0.33548135), (0.9628977, 0.34807417), (0.9628977, 0.3613371), (0.9629788, 0.65516806), (0.9629788, 0.6676422), (0.9629788, 0.6808823), (0.49159554, 0.25115526), (0.2208386, 0.25115526), (0.22292691, 0.24858344), (0.4895071, 0.24858344), (0.9690152, 0.27817243), (0.98842293, 0.27817243), (0.9884228, 0.7248295), (0.9690152, 0.7248295), (0.96612376, 0.27819833), (0.9660056, 0.7248364), (0.96566623, 0.9919473), (0.99177104, 0.9919473), (0.96306163, 0.9900644), (0.91391337, 0.21369903), (0.91391337, 0.030294776), (0.49159554, 0.27124617), (0.2208386, 0.27124617), (0.4901786, 0.2840626), (0.22225434, 0.2840626), (0.48593023, 0.29403082), (0.22650367, 0.29403082), (0.4788492, 0.30115077), (0.2335847, 0.30115077), (0.07804086, 0.5213909), (0.0798923, 0.52737933), (0.07361313, 0.53217524), (0.07027867, 0.52138966), (0.08473655, 0.5310816), (0.082338, 0.5388433), (0.09072461, 0.5310816), (0.09312298, 0.5388433), (0.09557106, 0.52737933), (0.101851724, 0.53217524), (0.09742024, 0.5213909), (0.10518231, 0.52138966), (0.09557106, 0.51540256), (0.101851724, 0.5106042), (0.09072461, 0.51170254), (0.09312298, 0.50394017), (0.08473655, 0.51170254), (0.082338, 0.50394017), (0.0798923, 0.51540256), (0.07361313, 0.5106042), (0.08773168, 0.5213911), (0.07804086, 0.5213909), (0.0798923, 0.52737933), (0.07361313, 0.53217524), (0.07027867, 0.52138966), (0.08473655, 0.5310816), (0.082338, 0.5388433), (0.09072461, 0.5310816), (0.09312298, 0.5388433), (0.09557106, 0.52737933), (0.101851724, 0.53217524), (0.09742024, 0.5213909), (0.10518231, 0.52138966), (0.09557106, 0.51540256), (0.101851724, 0.5106042), (0.09072461, 0.51170254), (0.09312298, 0.50394017), (0.08473655, 0.51170254), (0.082338, 0.50394017), (0.0798923, 0.51540256), (0.07361313, 0.5106042), (0.08773168, 0.5213911), (0.6663329, 0.44492346), (0.6663329, 0.10572576), (0.7089653, 0.10572576), (0.7089653, 0.44492346), (0.5147278, 0.105725706), (0.89921, 0.54498464), (0.89921, 0.99159163), (0.5147278, 0.4449234), (0.902962, 0.5302917), (0.750302, 0.5302917), (0.750302, 0.48736265), (0.902962, 0.48736265), (0.90271854, 0.06331746), (0.75009704, 0.06331748), (0.75009704, 0.020349998), (0.90271854, 0.02034996), (0.75144374, 0.10647383), (0.75144374, 0.44409153), (0.70988107, 0.44409153), (0.70988125, 0.10664159), (0.8938979, 0.99159163), (0.90262306, 0.10664162), (0.902623, 0.4440077), (0.88389814, 0.99159163), (0.75144374, 0.4864405), (0.902962, 0.4860591), (0.75144374, 0.064241245), (0.90271854, 0.06462302), (0.8938774, 0.54304796), (0.88389814, 0.54498476), (0.888898, 0.54498476), (0.8888979, 0.99159163), (0.8713287, 0.99159163), (0.87132883, 0.54498476), (0.78511155, 0.99159175), (0.77349746, 0.54498476), (0.89389503, 0.9936035), (0.8476366, 0.99159175), (0.7958952, 0.99159175), (0.7851118, 0.5449849), (0.893898, 0.54498476), (0.77349734, 0.99159163), (0.7958952, 0.5449849), (0.86067975, 0.99159163), (0.85668266, 0.99159163), (0.90086544, 0.99159163), (0.8729843, 0.54498476), (0.8729843, 0.99159163), (0.95534694, 0.54498476), (0.8566829, 0.54498476), (0.9553468, 0.99159163), (0.90086555, 0.54498476), (0.7831644, 0.5449849), (0.8992374, 0.54304796), (0.86067986, 0.54498476), (0.8730118, 0.54304796), (0.77993035, 0.99159163), (0.7799305, 0.54498476), (0.89922166, 0.9936035), (0.8730577, 0.99372244), (0.883862, 0.54304796), (0.8839091, 0.9936035), (0.88903713, 0.9936035), (0.7893939, 0.9936094), (0.77751195, 0.99159163), (0.7924355, 0.9936094), (0.7775121, 0.54498476), (0.88894224, 0.54304796), (0.7919642, 0.5430814), (0.79582083, 0.9936094), (0.78511083, 0.9936094), (0.7883462, 0.5430814), (0.84762776, 0.9936094), (0.7959007, 0.5430814), (0.8475827, 0.5430814), (0.8476348, 0.54498476), (0.7851026, 0.5430814), (0.7831646, 0.99159175), (0.8526838, 0.54498476), (0.8526857, 0.99159163), (0.7883433, 0.5449849), (0.7918807, 0.5449849), (0.7918806, 0.99159175), (0.7883433, 0.99159175), (0.36766303, 0.4953742), (0.7389947, 0.49537423), (0.7389947, 0.5245993), (0.36766303, 0.5245993), (0.7404728, 0.5246037), (0.36766303, 0.4899801), (0.7389947, 0.48998013), (0.36766303, 0.5299934), (0.7404728, 0.4953284), (0.7389947, 0.5299934), (0.36766303, 0.48181146), (0.7389947, 0.4818115), (0.7389947, 0.48836473), (0.36766303, 0.4883647), (0.36766303, 0.5316033), (0.7389947, 0.5316088), (0.7389945, 0.5381621), (0.36766285, 0.53815085), (0.74047315, 0.48997453), (0.740474, 0.5299927), (0.36766303, 0.4953742), (0.7389947, 0.49537423), (0.7389947, 0.5245993), (0.36766303, 0.5245993), (0.36766303, 0.4899801), (0.7389947, 0.48998013), (0.36766303, 0.5299934), (0.7389947, 0.5299934), (0.36766303, 0.48181146), (0.7389947, 0.4818115), (0.7389947, 0.48836473), (0.36766303, 0.4883647), (0.36766303, 0.5316033), (0.7389947, 0.5316088), (0.7389945, 0.5381621), (0.36766285, 0.53815085), (0.7404728, 0.5246037), (0.7404728, 0.4953284), (0.74047315, 0.48997453), (0.740474, 0.5299927)] (
                    interpolation = "faceVarying"
                )
                int[] primvars:st:indices = [5, 1156, 1157, 10, 3, 1158, 1159, 2, 0, 1160, 1156, 5, 6, 7, 8, 9, 1161, 1, 10, 1157, 1163, 12, 86, 1162, 13, 14, 15, 16, 17, 1164, 1165, 95, 19, 20, 1167, 1166, 21, 22, 108, 23, 1168, 1169, 24, 162, 8, 25, 26, 9, 29, 28, 30, 27, 31, 32, 33, 34, 35, 36, 37, 38, 41, 42, 118, 92, 44, 45, 83, 82, 47, 48, 49, 50, 37, 51, 52, 38, 25, 54, 117, 26, 32, 56, 57, 33, 58, 59, 49, 48, 42, 41, 61, 62, 28, 125, 63, 30, 45, 65, 66, 83, 67, 68, 51, 37, 36, 69, 67, 37, 28, 29, 71, 70, 2, 1159, 1170, 72, 27, 30, 74, 73, 1158, 3, 75, 1171, 76, 61, 41, 40, 77, 125, 28, 70, 70, 71, 79, 78, 78, 79, 81, 80, 80, 81, 46, 43, 43, 46, 82, 83, 72, 1170, 1173, 84, 84, 1173, 1174, 85, 85, 1174, 1175, 11, 11, 1175, 1162, 86, 73, 74, 88, 87, 87, 88, 90, 89, 89, 90, 40, 39, 39, 40, 41, 92, 1171, 75, 93, 1176, 1176, 93, 94, 1177, 1177, 94, 18, 1172, 1172, 18, 95, 1165, 96, 76, 40, 90, 96, 90, 88, 97, 97, 88, 74, 98, 98, 74, 30, 63, 99, 77, 70, 78, 100, 99, 78, 80, 100, 80, 43, 101, 101, 43, 83, 66, 12, 1163, 1178, 102, 103, 104, 106, 105, 1164, 17, 107, 1179, 1167, 20, 102, 1178, 21, 23, 105, 106, 24, 1169, 1179, 107, 118, 42, 120, 121, 45, 44, 122, 123, 48, 47, 121, 120, 52, 51, 123, 122, 58, 48, 120, 64, 120, 42, 62, 64, 65, 45, 123, 60, 123, 51, 68, 60, 22, 7, 6, 108, 162, 1, 1161, 1168, 49, 32, 31, 50, 53, 36, 35, 151, 59, 56, 32, 49, 36, 53, 55, 69, 1166, 1180, 155, 19, 0, 4, 1181, 1160, 59, 91, 119, 56, 104, 103, 109, 110, 109, 111, 112, 110, 111, 113, 114, 112, 113, 115, 116, 114, 115, 15, 14, 116, 136, 139, 140, 143, 144, 145, 139, 136, 146, 147, 145, 144, 148, 152, 147, 146, 153, 154, 152, 148, 156, 157, 154, 153, 158, 159, 157, 156, 160, 161, 159, 158, 163, 164, 161, 160, 165, 166, 164, 163, 167, 168, 166, 165, 169, 170, 168, 167, 171, 172, 170, 169, 173, 174, 172, 171, 175, 176, 174, 173, 177, 178, 176, 175, 179, 180, 178, 177, 143, 140, 180, 179, 139, 181, 182, 140, 145, 183, 181, 139, 147, 184, 183, 145, 152, 185, 184, 147, 154, 186, 185, 152, 157, 187, 186, 154, 159, 188, 187, 157, 161, 189, 188, 159, 164, 190, 189, 161, 166, 191, 190, 164, 168, 192, 191, 166, 170, 193, 192, 168, 172, 194, 193, 170, 174, 195, 194, 172, 176, 196, 195, 174, 178, 197, 196, 176, 180, 198, 197, 178, 140, 182, 198, 180, 182, 181, 195, 181, 183, 195, 183, 184, 195, 184, 185, 195, 185, 186, 195, 186, 187, 195, 187, 188, 195, 188, 189, 195, 189, 190, 195, 190, 191, 195, 191, 192, 195, 192, 193, 195, 193, 194, 195, 196, 197, 195, 197, 198, 195, 198, 182, 195, 883, 884, 885, 882, 887, 888, 889, 886, 891, 892, 893, 890, 894, 895, 893, 892, 897, 898, 899, 896, 900, 901, 902, 903, 904, 900, 903, 905, 882, 885, 907, 906, 906, 907, 909, 908, 890, 893, 910, 911, 912, 913, 908, 909, 900, 914, 915, 901, 916, 917, 918, 919, 920, 921, 923, 924, 925, 922, 926, 927, 928, 929, 929, 928, 930, 931, 932, 933, 934, 935, 930, 936, 937, 931, 934, 923, 922, 935, 911, 910, 939, 938, 940, 941, 913, 912, 942, 915, 914, 943, 933, 932, 916, 918, 936, 919, 921, 937, 944, 945, 947, 946, 946, 947, 884, 883, 925, 924, 955, 948, 945, 944, 898, 897, 926, 949, 954, 927, 925, 883, 882, 922, 929, 885, 884, 926, 939, 887, 886, 938, 943, 889, 888, 942, 951, 897, 896, 950, 953, 899, 898, 952, 922, 882, 906, 935, 931, 907, 885, 929, 935, 906, 908, 932, 937, 909, 907, 931, 921, 912, 909, 937, 932, 908, 913, 916, 920, 940, 912, 921, 916, 913, 941, 917, 948, 955, 944, 946, 945, 954, 949, 947, 948, 946, 883, 925, 926, 884, 947, 949, 954, 945, 897, 951, 952, 898, 944, 955, 957, 958, 959, 956, 961, 962, 963, 960, 965, 966, 967, 964, 969, 970, 971, 968, 973, 974, 975, 972, 962, 976, 977, 963, 966, 978, 979, 967, 970, 980, 981, 971, 975, 974, 982, 983, 976, 984, 985, 977, 978, 986, 987, 979, 980, 988, 989, 981, 983, 982, 990, 991, 984, 992, 956, 985, 994, 995, 985, 956, 988, 996, 997, 989, 959, 999, 989, 997, 958, 957, 1001, 1000, 994, 956, 959, 997, 986, 1000, 1001, 987, 994, 997, 991, 990, 993, 998, 1002, 1003, 1004, 1005, 998, 993, 1008, 1009, 1007, 1006, 1003, 1002, 1010, 1011, 1009, 1002, 998, 1007, 1012, 1013, 1014, 1015, 1016, 1017, 1013, 1012, 1018, 1019, 1017, 1016, 1020, 1021, 1019, 1018, 1023, 1021, 1020, 1022, 1025, 1023, 1022, 1024, 1027, 1028, 1029, 1026, 1014, 1027, 1026, 1015, 1012, 1015, 1031, 1030, 1016, 1012, 1030, 1032, 1018, 1016, 1032, 1033, 1020, 1018, 1033, 1034, 1022, 1020, 1034, 1035, 1024, 1022, 1035, 1036, 1026, 1029, 1038, 1037, 1015, 1026, 1037, 1031, 1030, 1031, 1040, 1039, 1032, 1030, 1039, 1041, 1033, 1032, 1041, 1042, 1034, 1033, 1042, 1043, 1044, 1035, 1034, 1043, 1045, 1036, 1035, 1044, 1046, 1037, 1038, 1047, 1040, 1031, 1037, 1046, 1039, 1040, 1049, 1048, 1041, 1039, 1048, 1050, 1042, 1041, 1050, 1051, 1043, 1042, 1051, 1052, 1044, 1043, 1052, 1053, 1045, 1044, 1053, 1054, 1046, 1047, 1056, 1055, 1040, 1046, 1055, 1049, 1057, 1048, 1049, 1058, 1059, 1050, 1048, 1057, 1060, 1051, 1050, 1059, 1061, 1052, 1051, 1060, 1053, 1052, 1061, 1062, 1054, 1053, 1062, 1063, 1055, 1056, 1065, 1064, 1049, 1055, 1064, 1058, 1057, 1058, 1067, 1066, 1059, 1057, 1066, 1068, 1060, 1059, 1068, 1069, 1061, 1060, 1069, 1070, 1062, 1061, 1070, 1071, 1063, 1062, 1071, 1072, 1064, 1065, 1074, 1073, 1058, 1064, 1073, 1067, 1066, 1067, 1076, 1075, 1068, 1066, 1075, 1077, 1069, 1068, 1077, 1078, 1070, 1069, 1078, 1079, 1080, 1071, 1070, 1079, 1081, 1072, 1071, 1080, 1082, 1073, 1074, 1083, 1076, 1067, 1073, 1082, 1075, 1076, 1085, 1084, 1077, 1075, 1084, 1086, 1078, 1077, 1086, 1087, 1079, 1078, 1087, 1088, 1080, 1079, 1088, 1089, 1081, 1080, 1089, 1090, 1082, 1083, 1092, 1091, 1076, 1082, 1091, 1085, 1093, 1084, 1085, 1094, 1095, 1086, 1084, 1093, 1096, 1087, 1086, 1095, 1097, 1088, 1087, 1096, 1089, 1088, 1097, 1098, 1090, 1089, 1098, 1099, 1091, 1092, 1101, 1100, 1085, 1091, 1100, 1094, 1093, 1094, 1103, 1102, 1095, 1093, 1102, 1104, 1096, 1095, 1104, 1105, 1097, 1096, 1105, 1106, 1098, 1097, 1106, 1107, 1099, 1098, 1107, 1108, 1100, 1101, 1110, 1109, 1094, 1100, 1109, 1103, 1102, 1103, 1112, 1111, 1104, 1102, 1111, 1113, 1105, 1104, 1113, 1114, 1106, 1105, 1114, 1115, 1116, 1107, 1106, 1115, 1117, 1108, 1107, 1116, 1118, 1109, 1110, 1119, 1112, 1103, 1109, 1118, 1111, 1112, 1121, 1120, 1113, 1111, 1120, 1122, 1114, 1113, 1122, 1123, 1115, 1114, 1123, 1124, 1116, 1115, 1124, 1125, 1117, 1116, 1125, 1126, 1118, 1119, 1128, 1127, 1112, 1118, 1127, 1121, 1129, 1120, 1121, 1130, 1131, 1122, 1120, 1129, 1132, 1123, 1122, 1131, 1133, 1124, 1123, 1132, 1125, 1124, 1133, 1134, 1126, 1125, 1134, 1135, 1127, 1128, 1137, 1136, 1121, 1127, 1136, 1130, 1129, 1130, 1139, 1138, 1131, 1129, 1138, 1140, 1132, 1131, 1140, 1141, 1133, 1132, 1141, 1142, 1134, 1133, 1142, 1143, 1135, 1134, 1143, 1144, 1136, 1137, 1146, 1145, 1130, 1136, 1145, 1139, 1138, 1139, 1148, 1147, 1140, 1138, 1147, 1149, 1141, 1140, 1149, 1150, 1142, 1141, 1150, 1151, 1152, 1143, 1142, 1151, 1153, 1144, 1143, 1152, 1154, 1145, 1146, 1155, 1148, 1139, 1145, 1154, 297, 298, 299, 296, 299, 298, 301, 300, 301, 298, 303, 302, 303, 298, 297, 304, 566, 567, 568, 565, 568, 567, 570, 569, 570, 567, 572, 571, 572, 567, 566, 573, 575, 576, 577, 574, 577, 576, 579, 578, 579, 576, 581, 580, 581, 576, 575, 582, 584, 585, 586, 583, 586, 585, 588, 587, 588, 585, 590, 589, 590, 585, 584, 591, 573, 592, 593, 594, 296, 594, 593, 595, 589, 595, 593, 592, 591, 596, 597, 598, 304, 598, 597, 599, 580, 599, 597, 596, 299, 600, 594, 296, 594, 600, 572, 573, 572, 600, 601, 571, 601, 600, 299, 300, 303, 602, 603, 302, 603, 602, 581, 582, 581, 602, 599, 580, 599, 602, 303, 304, 297, 604, 598, 304, 598, 604, 590, 591, 590, 604, 595, 589, 595, 604, 297, 296, 566, 605, 592, 573, 592, 605, 588, 589, 588, 605, 606, 587, 606, 605, 566, 565, 579, 607, 608, 578, 608, 607, 584, 583, 584, 607, 596, 591, 596, 607, 579, 580, 301, 218, 219, 300, 300, 219, 221, 601, 221, 223, 571, 601, 223, 225, 570, 571, 225, 227, 569, 570, 574, 230, 231, 575, 575, 231, 233, 582, 582, 233, 235, 603, 235, 237, 302, 603, 237, 218, 301, 302, 239, 240, 241, 242, 243, 240, 239, 244, 245, 246, 247, 248, 249, 245, 248, 250, 251, 252, 253, 254, 255, 256, 251, 254, 257, 258, 256, 255, 242, 241, 258, 257, 259, 249, 250, 260, 252, 259, 260, 253, 261, 241, 262, 263, 240, 262, 241, 264, 262, 243, 265, 243, 262, 240, 266, 267, 246, 268, 245, 268, 246, 269, 270, 268, 249, 245, 249, 268, 271, 272, 244, 273, 274, 275, 276, 247, 272, 277, 243, 244, 278, 274, 247, 246, 279, 280, 252, 251, 281, 279, 251, 256, 282, 281, 256, 258, 283, 282, 258, 241, 284, 285, 249, 259, 280, 284, 259, 252, 263, 262, 286, 287, 265, 243, 277, 288, 266, 268, 289, 290, 269, 249, 285, 291, 261, 263, 287, 292, 241, 261, 292, 283, 264, 265, 288, 293, 262, 264, 293, 286, 267, 266, 290, 294, 246, 267, 294, 278, 270, 269, 291, 295, 268, 270, 295, 289, 130, 133, 137, 199, 133, 200, 201, 137, 200, 202, 203, 201, 202, 204, 205, 203, 204, 206, 207, 205, 206, 208, 209, 207, 208, 210, 211, 209, 210, 212, 213, 211, 212, 214, 215, 213, 214, 130, 199, 215, 130, 216, 133, 133, 216, 200, 200, 216, 202, 202, 216, 204, 204, 216, 206, 206, 216, 208, 208, 216, 210, 210, 216, 212, 212, 216, 214, 214, 216, 130, 127, 128, 129, 131, 132, 124, 126, 135, 129, 132, 138, 141, 128, 124, 132, 129, 142, 134, 124, 128, 131, 149, 150, 127, 627, 628, 631, 632, 628, 635, 636, 631, 635, 640, 641, 636, 640, 643, 644, 641, 643, 647, 648, 644, 647, 706, 708, 648, 706, 711, 713, 708, 711, 756, 757, 713, 756, 761, 762, 757, 761, 627, 632, 762, 627, 784, 628, 628, 784, 635, 635, 784, 640, 640, 784, 643, 643, 784, 647, 647, 784, 706, 706, 784, 711, 711, 784, 756, 756, 784, 761, 761, 784, 627, 785, 789, 790, 806, 808, 818, 789, 785, 820, 826, 818, 808, 827, 828, 826, 820, 829, 830, 828, 827, 831, 832, 830, 829, 833, 834, 832, 831, 835, 836, 834, 833, 837, 838, 836, 835, 806, 790, 838, 837, 790, 789, 839, 789, 818, 839, 818, 826, 839, 826, 828, 839, 828, 830, 839, 830, 832, 839, 832, 834, 839, 834, 836, 839, 836, 838, 839, 838, 790, 839, 840, 841, 842, 843, 841, 844, 845, 842, 844, 846, 847, 845, 846, 848, 849, 847, 848, 850, 851, 849, 850, 852, 853, 851, 852, 854, 855, 853, 854, 856, 857, 855, 856, 858, 859, 857, 858, 840, 843, 859, 840, 860, 841, 841, 860, 844, 844, 860, 846, 846, 860, 848, 848, 860, 850, 850, 860, 852, 852, 860, 854, 854, 860, 856, 856, 860, 858, 858, 860, 840, 861, 862, 863, 864, 865, 866, 862, 861, 867, 868, 866, 865, 869, 870, 868, 867, 871, 872, 870, 869, 873, 874, 872, 871, 875, 876, 874, 873, 877, 878, 876, 875, 879, 880, 878, 877, 864, 863, 880, 879, 863, 862, 881, 862, 866, 881, 866, 868, 881, 868, 870, 881, 870, 872, 881, 872, 874, 881, 874, 876, 881, 876, 878, 881, 878, 880, 881, 880, 863, 881, 217, 220, 222, 224, 228, 229, 232, 226, 236, 238, 609, 234, 611, 612, 613, 610, 615, 616, 617, 614, 619, 620, 621, 618, 623, 624, 625, 622, 222, 220, 629, 626, 630, 238, 236, 633, 634, 616, 615, 637, 638, 639, 738, 741, 621, 620, 645, 642, 625, 624, 649, 646, 651, 652, 653, 650, 655, 656, 657, 654, 619, 618, 659, 658, 661, 662, 663, 660, 650, 653, 665, 664, 664, 665, 667, 666, 666, 667, 669, 668, 668, 669, 623, 622, 654, 657, 671, 670, 670, 671, 673, 672, 672, 673, 675, 674, 674, 675, 234, 609, 658, 659, 677, 676, 676, 677, 679, 678, 678, 679, 681, 680, 680, 681, 683, 682, 660, 663, 685, 684, 684, 685, 687, 686, 686, 687, 689, 688, 688, 689, 614, 617, 690, 691, 692, 693, 694, 695, 229, 228, 609, 238, 697, 696, 698, 699, 612, 611, 700, 617, 616, 701, 620, 619, 703, 702, 624, 623, 705, 704, 238, 630, 707, 697, 616, 634, 709, 701, 710, 645, 620, 702, 712, 649, 624, 704, 714, 715, 653, 652, 609, 696, 716, 674, 617, 700, 717, 688, 691, 690, 680, 682, 718, 705, 623, 669, 719, 718, 669, 667, 720, 719, 667, 665, 715, 720, 665, 653, 654, 721, 722, 655, 670, 723, 721, 654, 672, 724, 723, 670, 674, 716, 724, 672, 660, 725, 726, 661, 684, 727, 725, 660, 686, 728, 727, 684, 688, 717, 728, 686, 729, 703, 619, 658, 730, 729, 658, 676, 731, 730, 676, 678, 690, 731, 678, 680, 732, 733, 734, 735, 224, 734, 733, 217, 721, 736, 737, 722, 735, 737, 736, 732, 739, 740, 741, 738, 742, 743, 740, 739, 744, 745, 743, 742, 693, 692, 745, 744, 725, 746, 747, 726, 746, 748, 749, 747, 748, 750, 751, 749, 750, 752, 753, 751, 752, 754, 755, 753, 755, 754, 758, 759, 760, 764, 767, 763, 765, 766, 767, 764, 768, 769, 766, 765, 770, 771, 769, 768, 772, 773, 771, 770, 773, 772, 715, 714, 774, 775, 699, 698, 776, 777, 775, 774, 778, 779, 777, 776, 780, 781, 779, 778, 782, 783, 781, 780, 783, 782, 786, 787, 788, 792, 795, 791, 793, 794, 795, 792, 796, 797, 794, 793, 798, 799, 797, 796, 800, 801, 799, 798, 695, 694, 801, 800, 725, 727, 746, 727, 728, 802, 728, 717, 803, 802, 717, 700, 804, 803, 701, 805, 804, 700, 805, 701, 709, 807, 712, 704, 811, 809, 705, 810, 811, 704, 810, 705, 718, 812, 812, 718, 719, 813, 813, 719, 720, 772, 720, 715, 721, 723, 736, 723, 724, 814, 724, 716, 815, 814, 716, 696, 816, 815, 697, 817, 816, 696, 817, 697, 707, 819, 710, 702, 823, 821, 703, 822, 823, 702, 822, 703, 729, 824, 824, 729, 730, 825, 825, 730, 731, 693, 731, 690, 772, 770, 813, 768, 812, 813, 770, 765, 810, 812, 768, 764, 811, 810, 765, 811, 764, 760, 809, 758, 754, 805, 807, 752, 804, 805, 754, 750, 803, 804, 752, 748, 802, 803, 750, 802, 746, 727, 731, 693, 825, 742, 824, 825, 744, 739, 822, 824, 742, 738, 823, 822, 739, 738, 639, 821, 823, 819, 629, 220, 817, 217, 816, 817, 220, 733, 815, 816, 217, 732, 814, 815, 733, 814, 732, 736, 693, 744, 825, 802, 748, 746, 813, 720, 772, 736, 723, 814, 655, 228, 226, 656, 651, 232, 229, 652, 661, 611, 610, 662, 683, 613, 612, 682, 655, 722, 694, 228, 652, 229, 695, 714, 661, 726, 698, 611, 682, 612, 699, 691, 726, 747, 774, 698, 691, 699, 775, 692, 747, 749, 776, 774, 692, 775, 777, 745, 749, 751, 778, 776, 745, 777, 779, 743, 751, 753, 780, 778, 743, 779, 781, 740, 753, 755, 782, 780, 740, 781, 783, 741, 782, 755, 759, 786, 638, 741, 783, 787, 763, 767, 792, 788, 222, 626, 791, 795, 766, 793, 792, 767, 224, 222, 795, 794, 769, 796, 793, 766, 734, 224, 794, 797, 771, 798, 796, 769, 735, 734, 797, 799, 773, 800, 798, 771, 737, 735, 799, 801, 714, 695, 800, 773, 722, 737, 801, 694, 1182, 1183, 1184, 1185, 1186, 1187, 1188, 1189, 1190, 1191, 1192, 1193, 1194, 1195, 1192, 1191, 1196, 1197, 1198, 1199, 1200, 1201, 1202, 1203, 1204, 1200, 1203, 1205, 1185, 1184, 1206, 1207, 1207, 1206, 1208, 1209, 1193, 1192, 1210, 1211, 1212, 1213, 1209, 1208, 1200, 1214, 1215, 1201, 1216, 1217, 1218, 1219, 1220, 1221, 1222, 1223, 1224, 1225, 1226, 1227, 1228, 1229, 1229, 1228, 1230, 1231, 1232, 1233, 1234, 1235, 1230, 1236, 1237, 1231, 1234, 1222, 1225, 1235, 1211, 1210, 1238, 1239, 1240, 1241, 1213, 1212, 1242, 1215, 1214, 1243, 1233, 1232, 1216, 1218, 1236, 1219, 1221, 1237, 1244, 1245, 1246, 1247, 1247, 1246, 1183, 1182, 1224, 1223, 1248, 1249, 1245, 1244, 1197, 1196, 1226, 1250, 1251, 1227, 1224, 1182, 1185, 1225, 1229, 1184, 1183, 1226, 1238, 1186, 1189, 1239, 1243, 1188, 1187, 1242, 1252, 1196, 1199, 1253, 1254, 1198, 1197, 1255, 1225, 1185, 1207, 1235, 1231, 1206, 1184, 1229, 1235, 1207, 1209, 1232, 1237, 1208, 1206, 1231, 1221, 1212, 1208, 1237, 1232, 1209, 1213, 1216, 1220, 1240, 1212, 1221, 1216, 1213, 1241, 1217, 1249, 1248, 1244, 1247, 1245, 1251, 1250, 1246, 1249, 1247, 1182, 1224, 1226, 1183, 1246, 1250, 1251, 1245, 1196, 1252, 1255, 1197, 1244, 1248, 1256, 1257, 1258, 1259, 1260, 1261, 1262, 1263, 1264, 1265, 1266, 1267, 1268, 1269, 1270, 1271, 1272, 1273, 1274, 1275, 1261, 1276, 1277, 1262, 1265, 1278, 1279, 1266, 1269, 1280, 1281, 1270, 1274, 1273, 1282, 1283, 1276, 1284, 1285, 1277, 1278, 1286, 1287, 1279, 1280, 1288, 1289, 1281, 1283, 1282, 1290, 1291, 1284, 1292, 1259, 1285, 1293, 1294, 1285, 1259, 1288, 1295, 1296, 1289, 1258, 1297, 1289, 1296, 1257, 1256, 1298, 1299, 1293, 1259, 1258, 1296, 1286, 1299, 1298, 1287, 1293, 1296, 1291, 1290, 1300, 1301, 1302, 1303, 1304, 1305, 1301, 1300, 1306, 1307, 1308, 1309, 1303, 1302, 1310, 1311, 1307, 1302, 1301, 1308, 1312, 1313, 1314, 1315, 1316, 1317, 1313, 1312, 1318, 1319, 1317, 1316, 1320, 1321, 1319, 1318, 1322, 1321, 1320, 1323, 1324, 1322, 1323, 1325, 1326, 1327, 1328, 1329, 1314, 1326, 1329, 1315, 1312, 1315, 1330, 1331, 1316, 1312, 1331, 1332, 1318, 1316, 1332, 1333, 1320, 1318, 1333, 1334, 1323, 1320, 1334, 1335, 1325, 1323, 1335, 1336, 1329, 1328, 1337, 1338, 1315, 1329, 1338, 1330, 1331, 1330, 1339, 1340, 1332, 1331, 1340, 1341, 1333, 1332, 1341, 1342, 1334, 1333, 1342, 1343, 1344, 1335, 1334, 1343, 1345, 1336, 1335, 1344, 1346, 1338, 1337, 1347, 1339, 1330, 1338, 1346, 1340, 1339, 1348, 1349, 1341, 1340, 1349, 1350, 1342, 1341, 1350, 1351, 1343, 1342, 1351, 1352, 1344, 1343, 1352, 1353, 1345, 1344, 1353, 1354, 1346, 1347, 1355, 1356, 1339, 1346, 1356, 1348, 1357, 1349, 1348, 1358, 1359, 1350, 1349, 1357, 1360, 1351, 1350, 1359, 1361, 1352, 1351, 1360, 1353, 1352, 1361, 1362, 1354, 1353, 1362, 1363, 1356, 1355, 1364, 1365, 1348, 1356, 1365, 1358, 1357, 1358, 1366, 1367, 1359, 1357, 1367, 1368, 1360, 1359, 1368, 1369, 1361, 1360, 1369, 1370, 1362, 1361, 1370, 1371, 1363, 1362, 1371, 1372, 1365, 1364, 1373, 1374, 1358, 1365, 1374, 1366, 1367, 1366, 1375, 1376, 1368, 1367, 1376, 1377, 1369, 1368, 1377, 1378, 1370, 1369, 1378, 1379, 1380, 1371, 1370, 1379, 1381, 1372, 1371, 1380, 1382, 1374, 1373, 1383, 1375, 1366, 1374, 1382, 1376, 1375, 1384, 1385, 1377, 1376, 1385, 1386, 1378, 1377, 1386, 1387, 1379, 1378, 1387, 1388, 1380, 1379, 1388, 1389, 1381, 1380, 1389, 1390, 1382, 1383, 1391, 1392, 1375, 1382, 1392, 1384, 1393, 1385, 1384, 1394, 1395, 1386, 1385, 1393, 1396, 1387, 1386, 1395, 1397, 1388, 1387, 1396, 1389, 1388, 1397, 1398, 1390, 1389, 1398, 1399, 1392, 1391, 1400, 1401, 1384, 1392, 1401, 1394, 1393, 1394, 1402, 1403, 1395, 1393, 1403, 1404, 1396, 1395, 1404, 1405, 1397, 1396, 1405, 1406, 1398, 1397, 1406, 1407, 1399, 1398, 1407, 1408, 1401, 1400, 1409, 1410, 1394, 1401, 1410, 1402, 1403, 1402, 1411, 1412, 1404, 1403, 1412, 1413, 1405, 1404, 1413, 1414, 1406, 1405, 1414, 1415, 1416, 1407, 1406, 1415, 1417, 1408, 1407, 1416, 1418, 1410, 1409, 1419, 1411, 1402, 1410, 1418, 1412, 1411, 1420, 1421, 1413, 1412, 1421, 1422, 1414, 1413, 1422, 1423, 1415, 1414, 1423, 1424, 1416, 1415, 1424, 1425, 1417, 1416, 1425, 1426, 1418, 1419, 1427, 1428, 1411, 1418, 1428, 1420, 1429, 1421, 1420, 1430, 1431, 1422, 1421, 1429, 1432, 1423, 1422, 1431, 1433, 1424, 1423, 1432, 1425, 1424, 1433, 1434, 1426, 1425, 1434, 1435, 1428, 1427, 1436, 1437, 1420, 1428, 1437, 1430, 1429, 1430, 1438, 1439, 1431, 1429, 1439, 1440, 1432, 1431, 1440, 1441, 1433, 1432, 1441, 1442, 1434, 1433, 1442, 1443, 1435, 1434, 1443, 1444, 1437, 1436, 1445, 1446, 1430, 1437, 1446, 1438, 1439, 1438, 1447, 1448, 1440, 1439, 1448, 1449, 1441, 1440, 1449, 1450, 1442, 1441, 1450, 1451, 1452, 1443, 1442, 1451, 1453, 1444, 1443, 1452, 1454, 1446, 1445, 1455, 1447, 1438, 1446, 1454, 1456, 1457, 1458, 1459, 1457, 1460, 1461, 1458, 1460, 1462, 1463, 1461, 1462, 1464, 1465, 1463, 1464, 1466, 1467, 1465, 1466, 1468, 1469, 1467, 1468, 1470, 1471, 1469, 1470, 1472, 1473, 1471, 1472, 1474, 1475, 1473, 1474, 1456, 1459, 1475, 1456, 1476, 1457, 1457, 1476, 1460, 1460, 1476, 1462, 1462, 1476, 1464, 1464, 1476, 1466, 1466, 1476, 1468, 1468, 1476, 1470, 1470, 1476, 1472, 1472, 1476, 1474, 1474, 1476, 1456, 1477, 1478, 1479, 1480, 1481, 1482, 1478, 1477, 1483, 1484, 1482, 1481, 1485, 1486, 1484, 1483, 1487, 1488, 1486, 1485, 1489, 1490, 1488, 1487, 1491, 1492, 1490, 1489, 1493, 1494, 1492, 1491, 1495, 1496, 1494, 1493, 1480, 1479, 1496, 1495, 1479, 1478, 1497, 1478, 1482, 1497, 1482, 1484, 1497, 1484, 1486, 1497, 1486, 1488, 1497, 1488, 1490, 1497, 1490, 1492, 1497, 1492, 1494, 1497, 1494, 1496, 1497, 1496, 1479, 1497, 1498, 1499, 1500, 1501, 1499, 1502, 1503, 1500, 1502, 1504, 1505, 1503, 1504, 1506, 1507, 1505, 1506, 1508, 1509, 1507, 1508, 1510, 1511, 1509, 1510, 1512, 1513, 1511, 1512, 1514, 1515, 1513, 1514, 1516, 1517, 1515, 1516, 1498, 1501, 1517, 1498, 1518, 1499, 1499, 1518, 1502, 1502, 1518, 1504, 1504, 1518, 1506, 1506, 1518, 1508, 1508, 1518, 1510, 1510, 1518, 1512, 1512, 1518, 1514, 1514, 1518, 1516, 1516, 1518, 1498, 1519, 1520, 1521, 1522, 1523, 1524, 1520, 1519, 1525, 1526, 1524, 1523, 1527, 1528, 1526, 1525, 1529, 1530, 1528, 1527, 1531, 1532, 1530, 1529, 1533, 1534, 1532, 1531, 1535, 1536, 1534, 1533, 1537, 1538, 1536, 1535, 1522, 1521, 1538, 1537, 1521, 1520, 1539, 1520, 1524, 1539, 1524, 1526, 1539, 1526, 1528, 1539, 1528, 1530, 1539, 1530, 1532, 1539, 1532, 1534, 1539, 1534, 1536, 1539, 1536, 1538, 1539, 1538, 1521, 1539, 1540, 1541, 1542, 1543, 1544, 1545, 1546, 1547, 1548, 1549, 1550, 1551, 1552, 1553, 1554, 1555, 1556, 1557, 1558, 1559, 1560, 1561, 1562, 1563, 1564, 1565, 1566, 1567, 1542, 1541, 1568, 1569, 1570, 1549, 1548, 1571, 1572, 1557, 1556, 1573, 1574, 1575, 1576, 1577, 1562, 1561, 1578, 1579, 1566, 1565, 1580, 1581, 1582, 1583, 1584, 1585, 1586, 1587, 1588, 1589, 1560, 1563, 1590, 1591, 1592, 1593, 1594, 1595, 1585, 1584, 1596, 1597, 1597, 1596, 1598, 1599, 1599, 1598, 1600, 1601, 1601, 1600, 1564, 1567, 1589, 1588, 1602, 1603, 1603, 1602, 1604, 1605, 1605, 1604, 1606, 1607, 1607, 1606, 1551, 1550, 1591, 1590, 1608, 1609, 1609, 1608, 1610, 1611, 1611, 1610, 1612, 1613, 1613, 1612, 1614, 1615, 1595, 1594, 1616, 1617, 1617, 1616, 1618, 1619, 1619, 1618, 1620, 1621, 1621, 1620, 1559, 1558, 1622, 1623, 1624, 1625, 1626, 1627, 1545, 1544, 1550, 1549, 1628, 1629, 1630, 1631, 1553, 1552, 1632, 1558, 1557, 1633, 1561, 1560, 1634, 1635, 1565, 1564, 1636, 1637, 1549, 1570, 1638, 1628, 1557, 1572, 1639, 1633, 1640, 1578, 1561, 1635, 1641, 1580, 1565, 1637, 1642, 1643, 1584, 1583, 1550, 1629, 1644, 1607, 1558, 1632, 1645, 1621, 1623, 1622, 1613, 1615, 1646, 1636, 1564, 1600, 1647, 1646, 1600, 1598, 1648, 1647, 1598, 1596, 1643, 1648, 1596, 1584, 1589, 1649, 1650, 1586, 1603, 1651, 1649, 1589, 1605, 1652, 1651, 1603, 1607, 1644, 1652, 1605, 1595, 1653, 1654, 1592, 1617, 1655, 1653, 1595, 1619, 1656, 1655, 1617, 1621, 1645, 1656, 1619, 1657, 1634, 1560, 1591, 1658, 1657, 1591, 1609, 1659, 1658, 1609, 1611, 1622, 1659, 1611, 1613, 1660, 1661, 1662, 1663, 1543, 1662, 1661, 1540, 1649, 1664, 1665, 1650, 1663, 1665, 1664, 1660, 1666, 1667, 1577, 1576, 1668, 1669, 1667, 1666, 1670, 1671, 1669, 1668, 1625, 1624, 1671, 1670, 1653, 1672, 1673, 1654, 1672, 1674, 1675, 1673, 1674, 1676, 1677, 1675, 1676, 1678, 1679, 1677, 1678, 1680, 1681, 1679, 1681, 1680, 1682, 1683, 1684, 1685, 1686, 1687, 1688, 1689, 1686, 1685, 1690, 1691, 1689, 1688, 1692, 1693, 1691, 1690, 1694, 1695, 1693, 1692, 1695, 1694, 1643, 1642, 1696, 1697, 1631, 1630, 1698, 1699, 1697, 1696, 1700, 1701, 1699, 1698, 1702, 1703, 1701, 1700, 1704, 1705, 1703, 1702, 1705, 1704, 1706, 1707, 1708, 1709, 1710, 1711, 1712, 1713, 1710, 1709, 1714, 1715, 1713, 1712, 1716, 1717, 1715, 1714, 1718, 1719, 1717, 1716, 1627, 1626, 1719, 1718, 1653, 1655, 1672, 1655, 1656, 1720, 1656, 1645, 1721, 1720, 1645, 1632, 1722, 1721, 1633, 1723, 1722, 1632, 1723, 1633, 1639, 1724, 1641, 1637, 1725, 1726, 1636, 1727, 1725, 1637, 1727, 1636, 1646, 1728, 1728, 1646, 1647, 1729, 1729, 1647, 1648, 1694, 1648, 1643, 1649, 1651, 1664, 1651, 1652, 1730, 1652, 1644, 1731, 1730, 1644, 1629, 1732, 1731, 1628, 1733, 1732, 1629, 1733, 1628, 1638, 1734, 1640, 1635, 1735, 1736, 1634, 1737, 1735, 1635, 1737, 1634, 1657, 1738, 1738, 1657, 1658, 1739, 1739, 1658, 1659, 1625, 1659, 1622, 1694, 1692, 1729, 1690, 1728, 1729, 1692, 1688, 1727, 1728, 1690, 1685, 1725, 1727, 1688, 1725, 1685, 1684, 1726, 1682, 1680, 1723, 1724, 1678, 1722, 1723, 1680, 1676, 1721, 1722, 1678, 1674, 1720, 1721, 1676, 1720, 1672, 1655, 1659, 1625, 1739, 1668, 1738, 1739, 1670, 1666, 1737, 1738, 1668, 1576, 1735, 1737, 1666, 1576, 1575, 1736, 1735, 1734, 1568, 1541, 1733, 1540, 1732, 1733, 1541, 1661, 1731, 1732, 1540, 1660, 1730, 1731, 1661, 1730, 1660, 1664, 1625, 1670, 1739, 1720, 1674, 1672, 1729, 1648, 1694, 1664, 1651, 1730, 1586, 1544, 1547, 1587, 1582, 1546, 1545, 1583, 1592, 1552, 1555, 1593, 1614, 1554, 1553, 1615, 1586, 1650, 1626, 1544, 1583, 1545, 1627, 1642, 1592, 1654, 1630, 1552, 1615, 1553, 1631, 1623, 1654, 1673, 1696, 1630, 1623, 1631, 1697, 1624, 1673, 1675, 1698, 1696, 1624, 1697, 1699, 1671, 1675, 1677, 1700, 1698, 1671, 1699, 1701, 1669, 1677, 1679, 1702, 1700, 1669, 1701, 1703, 1667, 1679, 1681, 1704, 1702, 1667, 1703, 1705, 1577, 1704, 1681, 1683, 1706, 1574, 1577, 1705, 1707, 1687, 1686, 1709, 1708, 1542, 1569, 1711, 1710, 1689, 1712, 1709, 1686, 1543, 1542, 1710, 1713, 1691, 1714, 1712, 1689, 1662, 1543, 1713, 1715, 1693, 1716, 1714, 1691, 1663, 1662, 1715, 1717, 1695, 1718, 1716, 1693, 1665, 1663, 1717, 1719, 1642, 1627, 1718, 1695, 1650, 1665, 1719, 1626, 1740, 1741, 1742, 1743, 1742, 1741, 1744, 1745, 1744, 1741, 1746, 1747, 1746, 1741, 1740, 1748, 1749, 1750, 1751, 1752, 1751, 1750, 1753, 1754, 1753, 1750, 1755, 1756, 1755, 1750, 1749, 1757, 1758, 1759, 1760, 1761, 1760, 1759, 1762, 1763, 1762, 1759, 1764, 1765, 1764, 1759, 1758, 1766, 1767, 1768, 1769, 1770, 1769, 1768, 1771, 1772, 1771, 1768, 1773, 1774, 1773, 1768, 1767, 1775, 1757, 1776, 1777, 1778, 1743, 1778, 1777, 1779, 1774, 1779, 1777, 1776, 1775, 1780, 1781, 1782, 1748, 1782, 1781, 1783, 1765, 1783, 1781, 1780, 1742, 1784, 1778, 1743, 1778, 1784, 1755, 1757, 1755, 1784, 1785, 1756, 1785, 1784, 1742, 1745, 1746, 1786, 1787, 1747, 1787, 1786, 1764, 1766, 1764, 1786, 1783, 1765, 1783, 1786, 1746, 1748, 1740, 1788, 1782, 1748, 1782, 1788, 1773, 1775, 1773, 1788, 1779, 1774, 1779, 1788, 1740, 1743, 1749, 1789, 1776, 1757, 1776, 1789, 1771, 1774, 1771, 1789, 1790, 1772, 1790, 1789, 1749, 1752, 1762, 1791, 1792, 1763, 1792, 1791, 1767, 1770, 1767, 1791, 1780, 1775, 1780, 1791, 1762, 1765, 1744, 1793, 1794, 1745, 1745, 1794, 1795, 1785, 1795, 1796, 1756, 1785, 1796, 1797, 1753, 1756, 1797, 1798, 1754, 1753, 1761, 1799, 1800, 1758, 1758, 1800, 1801, 1766, 1766, 1801, 1802, 1787, 1802, 1803, 1747, 1787, 1803, 1793, 1744, 1747, 1804, 1805, 1806, 1807, 1808, 1805, 1804, 1809, 1810, 1811, 1812, 1813, 1814, 1810, 1813, 1815, 1816, 1817, 1818, 1819, 1820, 1821, 1816, 1819, 1822, 1823, 1821, 1820, 1807, 1806, 1823, 1822, 1824, 1814, 1815, 1825, 1817, 1824, 1825, 1818, 1826, 1806, 1827, 1828, 1805, 1827, 1806, 1829, 1827, 1808, 1830, 1808, 1827, 1805, 1831, 1832, 1811, 1833, 1810, 1833, 1811, 1834, 1835, 1833, 1814, 1810, 1814, 1833, 1836, 1837, 1809, 1838, 1839, 1840, 1841, 1812, 1837, 1842, 1808, 1809, 1843, 1839, 1812, 1811, 1844, 1845, 1817, 1816, 1846, 1844, 1816, 1821, 1847, 1846, 1821, 1823, 1848, 1847, 1823, 1806, 1849, 1850, 1814, 1824, 1845, 1849, 1824, 1817, 1828, 1827, 1851, 1852, 1830, 1808, 1842, 1853, 1831, 1833, 1854, 1855, 1834, 1814, 1850, 1856, 1826, 1828, 1852, 1857, 1806, 1826, 1857, 1848, 1829, 1830, 1853, 1858, 1827, 1829, 1858, 1851, 1832, 1831, 1855, 1859, 1811, 1832, 1859, 1843, 1835, 1834, 1856, 1860, 1833, 1835, 1860, 1854, 1861, 1862, 1863, 1864, 1862, 1865, 1866, 1863, 1865, 1867, 1868, 1866, 1867, 1869, 1870, 1868, 1869, 1871, 1872, 1870, 1871, 1873, 1874, 1872, 1873, 1875, 1876, 1874, 1875, 1877, 1878, 1876, 1877, 1879, 1880, 1878, 1879, 1861, 1864, 1880, 1861, 1881, 1862, 1862, 1881, 1865, 1865, 1881, 1867, 1867, 1881, 1869, 1869, 1881, 1871, 1871, 1881, 1873, 1873, 1881, 1875, 1875, 1881, 1877, 1877, 1881, 1879, 1879, 1881, 1861, 1882, 1883, 1884, 1885, 1886, 1887, 1888, 1889, 1884, 1886, 1890, 1891, 1883, 1887, 1886, 1884, 1892, 1893, 1887, 1883, 1885, 1894, 1895, 1882, 1896, 1897, 1898, 1899, 1900, 1901, 1902, 1903, 1898, 1900, 1904, 1905, 1897, 1901, 1900, 1898, 1906, 1907, 1901, 1897, 1899, 1908, 1909, 1896, 1910, 1911, 1912, 1913, 1914, 1915, 1916, 1917, 1912, 1914, 1918, 1919, 1911, 1915, 1914, 1912, 1920, 1921, 1915, 1911, 1913, 1922, 1923, 1910, 1924, 1927, 1926, 1925, 1928, 1931, 1930, 1929, 1932, 1935, 1934, 1933, 1926, 1927, 1937, 1936, 1938, 1941, 1940, 1939, 1942, 1945, 1944, 1943, 1946, 1949, 1948, 1947, 1950, 1953, 1952, 1951, 1954, 1957, 1956, 1955, 1958, 1961, 1960, 1959, 1948, 1949, 1963, 1962, 1936, 1937, 1965, 1964, 1943, 1944, 1967, 1966, 1968, 1959, 1960, 1969, 1951, 1971, 1970, 1950, 1939, 1940, 1973, 1972, 1955, 1956, 1975, 1974, 1976, 1948, 1962, 1977, 1947, 1948, 1976, 1978, 1939, 1980, 1979, 1938, 1941, 1982, 1981, 1940, 1983, 1984, 1950, 1970, 1985, 1980, 1939, 1972, 1980, 1987, 1986, 1979, 1987, 1989, 1988, 1986, 1989, 1991, 1990, 1988, 1991, 1956, 1957, 1990, 1982, 1993, 1992, 1981, 1993, 1995, 1994, 1992, 1995, 1996, 1984, 1994, 1996, 1953, 1950, 1984, 1997, 1994, 1984, 1983, 1997, 1998, 1992, 1994, 1998, 1999, 1981, 1992, 1999, 1973, 1940, 1981, 2000, 1987, 1980, 1985, 2001, 1989, 1987, 2000, 2001, 2002, 1991, 1989, 2002, 1975, 1956, 1991, 2003, 2006, 2005, 2004, 1932, 2005, 2006, 1935, 1952, 2008, 2007, 1951, 1955, 2010, 2009, 1954, 1959, 2007, 2008, 1958, 1963, 2009, 2010, 1962, 1968, 2011, 2007, 1959, 2007, 2011, 1971, 1951, 1974, 2012, 2010, 1955, 2010, 2012, 1977, 1962, 1933, 1934, 1924, 1925, 1960, 1961, 1942, 1943, 2013, 2014, 1946, 1947, 1969, 1960, 1943, 1966, 1947, 1978, 2015, 2013, 1969, 1966, 2017, 2016, 2004, 2019, 2018, 2003, 2018, 2019, 2021, 2020, 2020, 2021, 2023, 2022, 2022, 2023, 2025, 2024, 2024, 2025, 1929, 1930, 2026, 2029, 2028, 2027, 2027, 2028, 2031, 2030, 2030, 2031, 2033, 2032, 2032, 2033, 2035, 2034, 2034, 2035, 2037, 2036, 2036, 2037, 2039, 2038, 2038, 2039, 2041, 2040, 2040, 2041, 2043, 2042, 2042, 2043, 2045, 2044, 2044, 2045, 2029, 2026, 2026, 2027, 2046, 2027, 2030, 2046, 2030, 2032, 2046, 2032, 2034, 2046, 2034, 2036, 2046, 2036, 2038, 2046, 2038, 2040, 2046, 2040, 2042, 2046, 2042, 2044, 2046, 2044, 2026, 2046, 2047, 2050, 2049, 2048, 2048, 2049, 2052, 2051, 2051, 2052, 2054, 2053, 2053, 2054, 2056, 2055, 2055, 2056, 2058, 2057, 2057, 2058, 2060, 2059, 2059, 2060, 2062, 2061, 2061, 2062, 2064, 2063, 2063, 2064, 2066, 2065, 2065, 2066, 2050, 2047, 2047, 2048, 2067, 2048, 2051, 2067, 2051, 2053, 2067, 2053, 2055, 2067, 2055, 2057, 2067, 2057, 2059, 2067, 2059, 2061, 2067, 2061, 2063, 2067, 2063, 2065, 2067, 2065, 2047, 2067]
                texCoord2f[] primvars:st_1 = [(-0.22415656, 0.95095056), (-0.22415656, 0.64388734), (-0.22415656, 0.15072748), (-0.22415656, 0.35503387), (-0.22415656, 0.983147), (-0.22415656, 0.9363692), (4.2232823, 0.1732883), (3.2915387, 0.1732883), (3.2915387, 0.12261161), (4.2232823, 0.12261163), (-0.22415656, 0.6584686), (-0.22415662, 0.104572326), (-0.22415656, 0.0719249), (3.4133801, 1.0617943), (3.3695168, 1.0569222), (4.1453037, 1.0569222), (4.101441, 1.0617943), (-0.22415656, 0.43383622), (-0.22415656, 0.40118867), (-0.22415656, 0.015343595), (-0.22415656, 0.06660848), (3.2915387, 0.85359), (3.2915387, 0.6838432), (4.2232823, 0.85359), (-0.22415656, 0.43915427), (3.2915387, 0.06658519), (4.2232823, 0.06658526), (0.9093854, -0.8098012), (0.88876414, -0.55652785), (0.9093854, -0.5565273), (0.88876414, -0.80979455), (0.9093854, -1.1645105), (0.8887404, -1.1644804), (0.8887404, -1.1831478), (0.9093854, -1.1831478), (0.9093853, -0.20181853), (0.88875866, -0.20181516), (0.88875866, -0.3897702), (0.9093854, -0.38975418), (0.9093854, -0.8660572), (0.8887622, -0.8660572), (0.8887622, -0.88230246), (0.8887622, -0.9076127), (0.8887621, -0.50027186), (0.9093854, -0.45870307), (0.8887621, -0.45870307), (0.9093854, -0.50027186), (0.9093854, -0.91409254), (0.8887404, -0.91410816), (0.8887404, -0.9765803), (0.9093854, -0.97657603), (0.88875866, -0.45224184), (0.9093854, -0.4522364), (0.88876146, -0.1831238), (3.2973223, 0.061794322), (0.88670385, -0.1850638), (0.84706056, -0.43750045), (0.8866169, -1.1635691), (0.8866169, -1.1813349), (0.8368195, -0.43750045), (0.8866169, -0.9141238), (0.8866169, -0.9765846), (0.8495443, -0.4530855), (0.85979116, -0.4530855), (0.8618823, -0.90361476), (0.8368195, -0.46867055), (0.88657427, -0.88227695), (0.88657427, -0.90759337), (0.84706056, -0.46867055), (0.86773896, -0.90361476), (0.86046183, -0.89470184), (0.88657427, -0.8090934), (0.8546052, -0.89470184), (0.88663834, -0.45870307), (0.88663834, -0.48409212), (0.86773896, -0.8857889), (0.8866993, -0.38978624), (0.8866993, -0.45224726), (0.8618823, -0.8857889), (0.8866993, -0.20260397), (0.8887622, -0.5402821), (0.9093854, -0.5402821), (-0.22415656, 0.13739891), (0.9093854, -0.82604647), (0.8887622, -0.82604647), (-0.22415656, 0.3683625), (0.88657427, -0.86601704), (0.88663834, -0.54032516), (0.8887622, -0.52661926), (0.9093854, -0.52661926), (0.8887621, -0.51393414), (0.9093854, -0.51393414), (0.9093854, -0.48402643), (0.8887621, -0.48402643), (-0.22415656, 0.12618962), (-0.22415662, 0.11578208), (-0.22415656, 0.091243885), (0.9093854, -0.8397093), (0.8887622, -0.8397093), (0.9093854, -0.85239434), (0.8887622, -0.85239434), (0.8478746, -0.9765846), (0.9093854, -0.88230246), (-0.22415656, 0.3795718), (-0.22415656, 0.3899793), (-0.22415656, 0.41451722), (0.88657427, -0.85242504), (0.88657427, -0.8395864), (0.88657427, -0.8260646), (0.88663834, -0.5264978), (0.88663834, -0.5137802), (0.88663834, -0.5002816), (-0.2219863, 0.06926669), (4.2232823, 0.87119347), (3.2915387, 0.87119347), (4.216096, 0.8623917), (3.2987251, 0.8623917), (-0.2219863, 0.43649524), (4.2232823, 0.68384665), (4.2232823, 0.93995273), (3.2915387, 0.93995273), (4.2184067, 0.9838159), (3.2964106, 0.9838159), (4.203787, 1.0179312), (3.3110342, 1.0179312), (4.179419, 1.0422988), (3.3354015, 1.0422988), (4.217499, 0.06179442), (0.9093854, -0.9076127), (0.8478746, -1.1635691), (0.8914074, -0.9108526), (0.9067402, -0.9108526), (0.9067401, -0.45547634), (0.8914074, -0.45547634), (0.88663834, -0.55781466), (0.9093853, -0.18316448), (-0.22415656, -0.01685299), (-0.22415656, 0.49041814), (0.4078662, 1.2092383), (0.40866622, 1.2092383), (0.40866622, 1.2100383), (0.4078662, 1.2100383), (0.40946624, 1.2092383), (0.40946624, 1.2100383), (0.41026625, 1.2092383), (0.41026625, 1.2100383), (0.4110662, 1.2092383), (0.4110662, 1.2100383), (0.41186622, 1.2092383), (0.41186622, 1.2100383), (0.41266623, 1.2092383), (0.41266623, 1.2100383), (0.41346624, 1.2092383), (0.41346624, 1.2100383), (0.4142662, 1.2092383), (0.4142662, 1.2100383), (0.4150662, 1.2092383), (0.4150662, 1.2100383), (0.41586623, 1.2092383), (0.41586623, 1.2100383), (0.41666624, 1.2092383), (0.41666624, 1.2100383), (0.4175662, 1.2092383), (0.4175662, 1.2100383), (0.41836622, 1.2092383), (0.41836622, 1.2100383), (0.40376624, 1.2092383), (0.4045662, 1.2092383), (0.4045662, 1.2100383), (0.40376624, 1.2100383), (0.4053662, 1.2092383), (0.4053662, 1.2100383), (0.40626624, 1.2092383), (0.40626624, 1.2100383), (0.4070662, 1.2092383), (0.4070662, 1.2100383), (0.41446623, 1.2140384), (0.41366622, 1.2140384), (0.41366622, 1.2131383), (0.41446623, 1.2131383), (0.41296622, 1.2140384), (0.41296622, 1.2131383), (0.4121662, 1.2140384), (0.4121662, 1.2131383), (0.4113662, 1.2140384), (0.4113662, 1.2131383), (0.4106662, 1.2140384), (0.4106662, 1.2131383), (0.40986624, 1.2140384), (0.40986624, 1.2131383), (0.40916625, 1.2140384), (0.40916625, 1.2131383), (0.40836623, 1.2140384), (0.40836623, 1.2131383), (0.40766624, 1.2140384), (0.40766624, 1.2131383), (0.40686622, 1.2140384), (0.40686622, 1.2131383), (0.40616623, 1.2140384), (0.40616623, 1.2131383), (0.4053662, 1.2140384), (0.4053662, 1.2131383), (0.40466622, 1.2140384), (0.40466622, 1.2131383), (0.41816625, 1.2140384), (0.41746625, 1.2140384), (0.41746625, 1.2131383), (0.41816625, 1.2131383), (0.4167662, 1.2140384), (0.4167662, 1.2131383), (0.41596624, 1.2140384), (0.41596624, 1.2131383), (0.41516623, 1.2140384), (0.41516623, 1.2131383), (0.40006623, 1.2107383), (0.3999662, 1.2116383), (0.39806625, 1.2083383), (0.39946625, 1.2123383), (0.3988662, 1.2128383), (0.39806625, 1.2131383), (0.39716622, 1.2131383), (0.3963662, 1.2128383), (0.39576623, 1.2123383), (0.39536622, 1.2116383), (0.39516625, 1.2107383), (0.39536622, 1.2099383), (0.39576623, 1.2092383), (0.3963662, 1.2086383), (0.39716622, 1.2083383), (0.3988662, 1.2086383), (0.39946625, 1.2092383), (0.3999662, 1.2099383), (0.3664662, 1.1862383), (0.3585662, 1.1861384), (0.3585662, 1.1831384), (0.3664662, 1.1831384), (0.36246625, 1.1751382), (0.36246625, 1.1745384), (0.3654662, 1.1745384), (0.3654662, 1.1751382), (0.3607662, 1.1751382), (0.35096624, 1.1751382), (0.35096624, 1.1725383), (0.3607662, 1.1740383), (0.35886624, 1.1725383), (0.36016622, 1.1730382), (0.35906622, 1.1931384), (0.35906622, 1.1905384), (0.36246625, 1.1905384), (0.36246625, 1.1931384), (0.36716625, 1.1751382), (0.36716625, 1.1740383), (0.36786625, 1.1730382), (0.36916623, 1.1725383), (0.37706622, 1.1751382), (0.3769662, 1.1725383), (0.3679662, 1.1861384), (0.3679662, 1.1831384), (0.3690662, 1.1862383), (0.3690662, 1.1831384), (0.3614662, 1.1744382), (0.3614662, 1.1751382), (0.36986622, 1.1831384), (0.36986622, 1.1861384), (0.3664662, 1.1751382), (0.3664662, 1.1744382), (0.36986622, 1.1868384), (0.37026623, 1.1868384), (0.36996624, 1.1871383), (0.36996624, 1.1822383), (0.37026623, 1.1824384), (0.36986622, 1.1825383), (0.3664662, 1.1868384), (0.3664662, 1.1871383), (0.3585662, 1.1871383), (0.3585662, 1.1868384), (0.3585662, 1.1825383), (0.3585662, 1.1821383), (0.3664662, 1.1821383), (0.3664662, 1.1825383), (0.3679662, 1.1821383), (0.3679662, 1.1825383), (0.3690662, 1.1868384), (0.36926624, 1.1871383), (0.3679662, 1.1871383), (0.3679662, 1.1868384), (0.36926624, 1.1821383), (0.3690662, 1.1825383), (0.3618662, 1.1751382), (0.3618662, 1.1745384), (0.37026623, 1.1831384), (0.37026623, 1.1862383), (0.3661662, 1.1745384), (0.3661662, 1.1751382), (0.37756625, 1.1848383), (0.3776662, 1.1850383), (0.37426624, 1.1850383), (0.3744662, 1.1848383), (0.35816625, 1.1861384), (0.35816625, 1.1831384), (0.35806623, 1.1871383), (0.35806623, 1.1868384), (0.37816623, 1.1821383), (0.37816623, 1.1827383), (0.3747662, 1.1827383), (0.3747662, 1.1821383), (0.35806623, 1.1825383), (0.35806623, 1.1822383), (0.35836622, 1.1931384), (0.35836622, 1.1905384), (0.36316624, 1.1905384), (0.36316624, 1.1931384), (0.37816623, 1.1848383), (0.3783662, 1.1851383), (0.37356624, 1.1850383), (0.37386623, 1.1848383), (0.37886623, 1.1821383), (0.37886623, 1.1827383), (0.37396625, 1.1827383), (0.37396625, 1.1821383), (0.38906625, 1.2124383), (0.38906625, 1.2134383), (0.38836625, 1.2134383), (0.38836625, 1.2124383), (0.3826662, 1.2153382), (0.3790662, 1.2153382), (0.3790662, 1.2141383), (0.3826662, 1.2141383), (0.38906625, 1.2189384), (0.38836625, 1.2189384), (0.38836625, 1.2177384), (0.38906625, 1.2177384), (0.38296625, 1.2238383), (0.37936625, 1.2238383), (0.37936625, 1.2226384), (0.38296625, 1.2226384), (0.38836625, 1.2067382), (0.38906625, 1.2067382), (0.38906625, 1.2077384), (0.38836625, 1.2077384), (0.3790662, 1.2127383), (0.3826662, 1.2127383), (0.38836625, 1.2164383), (0.38906625, 1.2164383), (0.37936625, 1.2218382), (0.38296625, 1.2218382), (0.38906625, 1.2089384), (0.38836625, 1.2089384), (0.3790662, 1.2113383), (0.3826662, 1.2113383), (0.38836625, 1.2153382), (0.38906625, 1.2153382), (0.37936625, 1.2208383), (0.38296625, 1.2208383), (0.38906625, 1.2101383), (0.38836625, 1.2101383), (0.37956622, 1.2103384), (0.3801662, 1.2101383), (0.3815662, 1.2101383), (0.38216624, 1.2103384), (0.3798662, 1.2199383), (0.38046625, 1.2196383), (0.38186625, 1.2196383), (0.38256624, 1.2199383), (0.38836625, 1.2143383), (0.38906625, 1.2143383), (0.38906625, 1.2110384), (0.38836625, 1.2110384), (0.37786624, 1.1917384), (0.3737662, 1.1917384), (0.3737662, 1.1903384), (0.37786624, 1.1903384), (0.35046622, 1.1815383), (0.35046622, 1.1802382), (0.3517662, 1.1802382), (0.3517662, 1.1815383), (0.37786624, 1.1890383), (0.3737662, 1.1890383), (0.3737662, 1.1876383), (0.37786624, 1.1876383), (0.34706625, 1.1816382), (0.34706625, 1.1803384), (0.34846625, 1.1803384), (0.34846625, 1.1816382), (0.36676624, 1.1900383), (0.37096623, 1.1900383), (0.37096623, 1.1913383), (0.36676624, 1.1913383), (0.36426625, 1.2317383), (0.36456624, 1.2314384), (0.3647662, 1.2317383), (0.3643662, 1.2319384), (0.3640662, 1.2315383), (0.3643662, 1.2312384), (0.3639662, 1.2313383), (0.36416623, 1.2311382), (0.36376622, 1.2310383), (0.3640662, 1.2309383), (0.36376622, 1.2308383), (0.3640662, 1.2308383), (0.36376622, 1.2305384), (0.3640662, 1.2305384), (0.36446622, 1.2321384), (0.36486623, 1.2320383), (0.36486623, 1.2323383), (0.36456624, 1.2324383), (0.36386624, 1.2318383), (0.3639662, 1.2321384), (0.36376622, 1.2316383), (0.3636662, 1.2313383), (0.36356625, 1.2311382), (0.36356625, 1.2308383), (0.36346623, 1.2305384), (0.3640662, 1.2323383), (0.36416623, 1.2325383), (0.36346623, 1.2319384), (0.36356625, 1.2322383), (0.36346623, 1.2317383), (0.36336622, 1.2314384), (0.3632662, 1.2311382), (0.3632662, 1.2309383), (0.3632662, 1.2306383), (0.3636662, 1.2324383), (0.3636662, 1.2327383), (0.35766622, 1.2319384), (0.35776624, 1.2322383), (0.35766622, 1.2316383), (0.3575662, 1.2314384), (0.35746625, 1.2311382), (0.35746625, 1.2309383), (0.35746625, 1.2306383), (0.35776624, 1.2324383), (0.35776624, 1.2327383), (0.35736623, 1.2320383), (0.35736623, 1.2322383), (0.35726622, 1.2317383), (0.35726622, 1.2314384), (0.3571662, 1.2312384), (0.3571662, 1.2309383), (0.3571662, 1.2306383), (0.35736623, 1.2324383), (0.35736623, 1.2327383), (0.35696623, 1.2320383), (0.35696623, 1.2322383), (0.35696623, 1.2317383), (0.35696623, 1.2314384), (0.35696623, 1.2312384), (0.3568662, 1.2309383), (0.3568662, 1.2306383), (0.35696623, 1.2325383), (0.35696623, 1.2327383), (0.35656622, 1.2320383), (0.35656622, 1.2322383), (0.35656622, 1.2317383), (0.35656622, 1.2314384), (0.35656622, 1.2312384), (0.35656622, 1.2309383), (0.35656622, 1.2307384), (0.35656622, 1.2325383), (0.35656622, 1.2327383), (0.3543662, 1.2320383), (0.3543662, 1.2322383), (0.3543662, 1.2317383), (0.3543662, 1.2314384), (0.3543662, 1.2312384), (0.3543662, 1.2309383), (0.3543662, 1.2307384), (0.3543662, 1.2325383), (0.3543662, 1.2327383), (0.3539662, 1.2320383), (0.3539662, 1.2322383), (0.3539662, 1.2317383), (0.3539662, 1.2314384), (0.35406622, 1.2312384), (0.35406622, 1.2309383), (0.35406622, 1.2306383), (0.3539662, 1.2325383), (0.3539662, 1.2327383), (0.3535662, 1.2320383), (0.3535662, 1.2322383), (0.35366622, 1.2317383), (0.35366622, 1.2314384), (0.35376623, 1.2312384), (0.35376623, 1.2309383), (0.35376623, 1.2306383), (0.3535662, 1.2324383), (0.3535662, 1.2327383), (0.3532662, 1.2319384), (0.35316625, 1.2322383), (0.3532662, 1.2316383), (0.35336623, 1.2314384), (0.35346624, 1.2311382), (0.35346624, 1.2309383), (0.35346624, 1.2306383), (0.35316625, 1.2324383), (0.35316625, 1.2327383), (0.3474662, 1.2319384), (0.34736624, 1.2322383), (0.3474662, 1.2317383), (0.34756622, 1.2314384), (0.34766623, 1.2311382), (0.34766623, 1.2309383), (0.34766623, 1.2306383), (0.34726623, 1.2324383), (0.34726623, 1.2327383), (0.34706625, 1.2318383), (0.34696624, 1.2321384), (0.3471662, 1.2316383), (0.34726623, 1.2313383), (0.34736624, 1.2311382), (0.34736624, 1.2308383), (0.3474662, 1.2305384), (0.34686622, 1.2323383), (0.34686622, 1.2325383), (0.34666625, 1.2317383), (0.34656623, 1.2319384), (0.34686622, 1.2315383), (0.34706625, 1.2313383), (0.3471662, 1.2310383), (0.3471662, 1.2308383), (0.3471662, 1.2305384), (0.3464662, 1.2321384), (0.3464662, 1.2324383), (0.3463662, 1.2315383), (0.34616622, 1.2317383), (0.34656623, 1.2312384), (0.3467662, 1.2311382), (0.34686622, 1.2309383), (0.34686622, 1.2308383), (0.34686622, 1.2305384), (0.3460662, 1.2321384), (0.3460662, 1.2323383), (0.18267724, 1.1934478), (0.18167725, 1.1933478), (0.18167725, 1.1908479), (0.18297729, 1.1910478), (0.18347725, 1.1879479), (0.18167725, 1.1878479), (0.17997727, 1.1879479), (0.18037727, 1.1909478), (0.18057725, 1.1933478), (0.18627724, 1.1957479), (0.18547729, 1.1951479), (0.18667725, 1.1926478), (0.18757728, 1.1932478), (0.18887725, 1.1902478), (0.18787727, 1.1897478), (0.18637726, 1.1890478), (0.18537727, 1.1919478), (0.18447724, 1.1942478), (0.17457727, 1.1900479), (0.17547724, 1.1896478), (0.17667726, 1.1925478), (0.17567727, 1.1930479), (0.17697725, 1.1956478), (0.17777726, 1.1950479), (0.17887726, 1.1941478), (0.17797723, 1.1918478), (0.17707726, 1.1888478), (0.17977723, 1.1979479), (0.18007728, 1.1970478), (0.18157724, 1.1972479), (0.18157724, 1.1982478), (0.18337724, 1.1979479), (0.18307725, 1.1970478), (0.18277726, 1.1957479), (0.18157724, 1.1959478), (0.18047729, 1.1957479), (0.18357727, 1.1953478), (0.18317726, 1.1947478), (0.18357727, 1.1936479), (0.18257728, 1.1947478), (0.17967728, 1.1952478), (0.18007728, 1.1946478), (0.18067726, 1.1947478), (0.17967728, 1.1936479), (0.18417725, 1.1913478), (0.18497726, 1.1884478), (0.17917725, 1.1913478), (0.17847726, 1.1883478), (0.18167725, 1.1947478), (0.18437728, 1.1964478), (0.18487725, 1.1971478), (0.17887726, 1.1963478), (0.17827728, 1.1971478), (0.20147726, 1.1711478), (0.20147726, 1.1714479), (0.20027724, 1.1716478), (0.20017728, 1.1713479), (0.19937727, 1.1721479), (0.19917724, 1.1718478), (0.19867727, 1.1729478), (0.19837728, 1.1728479), (0.19827726, 1.1743479), (0.19797727, 1.1743479), (0.19817725, 1.1753478), (0.19787726, 1.1753478), (0.20497724, 1.1753478), (0.20467725, 1.1753478), (0.20467725, 1.1743479), (0.20497724, 1.1743479), (0.20427725, 1.1729478), (0.20457724, 1.1728479), (0.20357725, 1.1721479), (0.20377728, 1.1718478), (0.20267728, 1.1716478), (0.20277724, 1.1713479), (0.17947724, 1.1786479), (0.17717728, 1.1786479), (0.17757729, 1.1760478), (0.17967728, 1.1761478), (0.17947724, 1.1817478), (0.17717728, 1.1817478), (0.18577728, 1.1786479), (0.18807724, 1.1786479), (0.18807724, 1.1817478), (0.18577728, 1.1817478), (0.18557724, 1.1761478), (0.18767723, 1.1760478), (0.18267724, 1.1738478), (0.18267724, 1.1721479), (0.18487725, 1.1724478), (0.18387726, 1.1740478), (0.18137726, 1.1740478), (0.18037727, 1.1724478), (0.18037727, 1.1747478), (0.17867729, 1.1735479), (0.18487725, 1.1747478), (0.18657729, 1.1735479), (0.17477724, 1.1772479), (0.17597726, 1.1762478), (0.17447725, 1.1787478), (0.17587724, 1.1814479), (0.17477724, 1.1804478), (0.19047728, 1.1804478), (0.18937728, 1.1814479), (0.19077727, 1.1787478), (0.18937728, 1.1762478), (0.19047728, 1.1772479), (0.19827726, 1.1758478), (0.19797727, 1.1759478), (0.20497724, 1.1759478), (0.20467725, 1.1758478), (0.19867727, 1.2340478), (0.19867727, 1.2346479), (0.19637725, 1.2346479), (0.19637725, 1.2340478), (0.19987729, 1.1898478), (0.19987729, 1.1893479), (0.20217726, 1.1893479), (0.20217726, 1.1898478), (0.20177725, 1.1824478), (0.20177725, 1.1818478), (0.20407727, 1.1818478), (0.20407727, 1.1824478), (0.19957724, 1.1824478), (0.19957724, 1.1818478), (0.19747725, 1.1824478), (0.19747725, 1.1818478), (0.19477728, 1.1824478), (0.19477728, 1.1818478), (0.20607725, 1.1824478), (0.20607725, 1.1818478), (0.20877728, 1.1818478), (0.20877728, 1.1824478), (0.19027725, 1.2346479), (0.19027725, 1.2340478), (0.19177726, 1.2340478), (0.19177726, 1.2346479), (0.19497725, 1.2346479), (0.19497725, 1.2340478), (0.19707724, 1.1893479), (0.19707724, 1.1898478), (0.19527724, 1.1898478), (0.19527724, 1.1893479), (0.19227728, 1.1893479), (0.19227728, 1.1898478), (0.19067726, 1.1898478), (0.19067726, 1.1893479), (0.18877724, 1.2346479), (0.18877724, 1.2340478), (0.18717727, 1.2346479), (0.18717727, 1.2340478), (0.19347724, 1.2346479), (0.19347724, 1.2340478), (0.19857726, 1.1893479), (0.19857726, 1.1898478), (0.19387725, 1.1893479), (0.19387725, 1.1898478), (0.40156624, 1.2249384), (0.40156624, 1.2260383), (0.4006662, 1.2260383), (0.4006662, 1.2249384), (0.39976624, 1.2260383), (0.39976624, 1.2249384), (0.3988662, 1.2260383), (0.3988662, 1.2249384), (0.39796624, 1.2260383), (0.39796624, 1.2249384), (0.3970662, 1.2260383), (0.3970662, 1.2249384), (0.39616624, 1.2260383), (0.39616624, 1.2249384), (0.3952662, 1.2260383), (0.3952662, 1.2249384), (0.39436623, 1.2260383), (0.39436623, 1.2249384), (0.40336624, 1.2249384), (0.40336624, 1.2260383), (0.4024662, 1.2260383), (0.4024662, 1.2249384), (0.3984662, 1.2184384), (0.39686623, 1.2184384), (0.3981662, 1.2175384), (0.3973662, 1.2170384), (0.39646623, 1.2170384), (0.3956662, 1.2175384), (0.39536622, 1.2184384), (0.3956662, 1.2193383), (0.39646623, 1.2199383), (0.3973662, 1.2199383), (0.3981662, 1.2193383), (0.0076670437, 1.0177994), (0.0076670437, 1.0166994), (0.011167044, 1.0166994), (0.011167044, 1.0177994), (0.0076670437, 1.0156994), (0.011167044, 1.0156994), (0.0076670437, 1.0145994), (0.011167044, 1.0145994), (0.0076670437, 1.0134994), (0.011167044, 1.0134994), (0.0076670437, 1.0122994), (0.011167044, 1.0122994), (0.0076670437, 1.0108994), (0.011167044, 1.0108994), (0.0076670437, 1.0246994), (0.0076670437, 1.0233994), (0.011167044, 1.0233994), (0.011167044, 1.0246994), (0.0076670437, 1.0221994), (0.011167044, 1.0221994), (0.0076670437, 1.0209994), (0.011167044, 1.0209994), (0.0076670437, 1.0199994), (0.011167044, 1.0199994), (0.0076670437, 1.0188994), (0.011167044, 1.0188994), (0.012167044, 1.0166994), (0.012167044, 1.0177994), (0.012167044, 1.0156994), (0.012167044, 1.0145994), (0.012167044, 1.0134994), (0.012167044, 1.0122994), (0.012167044, 1.0108994), (0.012167044, 1.0233994), (0.012167044, 1.0246994), (0.012167044, 1.0221994), (0.012167044, 1.0209994), (0.012167044, 1.0199994), (0.012167044, 1.0188994), (0.013067044, 1.0177994), (0.013067044, 1.0166994), (0.026367044, 1.0166994), (0.026367044, 1.0177994), (0.013067044, 1.0156994), (0.026367044, 1.0156994), (0.013067044, 1.0145994), (0.026367044, 1.0145994), (0.013067044, 1.0134994), (0.026367044, 1.0134994), (0.013067044, 1.0122994), (0.026367044, 1.0122994), (0.013067044, 1.0108994), (0.026367044, 1.0108994), (0.013067044, 1.0246994), (0.013067044, 1.0233994), (0.026367044, 1.0233994), (0.026367044, 1.0246994), (0.013067044, 1.0221994), (0.026367044, 1.0221994), (0.013067044, 1.0209994), (0.026367044, 1.0209994), (0.013067044, 1.0199994), (0.026367044, 1.0199994), (0.013067044, 1.0188994), (0.026367044, 1.0188994), (0.030067043, 1.0177994), (0.030067043, 1.0166994), (0.03156704, 1.0166994), (0.03156704, 1.0177994), (0.030067043, 1.0156994), (0.03156704, 1.0156994), (0.030067043, 1.0145994), (0.03156704, 1.0145994), (0.030067043, 1.0134994), (0.03156704, 1.0134994), (0.030067043, 1.0122994), (0.03156704, 1.0122994), (0.030067043, 1.0108994), (0.03156704, 1.0108994), (0.030067043, 1.0246994), (0.030067043, 1.0233994), (0.03156704, 1.0233994), (0.03156704, 1.0246994), (0.030067043, 1.0221994), (0.03156704, 1.0221994), (0.030067043, 1.0209994), (0.03156704, 1.0209994), (0.030067043, 1.0199994), (0.03156704, 1.0199994), (0.030067043, 1.0188994), (0.03156704, 1.0188994), (0.03316704, 1.0166994), (0.03316704, 1.0177994), (0.03316704, 1.0156994), (0.03316704, 1.0145994), (0.03316704, 1.0134994), (0.03316704, 1.0122994), (0.03316704, 1.0108994), (0.03316704, 1.0233994), (0.03316704, 1.0246994), (0.03316704, 1.0221994), (0.03316704, 1.0209994), (0.03316704, 1.0199994), (0.03316704, 1.0188994), (0.03596704, 1.0166994), (0.03596704, 1.0177994), (0.03596704, 1.0156994), (0.03596704, 1.0145994), (0.03596704, 1.0134994), (0.03596704, 1.0122994), (0.03596704, 1.0108994), (0.03596704, 1.0233994), (0.03596704, 1.0246994), (0.03596704, 1.0221994), (0.03596704, 1.0209994), (0.03596704, 1.0199994), (0.03596704, 1.0188994), (0.038767044, 1.0166994), (0.056067046, 1.0166994), (0.056067046, 1.0177994), (0.038767044, 1.0177994), (0.038767044, 1.0156994), (0.056067046, 1.0156994), (0.038767044, 1.0145994), (0.056067046, 1.0145994), (0.038767044, 1.0134994), (0.056067046, 1.0134994), (0.038767044, 1.0122994), (0.056067046, 1.0122994), (0.038767044, 1.0221994), (0.056067046, 1.0221994), (0.056067046, 1.0233994), (0.038767044, 1.0233994), (0.038767044, 1.0209994), (0.056067046, 1.0209994), (0.038767044, 1.0199994), (0.056067046, 1.0199994), (0.038767044, 1.0188994), (0.056067046, 1.0188994), (0.08696704, 1.0177994), (0.083467044, 1.0177994), (0.083467044, 1.0166994), (0.08696704, 1.0166994), (0.083467044, 1.0156994), (0.08696704, 1.0156994), (0.083467044, 1.0145994), (0.08696704, 1.0145994), (0.083467044, 1.0134994), (0.08696704, 1.0134994), (0.083467044, 1.0122994), (0.08696704, 1.0122994), (0.083467044, 1.0108994), (0.08696704, 1.0108994), (0.08696704, 1.0246994), (0.083467044, 1.0246994), (0.083467044, 1.0233994), (0.08696704, 1.0233994), (0.083467044, 1.0221994), (0.08696704, 1.0221994), (0.083467044, 1.0209994), (0.08696704, 1.0209994), (0.083467044, 1.0199994), (0.08696704, 1.0199994), (0.083467044, 1.0188994), (0.08696704, 1.0188994), (0.08256704, 1.0177994), (0.08256704, 1.0166994), (0.08256704, 1.0156994), (0.08256704, 1.0145994), (0.08256704, 1.0134994), (0.08256704, 1.0122994), (0.08256704, 1.0108994), (0.08256704, 1.0246994), (0.08256704, 1.0233994), (0.08256704, 1.0221994), (0.08256704, 1.0209994), (0.08256704, 1.0199994), (0.08256704, 1.0188994), (0.08156705, 1.0177994), (0.06836705, 1.0177994), (0.06836705, 1.0166994), (0.08156705, 1.0166994), (0.06836705, 1.0156994), (0.08156705, 1.0156994), (0.06836705, 1.0145994), (0.08156705, 1.0145994), (0.06836705, 1.0134994), (0.08156705, 1.0134994), (0.06836705, 1.0122994), (0.08156705, 1.0122994), (0.06836705, 1.0108994), (0.08156705, 1.0108994), (0.08156705, 1.0246994), (0.06836705, 1.0246994), (0.06836705, 1.0233994), (0.08156705, 1.0233994), (0.06836705, 1.0221994), (0.08156705, 1.0221994), (0.06836705, 1.0209994), (0.08156705, 1.0209994), (0.06836705, 1.0199994), (0.08156705, 1.0199994), (0.06836705, 1.0188994), (0.08156705, 1.0188994), (0.06476705, 1.0177994), (0.06316704, 1.0177994), (0.06316704, 1.0166994), (0.06476705, 1.0166994), (0.06316704, 1.0156994), (0.06476705, 1.0156994), (0.06316704, 1.0145994), (0.06476705, 1.0145994), (0.06316704, 1.0134994), (0.06476705, 1.0134994), (0.06316704, 1.0122994), (0.06476705, 1.0122994), (0.06316704, 1.0108994), (0.06476705, 1.0108994), (0.06476705, 1.0246994), (0.06316704, 1.0246994), (0.06316704, 1.0233994), (0.06476705, 1.0233994), (0.06316704, 1.0221994), (0.06476705, 1.0221994), (0.06316704, 1.0209994), (0.06476705, 1.0209994), (0.06316704, 1.0199994), (0.06476705, 1.0199994), (0.06316704, 1.0188994), (0.06476705, 1.0188994), (0.061667044, 1.0166994), (0.061667044, 1.0177994), (0.061667044, 1.0156994), (0.061667044, 1.0145994), (0.061667044, 1.0134994), (0.061667044, 1.0122994), (0.061667044, 1.0108994), (0.061667044, 1.0233994), (0.061667044, 1.0246994), (0.061667044, 1.0221994), (0.061667044, 1.0209994), (0.061667044, 1.0199994), (0.061667044, 1.0188994), (0.05886704, 1.0177994), (0.05886704, 1.0166994), (0.05886704, 1.0156994), (0.05886704, 1.0145994), (0.05886704, 1.0134994), (0.05886704, 1.0122994), (0.05886704, 1.0108994), (0.05886704, 1.0246994), (0.05886704, 1.0233994), (0.05886704, 1.0221994), (0.05886704, 1.0209994), (0.05886704, 1.0199994), (0.05886704, 1.0188994), (0.038767044, 1.0108994), (0.056067046, 1.0108994), (0.038767044, 1.0246994), (0.056067046, 1.0246994), (0.4574679, 1.0995772), (0.39516795, 1.0995772), (0.39516795, 1.0973771), (0.4574679, 1.0973771), (0.4574679, 1.0923772), (0.4574679, 1.0945771), (0.39516795, 1.0945771), (0.39516795, 1.0923772), (0.39516795, 1.1096771), (0.39516795, 1.107377), (0.40236795, 1.107377), (0.40236795, 1.1096771), (0.4574679, 1.0795772), (0.39516795, 1.0795772), (0.39516795, 1.0724771), (0.4574679, 1.0724771), (0.40236795, 1.1023772), (0.40236795, 1.1045771), (0.39516795, 1.1045771), (0.39516795, 1.1023772), (0.39516795, 1.0823772), (0.4574679, 1.0823772), (0.4574679, 1.0895772), (0.39516795, 1.0895772), (0.25404072, 1.1851176), (0.25404072, 1.1954176), (0.25324076, 1.1955177), (0.25324076, 1.1849177), (0.25134075, 1.1794176), (0.2511407, 1.1813177), (0.24824077, 1.1813177), (0.24804074, 1.1794176), (0.25784075, 1.1845176), (0.25814074, 1.1950177), (0.25614077, 1.1951176), (0.25594074, 1.1848177), (0.24794072, 1.2098176), (0.24804074, 1.2079177), (0.25094074, 1.2079177), (0.2511407, 1.2098176), (0.24144071, 1.2053176), (0.24064076, 1.2018176), (0.24254072, 1.2013177), (0.24324071, 1.2046176), (0.25754076, 1.2053176), (0.25574076, 1.2046176), (0.25654072, 1.2013177), (0.25844073, 1.2018176), (0.24154073, 1.1845176), (0.24344075, 1.1848177), (0.24324071, 1.1951176), (0.24134076, 1.1950177), (0.26504076, 1.2120177), (0.26504076, 1.2128177), (0.26414073, 1.2129177), (0.26414073, 1.2120177), (0.26294076, 1.2117176), (0.26234072, 1.2125176), (0.26184076, 1.2107177), (0.26274073, 1.2104176), (0.26204073, 1.1814176), (0.26144075, 1.1822176), (0.26104075, 1.1803176), (0.26194072, 1.1801176), (0.27114075, 1.1817176), (0.27204072, 1.1817176), (0.27204072, 1.1825176), (0.27114075, 1.1825176), (0.27334076, 1.1801176), (0.27424073, 1.1802176), (0.27384073, 1.1821177), (0.27324075, 1.1813177), (0.27444077, 1.2104176), (0.27534074, 1.2107177), (0.2748407, 1.2125176), (0.27424073, 1.2117176), (0.24444073, 1.1803176), (0.24564075, 1.1798177), (0.24624074, 1.1817176), (0.24524075, 1.1820177), (0.25414073, 1.1820177), (0.25324076, 1.1817176), (0.25374073, 1.1798177), (0.25504076, 1.1803176), (0.2554407, 1.2057177), (0.25714076, 1.2065177), (0.24524075, 1.2073176), (0.24604076, 1.2076176), (0.24564075, 1.2094177), (0.24434072, 1.2090176), (0.24334073, 1.1810176), (0.24464077, 1.1824176), (0.24254072, 1.1819177), (0.24404073, 1.1830176), (0.24194074, 1.1830176), (0.24364072, 1.1837176), (0.25484073, 1.1824176), (0.25604075, 1.1810176), (0.25534075, 1.1830176), (0.25684077, 1.1819177), (0.25574076, 1.1837176), (0.25744075, 1.1830176), (0.25504076, 1.2064177), (0.25644076, 1.2076176), (0.25454074, 1.2069176), (0.25564075, 1.2084177), (0.25384074, 1.2073176), (0.25464076, 1.2090176), (0.2529407, 1.2076176), (0.25344074, 1.2094177), (0.24454075, 1.2069176), (0.24334073, 1.2084177), (0.24404073, 1.2064177), (0.24254072, 1.2076176), (0.24364072, 1.2057177), (0.24194074, 1.2065177), (0.25374073, 1.2068176), (0.2529407, 1.2071177), (0.2529407, 1.2067176), (0.25374073, 1.2065177), (0.2511407, 1.1819177), (0.24824077, 1.1819177), (0.25554073, 1.1849177), (0.25554073, 1.1953176), (0.24814075, 1.2074176), (0.25094074, 1.2074176), (0.24374074, 1.2045176), (0.24314076, 1.2011176), (0.25594074, 1.2011176), (0.25534075, 1.2045176), (0.24384075, 1.1953176), (0.24384075, 1.1849177), (0.26274073, 1.2129177), (0.26324075, 1.2120177), (0.26174074, 1.1825176), (0.26234072, 1.1817176), (0.27294075, 1.1817176), (0.27354074, 1.1825176), (0.27394074, 1.2120177), (0.27444077, 1.2129177), (0.24624074, 1.1822176), (0.24544072, 1.1825176), (0.25534075, 1.1839176), (0.24394071, 1.2054176), (0.24404073, 1.1839176), (0.24444073, 1.1833177), (0.24484074, 1.1828177), (0.25394076, 1.1825176), (0.25314075, 1.1822176), (0.25454074, 1.1828177), (0.25494075, 1.1833177), (0.24534076, 1.2068176), (0.24614072, 1.2071177), (0.24474072, 1.2065177), (0.24434072, 1.2061176), (0.25504076, 1.2054176), (0.25474072, 1.2061176), (0.25434077, 1.2065177), (0.25404072, 1.1833177), (0.25404072, 1.1840177), (0.25314075, 1.1839176), (0.25314075, 1.1831176), (0.25394076, 1.1828177), (0.25314075, 1.1826177), (0.25424075, 1.2009176), (0.25394076, 1.2042177), (0.25304073, 1.2043177), (0.25324076, 1.2009176), (0.25384074, 1.2053176), (0.2529407, 1.2054176), (0.25374073, 1.2060176), (0.2529407, 1.2061176), (0.24534076, 1.2065177), (0.24614072, 1.2067176), (0.24524075, 1.2060176), (0.24614072, 1.2061176), (0.24524075, 1.2053176), (0.24614072, 1.2054176), (0.24514073, 1.2042177), (0.24604076, 1.2043177), (0.24484074, 1.2009176), (0.24584073, 1.2009176), (0.26414073, 1.1825176), (0.26324075, 1.1825176), (0.26324075, 1.1817176), (0.26424074, 1.1817176), (0.2730407, 1.2120177), (0.2730407, 1.2129177), (0.27214074, 1.2128177), (0.27204072, 1.2120177), (0.24534076, 1.1954176), (0.24534076, 1.1851176), (0.24624074, 1.1849177), (0.24624074, 1.1955177), (0.24534076, 1.1840177), (0.24624074, 1.1839176), (0.24544072, 1.1833177), (0.24624074, 1.1831176), (0.24544072, 1.1828177), (0.24624074, 1.1826177), (0.24814075, 1.2070177), (0.25094074, 1.2070177), (0.24814075, 1.2064177), (0.25094074, 1.2064177), (0.24814075, 1.2056177), (0.25094074, 1.2056177), (0.24804074, 1.2045176), (0.25094074, 1.2045176), (0.24804074, 1.2007177), (0.25104076, 1.2007177), (0.26914072, 1.1825176), (0.26614076, 1.1825176), (0.26624072, 1.1817176), (0.26914072, 1.1817176), (0.27004075, 1.2120177), (0.27004075, 1.2129177), (0.26714075, 1.2129177), (0.26714075, 1.2120177), (0.24824077, 1.1955177), (0.24824077, 1.1847177), (0.2511407, 1.1847177), (0.2511407, 1.1955177), (0.24824077, 1.1836176), (0.2511407, 1.1836176), (0.24824077, 1.1828177), (0.2511407, 1.1828177), (0.24824077, 1.1823176), (0.2511407, 1.1823176), (0.24474072, 1.2060176), (0.24464077, 1.2053176), (0.24454075, 1.2043177), (0.24404073, 1.2010176), (0.2626407, 1.1825176), (0.2626407, 1.1817176), (0.27364075, 1.2129177), (0.27364075, 1.2120177), (0.24464077, 1.1850176), (0.24464077, 1.1954176), (0.24474072, 1.1840177), (0.24484074, 1.1833177), (0.25464076, 1.1833177), (0.25464076, 1.1840177), (0.25474072, 1.1850176), (0.25474072, 1.1954176), (0.26354074, 1.2129177), (0.26364076, 1.2120177), (0.27274072, 1.1825176), (0.27254075, 1.1817176), (0.25454074, 1.2043177), (0.25494075, 1.2010176), (0.25444072, 1.2053176), (0.25434077, 1.2060176), (-0.7786849, 0.9363692), (-0.7786849, 0.6584686), (-0.77868485, 0.35503381), (-0.77868485, 0.15072748), (-0.7786849, 0.95095056), (-0.7786849, 0.6438872), (-0.77868485, 0.091243885), (-0.77868485, 0.0719249), (-0.77868485, 0.43383616), (-0.77868485, 0.41451722), (-0.77868485, 0.015343595), (-0.77868485, 0.06660848), (-0.77868485, 0.49041802), (-0.77868485, 0.4391542), (-0.77868485, 0.13739891), (-0.77868485, 0.36836243), (-0.77868485, 0.4011886), (-0.77868485, 0.12618962), (-0.77868485, 0.11578208), (-0.77868485, 0.104572326), (-0.77868485, 0.37957174), (-0.77868485, 0.38997924), (-0.78085524, 0.06926669), (-0.78085524, 0.43649518), (-0.77868485, -0.01685299), (-0.7786849, 0.983147), (0.3585662, 1.1861384), (0.3585662, 1.1831384), (0.3664662, 1.1831384), (0.3664662, 1.1862383), (0.36246625, 1.1745384), (0.3654662, 1.1745384), (0.3654662, 1.1751382), (0.36246625, 1.1751382), (0.35096624, 1.1751382), (0.35096624, 1.1725383), (0.3607662, 1.1740383), (0.3607662, 1.1751382), (0.35886624, 1.1725383), (0.36016622, 1.1730382), (0.35906622, 1.1905384), (0.36246625, 1.1905384), (0.36246625, 1.1931384), (0.35906622, 1.1931384), (0.36716625, 1.1751382), (0.36716625, 1.1740383), (0.36786625, 1.1730382), (0.36916623, 1.1725383), (0.37706622, 1.1751382), (0.3769662, 1.1725383), (0.3679662, 1.1831384), (0.3679662, 1.1861384), (0.3690662, 1.1831384), (0.3690662, 1.1862383), (0.3614662, 1.1744382), (0.3614662, 1.1751382), (0.36986622, 1.1831384), (0.36986622, 1.1861384), (0.3664662, 1.1751382), (0.3664662, 1.1744382), (0.36986622, 1.1868384), (0.37026623, 1.1868384), (0.36996624, 1.1871383), (0.36996624, 1.1822383), (0.37026623, 1.1824384), (0.36986622, 1.1825383), (0.3664662, 1.1871383), (0.3585662, 1.1871383), (0.3585662, 1.1868384), (0.3664662, 1.1868384), (0.3585662, 1.1825383), (0.3585662, 1.1821383), (0.3664662, 1.1821383), (0.3664662, 1.1825383), (0.3679662, 1.1821383), (0.3679662, 1.1825383), (0.3690662, 1.1868384), (0.36926624, 1.1871383), (0.3679662, 1.1871383), (0.3679662, 1.1868384), (0.36926624, 1.1821383), (0.3690662, 1.1825383), (0.3618662, 1.1745384), (0.3618662, 1.1751382), (0.37026623, 1.1831384), (0.37026623, 1.1862383), (0.3661662, 1.1745384), (0.3661662, 1.1751382), (0.3776662, 1.1850383), (0.37426624, 1.1850383), (0.3744662, 1.1848383), (0.37756625, 1.1848383), (0.35816625, 1.1861384), (0.35816625, 1.1831384), (0.35806623, 1.1871383), (0.35806623, 1.1868384), (0.37816623, 1.1827383), (0.3747662, 1.1827383), (0.3747662, 1.1821383), (0.37816623, 1.1821383), (0.35806623, 1.1825383), (0.35806623, 1.1822383), (0.35836622, 1.1905384), (0.35836622, 1.1931384), (0.36316624, 1.1931384), (0.36316624, 1.1905384), (0.37816623, 1.1848383), (0.3783662, 1.1851383), (0.37356624, 1.1850383), (0.37386623, 1.1848383), (0.37886623, 1.1827383), (0.37886623, 1.1821383), (0.37396625, 1.1821383), (0.37396625, 1.1827383), (0.38906625, 1.2134383), (0.38836625, 1.2134383), (0.38836625, 1.2124383), (0.38906625, 1.2124383), (0.3790662, 1.2153382), (0.3790662, 1.2141383), (0.3826662, 1.2141383), (0.3826662, 1.2153382), (0.38836625, 1.2189384), (0.38836625, 1.2177384), (0.38906625, 1.2177384), (0.38906625, 1.2189384), (0.37936625, 1.2238383), (0.37936625, 1.2226384), (0.38296625, 1.2226384), (0.38296625, 1.2238383), (0.38906625, 1.2067382), (0.38906625, 1.2077384), (0.38836625, 1.2077384), (0.38836625, 1.2067382), (0.3790662, 1.2127383), (0.3826662, 1.2127383), (0.38836625, 1.2164383), (0.38906625, 1.2164383), (0.37936625, 1.2218382), (0.38296625, 1.2218382), (0.38906625, 1.2089384), (0.38836625, 1.2089384), (0.3790662, 1.2113383), (0.3826662, 1.2113383), (0.38836625, 1.2153382), (0.38906625, 1.2153382), (0.37936625, 1.2208383), (0.38296625, 1.2208383), (0.38906625, 1.2101383), (0.38836625, 1.2101383), (0.37956622, 1.2103384), (0.3801662, 1.2101383), (0.3815662, 1.2101383), (0.38216624, 1.2103384), (0.3798662, 1.2199383), (0.38046625, 1.2196383), (0.38186625, 1.2196383), (0.38256624, 1.2199383), (0.38906625, 1.2143383), (0.38836625, 1.2143383), (0.38906625, 1.2110384), (0.38836625, 1.2110384), (0.3737662, 1.1917384), (0.3737662, 1.1903384), (0.37786624, 1.1903384), (0.37786624, 1.1917384), (0.35046622, 1.1802382), (0.3517662, 1.1802382), (0.3517662, 1.1815383), (0.35046622, 1.1815383), (0.3737662, 1.1890383), (0.3737662, 1.1876383), (0.37786624, 1.1876383), (0.37786624, 1.1890383), (0.34706625, 1.1803384), (0.34846625, 1.1803384), (0.34846625, 1.1816382), (0.34706625, 1.1816382), (0.37096623, 1.1900383), (0.37096623, 1.1913383), (0.36676624, 1.1913383), (0.36676624, 1.1900383), (0.36426625, 1.2317383), (0.36456624, 1.2314384), (0.3647662, 1.2317383), (0.3643662, 1.2319384), (0.3640662, 1.2315383), (0.3643662, 1.2312384), (0.3639662, 1.2313383), (0.36416623, 1.2311382), (0.36376622, 1.2310383), (0.3640662, 1.2309383), (0.3640662, 1.2308383), (0.36376622, 1.2308383), (0.3640662, 1.2305384), (0.36376622, 1.2305384), (0.36486623, 1.2320383), (0.36486623, 1.2323383), (0.36456624, 1.2324383), (0.36446622, 1.2321384), (0.3639662, 1.2321384), (0.36386624, 1.2318383), (0.36376622, 1.2316383), (0.3636662, 1.2313383), (0.36356625, 1.2311382), (0.36356625, 1.2308383), (0.36346623, 1.2305384), (0.36416623, 1.2325383), (0.3640662, 1.2323383), (0.36356625, 1.2322383), (0.36346623, 1.2319384), (0.36346623, 1.2317383), (0.36336622, 1.2314384), (0.3632662, 1.2311382), (0.3632662, 1.2309383), (0.3632662, 1.2306383), (0.3636662, 1.2324383), (0.3636662, 1.2327383), (0.35776624, 1.2322383), (0.35766622, 1.2319384), (0.35766622, 1.2316383), (0.3575662, 1.2314384), (0.35746625, 1.2311382), (0.35746625, 1.2309383), (0.35746625, 1.2306383), (0.35776624, 1.2327383), (0.35776624, 1.2324383), (0.35736623, 1.2320383), (0.35736623, 1.2322383), (0.35726622, 1.2317383), (0.35726622, 1.2314384), (0.3571662, 1.2312384), (0.3571662, 1.2309383), (0.3571662, 1.2306383), (0.35736623, 1.2327383), (0.35736623, 1.2324383), (0.35696623, 1.2322383), (0.35696623, 1.2320383), (0.35696623, 1.2317383), (0.35696623, 1.2314384), (0.35696623, 1.2312384), (0.3568662, 1.2309383), (0.3568662, 1.2306383), (0.35696623, 1.2327383), (0.35696623, 1.2325383), (0.35656622, 1.2322383), (0.35656622, 1.2320383), (0.35656622, 1.2317383), (0.35656622, 1.2314384), (0.35656622, 1.2312384), (0.35656622, 1.2309383), (0.35656622, 1.2307384), (0.35656622, 1.2325383), (0.35656622, 1.2327383), (0.3543662, 1.2322383), (0.3543662, 1.2320383), (0.3543662, 1.2317383), (0.3543662, 1.2314384), (0.3543662, 1.2312384), (0.3543662, 1.2309383), (0.3543662, 1.2307384), (0.3543662, 1.2327383), (0.3543662, 1.2325383), (0.3539662, 1.2320383), (0.3539662, 1.2322383), (0.3539662, 1.2317383), (0.3539662, 1.2314384), (0.35406622, 1.2312384), (0.35406622, 1.2309383), (0.35406622, 1.2306383), (0.3539662, 1.2327383), (0.3539662, 1.2325383), (0.3535662, 1.2322383), (0.3535662, 1.2320383), (0.35366622, 1.2317383), (0.35366622, 1.2314384), (0.35376623, 1.2312384), (0.35376623, 1.2309383), (0.35376623, 1.2306383), (0.3535662, 1.2327383), (0.3535662, 1.2324383), (0.35316625, 1.2322383), (0.3532662, 1.2319384), (0.3532662, 1.2316383), (0.35336623, 1.2314384), (0.35346624, 1.2311382), (0.35346624, 1.2309383), (0.35346624, 1.2306383), (0.35316625, 1.2324383), (0.35316625, 1.2327383), (0.34736624, 1.2322383), (0.3474662, 1.2319384), (0.3474662, 1.2317383), (0.34756622, 1.2314384), (0.34766623, 1.2311382), (0.34766623, 1.2309383), (0.34766623, 1.2306383), (0.34726623, 1.2327383), (0.34726623, 1.2324383), (0.34706625, 1.2318383), (0.34696624, 1.2321384), (0.3471662, 1.2316383), (0.34726623, 1.2313383), (0.34736624, 1.2311382), (0.34736624, 1.2308383), (0.3474662, 1.2305384), (0.34686622, 1.2325383), (0.34686622, 1.2323383), (0.34656623, 1.2319384), (0.34666625, 1.2317383), (0.34686622, 1.2315383), (0.34706625, 1.2313383), (0.3471662, 1.2310383), (0.3471662, 1.2308383), (0.3471662, 1.2305384), (0.3464662, 1.2324383), (0.3464662, 1.2321384), (0.34616622, 1.2317383), (0.3463662, 1.2315383), (0.34656623, 1.2312384), (0.3467662, 1.2311382), (0.34686622, 1.2309383), (0.34686622, 1.2308383), (0.34686622, 1.2305384), (0.3460662, 1.2321384), (0.3460662, 1.2323383), (0.40156624, 1.2260383), (0.4006662, 1.2260383), (0.4006662, 1.2249384), (0.40156624, 1.2249384), (0.39976624, 1.2260383), (0.39976624, 1.2249384), (0.3988662, 1.2260383), (0.3988662, 1.2249384), (0.39796624, 1.2260383), (0.39796624, 1.2249384), (0.3970662, 1.2260383), (0.3970662, 1.2249384), (0.39616624, 1.2260383), (0.39616624, 1.2249384), (0.3952662, 1.2260383), (0.3952662, 1.2249384), (0.39436623, 1.2260383), (0.39436623, 1.2249384), (0.40336624, 1.2260383), (0.4024662, 1.2260383), (0.4024662, 1.2249384), (0.40336624, 1.2249384), (0.3984662, 1.2184384), (0.39686623, 1.2184384), (0.3981662, 1.2175384), (0.3973662, 1.2170384), (0.39646623, 1.2170384), (0.3956662, 1.2175384), (0.39536622, 1.2184384), (0.3956662, 1.2193383), (0.39646623, 1.2199383), (0.3973662, 1.2199383), (0.3981662, 1.2193383), (0.25404072, 1.1851176), (0.25404072, 1.1954176), (0.25324076, 1.1955177), (0.25324076, 1.1849177), (0.2511407, 1.1813177), (0.24824077, 1.1813177), (0.24804074, 1.1794176), (0.25134075, 1.1794176), (0.25814074, 1.1950177), (0.25614077, 1.1951176), (0.25594074, 1.1848177), (0.25784075, 1.1845176), (0.24804074, 1.2079177), (0.25094074, 1.2079177), (0.2511407, 1.2098176), (0.24794072, 1.2098176), (0.24064076, 1.2018176), (0.24254072, 1.2013177), (0.24324071, 1.2046176), (0.24144071, 1.2053176), (0.25574076, 1.2046176), (0.25654072, 1.2013177), (0.25844073, 1.2018176), (0.25754076, 1.2053176), (0.24344075, 1.1848177), (0.24324071, 1.1951176), (0.24134076, 1.1950177), (0.24154073, 1.1845176), (0.26504076, 1.2128177), (0.26414073, 1.2129177), (0.26414073, 1.2120177), (0.26504076, 1.2120177), (0.26294076, 1.2117176), (0.26234072, 1.2125176), (0.26184076, 1.2107177), (0.26274073, 1.2104176), (0.26204073, 1.1814176), (0.26144075, 1.1822176), (0.26104075, 1.1803176), (0.26194072, 1.1801176), (0.27114075, 1.1817176), (0.27204072, 1.1817176), (0.27204072, 1.1825176), (0.27114075, 1.1825176), (0.27424073, 1.1802176), (0.27384073, 1.1821177), (0.27324075, 1.1813177), (0.27334076, 1.1801176), (0.27534074, 1.2107177), (0.2748407, 1.2125176), (0.27424073, 1.2117176), (0.27444077, 1.2104176), (0.24564075, 1.1798177), (0.24624074, 1.1817176), (0.24524075, 1.1820177), (0.24444073, 1.1803176), (0.25324076, 1.1817176), (0.25374073, 1.1798177), (0.25504076, 1.1803176), (0.25414073, 1.1820177), (0.25714076, 1.2065177), (0.2554407, 1.2057177), (0.24604076, 1.2076176), (0.24564075, 1.2094177), (0.24434072, 1.2090176), (0.24524075, 1.2073176), (0.24464077, 1.1824176), (0.24334073, 1.1810176), (0.24404073, 1.1830176), (0.24254072, 1.1819177), (0.24364072, 1.1837176), (0.24194074, 1.1830176), (0.25604075, 1.1810176), (0.25484073, 1.1824176), (0.25684077, 1.1819177), (0.25534075, 1.1830176), (0.25744075, 1.1830176), (0.25574076, 1.1837176), (0.25644076, 1.2076176), (0.25504076, 1.2064177), (0.25564075, 1.2084177), (0.25454074, 1.2069176), (0.25464076, 1.2090176), (0.25384074, 1.2073176), (0.25344074, 1.2094177), (0.2529407, 1.2076176), (0.24334073, 1.2084177), (0.24454075, 1.2069176), (0.24254072, 1.2076176), (0.24404073, 1.2064177), (0.24194074, 1.2065177), (0.24364072, 1.2057177), (0.25374073, 1.2068176), (0.2529407, 1.2071177), (0.2529407, 1.2067176), (0.25374073, 1.2065177), (0.2511407, 1.1819177), (0.24824077, 1.1819177), (0.25554073, 1.1953176), (0.25554073, 1.1849177), (0.24814075, 1.2074176), (0.25094074, 1.2074176), (0.24374074, 1.2045176), (0.24314076, 1.2011176), (0.25534075, 1.2045176), (0.25594074, 1.2011176), (0.24384075, 1.1849177), (0.24384075, 1.1953176), (0.26324075, 1.2120177), (0.26274073, 1.2129177), (0.26234072, 1.1817176), (0.26174074, 1.1825176), (0.27294075, 1.1817176), (0.27354074, 1.1825176), (0.27394074, 1.2120177), (0.27444077, 1.2129177), (0.24624074, 1.1822176), (0.24544072, 1.1825176), (0.25534075, 1.1839176), (0.24394071, 1.2054176), (0.24404073, 1.1839176), (0.24444073, 1.1833177), (0.24484074, 1.1828177), (0.25394076, 1.1825176), (0.25314075, 1.1822176), (0.25454074, 1.1828177), (0.25494075, 1.1833177), (0.24534076, 1.2068176), (0.24614072, 1.2071177), (0.24474072, 1.2065177), (0.24434072, 1.2061176), (0.25504076, 1.2054176), (0.25474072, 1.2061176), (0.25434077, 1.2065177), (0.25404072, 1.1833177), (0.25404072, 1.1840177), (0.25314075, 1.1839176), (0.25314075, 1.1831176), (0.25394076, 1.1828177), (0.25314075, 1.1826177), (0.25394076, 1.2042177), (0.25304073, 1.2043177), (0.25324076, 1.2009176), (0.25424075, 1.2009176), (0.25384074, 1.2053176), (0.2529407, 1.2054176), (0.25374073, 1.2060176), (0.2529407, 1.2061176), (0.24534076, 1.2065177), (0.24614072, 1.2067176), (0.24524075, 1.2060176), (0.24614072, 1.2061176), (0.24524075, 1.2053176), (0.24614072, 1.2054176), (0.24514073, 1.2042177), (0.24604076, 1.2043177), (0.24484074, 1.2009176), (0.24584073, 1.2009176), (0.26414073, 1.1825176), (0.26324075, 1.1825176), (0.26324075, 1.1817176), (0.26424074, 1.1817176), (0.2730407, 1.2120177), (0.2730407, 1.2129177), (0.27214074, 1.2128177), (0.27204072, 1.2120177), (0.24534076, 1.1851176), (0.24624074, 1.1849177), (0.24624074, 1.1955177), (0.24534076, 1.1954176), (0.24534076, 1.1840177), (0.24624074, 1.1839176), (0.24544072, 1.1833177), (0.24624074, 1.1831176), (0.24544072, 1.1828177), (0.24624074, 1.1826177), (0.24814075, 1.2070177), (0.25094074, 1.2070177), (0.24814075, 1.2064177), (0.25094074, 1.2064177), (0.24814075, 1.2056177), (0.25094074, 1.2056177), (0.24804074, 1.2045176), (0.25094074, 1.2045176), (0.24804074, 1.2007177), (0.25104076, 1.2007177), (0.26914072, 1.1825176), (0.26614076, 1.1825176), (0.26624072, 1.1817176), (0.26914072, 1.1817176), (0.27004075, 1.2120177), (0.27004075, 1.2129177), (0.26714075, 1.2129177), (0.26714075, 1.2120177), (0.24824077, 1.1847177), (0.2511407, 1.1847177), (0.2511407, 1.1955177), (0.24824077, 1.1955177), (0.24824077, 1.1836176), (0.2511407, 1.1836176), (0.24824077, 1.1828177), (0.2511407, 1.1828177), (0.24824077, 1.1823176), (0.2511407, 1.1823176), (0.24474072, 1.2060176), (0.24464077, 1.2053176), (0.24454075, 1.2043177), (0.24404073, 1.2010176), (0.2626407, 1.1825176), (0.2626407, 1.1817176), (0.27364075, 1.2129177), (0.27364075, 1.2120177), (0.24464077, 1.1850176), (0.24464077, 1.1954176), (0.24474072, 1.1840177), (0.24484074, 1.1833177), (0.25464076, 1.1833177), (0.25464076, 1.1840177), (0.25474072, 1.1850176), (0.25474072, 1.1954176), (0.26354074, 1.2129177), (0.26364076, 1.2120177), (0.27274072, 1.1825176), (0.27254075, 1.1817176), (0.25454074, 1.2043177), (0.25494075, 1.2010176), (0.25444072, 1.2053176), (0.25434077, 1.2060176), (0.18167725, 1.1933478), (0.18167725, 1.1908479), (0.18297729, 1.1910478), (0.18267724, 1.1934478), (0.18167725, 1.1878479), (0.18347725, 1.1879479), (0.18037727, 1.1909478), (0.17997727, 1.1879479), (0.18057725, 1.1933478), (0.18547729, 1.1951479), (0.18667725, 1.1926478), (0.18757728, 1.1932478), (0.18627724, 1.1957479), (0.18787727, 1.1897478), (0.18887725, 1.1902478), (0.18537727, 1.1919478), (0.18637726, 1.1890478), (0.18447724, 1.1942478), (0.17547724, 1.1896478), (0.17667726, 1.1925478), (0.17567727, 1.1930479), (0.17457727, 1.1900479), (0.17777726, 1.1950479), (0.17697725, 1.1956478), (0.17797723, 1.1918478), (0.17887726, 1.1941478), (0.17707726, 1.1888478), (0.18007728, 1.1970478), (0.18157724, 1.1972479), (0.18157724, 1.1982478), (0.17977723, 1.1979479), (0.18307725, 1.1970478), (0.18337724, 1.1979479), (0.18157724, 1.1959478), (0.18277726, 1.1957479), (0.18047729, 1.1957479), (0.18357727, 1.1953478), (0.18317726, 1.1947478), (0.18357727, 1.1936479), (0.18257728, 1.1947478), (0.17967728, 1.1952478), (0.18007728, 1.1946478), (0.18067726, 1.1947478), (0.17967728, 1.1936479), (0.18417725, 1.1913478), (0.18497726, 1.1884478), (0.17917725, 1.1913478), (0.17847726, 1.1883478), (0.18167725, 1.1947478), (0.18437728, 1.1964478), (0.18487725, 1.1971478), (0.17887726, 1.1963478), (0.17827728, 1.1971478), (0.20147726, 1.1711478), (0.20147726, 1.1714479), (0.20027724, 1.1716478), (0.20017728, 1.1713479), (0.19937727, 1.1721479), (0.19917724, 1.1718478), (0.19867727, 1.1729478), (0.19837728, 1.1728479), (0.19827726, 1.1743479), (0.19797727, 1.1743479), (0.19817725, 1.1753478), (0.19787726, 1.1753478), (0.20497724, 1.1753478), (0.20467725, 1.1753478), (0.20467725, 1.1743479), (0.20497724, 1.1743479), (0.20427725, 1.1729478), (0.20457724, 1.1728479), (0.20357725, 1.1721479), (0.20377728, 1.1718478), (0.20267728, 1.1716478), (0.20277724, 1.1713479), (0.17947724, 1.1786479), (0.17717728, 1.1786479), (0.17757729, 1.1760478), (0.17967728, 1.1761478), (0.17717728, 1.1817478), (0.17947724, 1.1817478), (0.18807724, 1.1786479), (0.18807724, 1.1817478), (0.18577728, 1.1817478), (0.18577728, 1.1786479), (0.18767723, 1.1760478), (0.18557724, 1.1761478), (0.18267724, 1.1721479), (0.18487725, 1.1724478), (0.18387726, 1.1740478), (0.18267724, 1.1738478), (0.18137726, 1.1740478), (0.18037727, 1.1724478), (0.18037727, 1.1747478), (0.17867729, 1.1735479), (0.18657729, 1.1735479), (0.18487725, 1.1747478), (0.17597726, 1.1762478), (0.17447725, 1.1787478), (0.17477724, 1.1772479), (0.17477724, 1.1804478), (0.17587724, 1.1814479), (0.19047728, 1.1804478), (0.18937728, 1.1814479), (0.19077727, 1.1787478), (0.18937728, 1.1762478), (0.19047728, 1.1772479), (0.19827726, 1.1758478), (0.19797727, 1.1759478), (0.20497724, 1.1759478), (0.20467725, 1.1758478), (0.19867727, 1.2346479), (0.19637725, 1.2346479), (0.19637725, 1.2340478), (0.19867727, 1.2340478), (0.19987729, 1.1893479), (0.20217726, 1.1893479), (0.20217726, 1.1898478), (0.19987729, 1.1898478), (0.20177725, 1.1818478), (0.20407727, 1.1818478), (0.20407727, 1.1824478), (0.20177725, 1.1824478), (0.19957724, 1.1818478), (0.19957724, 1.1824478), (0.19747725, 1.1818478), (0.19747725, 1.1824478), (0.19477728, 1.1818478), (0.19477728, 1.1824478), (0.20607725, 1.1818478), (0.20877728, 1.1818478), (0.20877728, 1.1824478), (0.20607725, 1.1824478), (0.19027725, 1.2340478), (0.19177726, 1.2340478), (0.19177726, 1.2346479), (0.19027725, 1.2346479), (0.19497725, 1.2340478), (0.19497725, 1.2346479), (0.19707724, 1.1898478), (0.19527724, 1.1898478), (0.19527724, 1.1893479), (0.19707724, 1.1893479), (0.19227728, 1.1898478), (0.19067726, 1.1898478), (0.19067726, 1.1893479), (0.19227728, 1.1893479), (0.18877724, 1.2340478), (0.18877724, 1.2346479), (0.18717727, 1.2340478), (0.18717727, 1.2346479), (0.19347724, 1.2340478), (0.19347724, 1.2346479), (0.19857726, 1.1898478), (0.19857726, 1.1893479), (0.19387725, 1.1898478), (0.19387725, 1.1893479), (0.40156624, 1.2260383), (0.4006662, 1.2260383), (0.4006662, 1.2249384), (0.40156624, 1.2249384), (0.39976624, 1.2260383), (0.39976624, 1.2249384), (0.3988662, 1.2260383), (0.3988662, 1.2249384), (0.39796624, 1.2260383), (0.39796624, 1.2249384), (0.3970662, 1.2260383), (0.3970662, 1.2249384), (0.39616624, 1.2260383), (0.39616624, 1.2249384), (0.3952662, 1.2260383), (0.3952662, 1.2249384), (0.39436623, 1.2260383), (0.39436623, 1.2249384), (0.40336624, 1.2260383), (0.4024662, 1.2260383), (0.4024662, 1.2249384), (0.40336624, 1.2249384), (0.3984662, 1.2184384), (0.39686623, 1.2184384), (0.3981662, 1.2175384), (0.3973662, 1.2170384), (0.39646623, 1.2170384), (0.3956662, 1.2175384), (0.39536622, 1.2184384), (0.3956662, 1.2193383), (0.39646623, 1.2199383), (0.3973662, 1.2199383), (0.3981662, 1.2193383), (4.2232823, 0.1732883), (3.2915387, 0.1732883), (3.2915387, 0.12261161), (4.2232823, 0.12261163), (3.4133801, 1.0617943), (3.3695168, 1.0569222), (4.1453037, 1.0569222), (4.101441, 1.0617943), (3.2915387, 0.85359), (3.2915387, 0.6838432), (4.2232823, 0.68384665), (4.2232823, 0.85359), (3.2915387, 0.06658519), (4.2232823, 0.06658526), (0.9093854, -0.5565273), (0.88876414, -0.55652785), (0.88876414, -0.80979455), (0.9093854, -0.8098012), (0.9093854, -1.1645105), (0.8887404, -1.1644804), (0.8887404, -1.1831478), (0.9093854, -1.1831478), (0.9093853, -0.20181853), (0.88875866, -0.20181516), (0.88875866, -0.3897702), (0.9093854, -0.38975418), (0.8887622, -0.88230246), (0.8887622, -0.9076127), (0.9093854, -0.9076127), (0.9093854, -0.88230246), (0.9093854, -0.45870307), (0.8887621, -0.45870307), (0.8887621, -0.48402643), (0.9093854, -0.48402643), (0.9093854, -0.91409254), (0.8887404, -0.91410816), (0.8887404, -0.9765803), (0.9093854, -0.97657603), (0.88875866, -0.45224184), (0.9093854, -0.4522364), (3.2973223, 0.061794322), (4.217499, 0.06179442), (0.8866169, -1.1635691), (0.8866169, -1.1813349), (0.8866169, -0.9141238), (0.8866169, -0.9765846), (0.88657427, -0.88227695), (0.88657427, -0.90759337), (0.88663834, -0.55781466), (0.88657427, -0.8090934), (0.88663834, -0.45870307), (0.88663834, -0.48409212), (0.8866993, -0.38978624), (0.8866993, -0.45224726), (0.8866993, -0.20260397), (0.9093854, -0.5402821), (0.8887622, -0.5402821), (0.8887622, -0.82604647), (0.9093854, -0.82604647), (0.88657427, -0.86601704), (0.8887622, -0.8660572), (0.88663834, -0.54032516), (0.9093854, -0.52661926), (0.8887622, -0.52661926), (0.9093854, -0.51393414), (0.8887621, -0.51393414), (0.9093854, -0.50027186), (0.8887621, -0.50027186), (0.8887622, -0.8397093), (0.9093854, -0.8397093), (0.8887622, -0.85239434), (0.9093854, -0.85239434), (0.9093854, -0.8660572), (0.88657427, -0.85242504), (0.88657427, -0.8395864), (0.88657427, -0.8260646), (0.88663834, -0.5264978), (0.88663834, -0.5137802), (0.88663834, -0.5002816), (4.2232823, 0.87119347), (3.2915387, 0.87119347), (3.2987251, 0.8623917), (4.216096, 0.8623917), (0.8914074, -0.9108526), (0.9067402, -0.9108526), (0.9067401, -0.45547634), (0.8914074, -0.45547634), (0.8618823, -0.90361476), (0.86773896, -0.90361476), (0.86046183, -0.89470184), (0.8546052, -0.89470184), (0.86773896, -0.8857889), (0.8618823, -0.8857889), (0.84706056, -0.43750045), (0.8368195, -0.43750045), (0.8495443, -0.4530855), (0.85979116, -0.4530855), (0.8368195, -0.46867055), (0.84706056, -0.46867055), (0.88876146, -0.1831238), (0.9093853, -0.18316448), (0.88670385, -0.1850638), (0.8478746, -0.9765846), (0.8478746, -1.1635691), (4.2232823, 0.93995273), (3.2915387, 0.93995273), (4.2184067, 0.9838159), (3.2964106, 0.9838159), (4.203787, 1.0179312), (3.3110342, 1.0179312), (4.179419, 1.0422988), (3.3354015, 1.0422988), (0.40156624, 1.2260383), (0.4006662, 1.2260383), (0.4006662, 1.2249384), (0.40156624, 1.2249384), (0.39976624, 1.2260383), (0.39976624, 1.2249384), (0.3988662, 1.2260383), (0.3988662, 1.2249384), (0.39796624, 1.2260383), (0.39796624, 1.2249384), (0.3970662, 1.2260383), (0.3970662, 1.2249384), (0.39616624, 1.2260383), (0.39616624, 1.2249384), (0.3952662, 1.2260383), (0.3952662, 1.2249384), (0.39436623, 1.2260383), (0.39436623, 1.2249384), (0.40336624, 1.2260383), (0.4024662, 1.2260383), (0.4024662, 1.2249384), (0.40336624, 1.2249384), (0.3984662, 1.2184384), (0.39686623, 1.2184384), (0.3981662, 1.2175384), (0.3973662, 1.2170384), (0.39646623, 1.2170384), (0.3956662, 1.2175384), (0.39536622, 1.2184384), (0.3956662, 1.2193383), (0.39646623, 1.2199383), (0.3973662, 1.2199383), (0.3981662, 1.2193383), (0.40156624, 1.2260383), (0.4006662, 1.2260383), (0.4006662, 1.2249384), (0.40156624, 1.2249384), (0.39976624, 1.2260383), (0.39976624, 1.2249384), (0.3988662, 1.2260383), (0.3988662, 1.2249384), (0.39796624, 1.2260383), (0.39796624, 1.2249384), (0.3970662, 1.2260383), (0.3970662, 1.2249384), (0.39616624, 1.2260383), (0.39616624, 1.2249384), (0.3952662, 1.2260383), (0.3952662, 1.2249384), (0.39436623, 1.2260383), (0.39436623, 1.2249384), (0.40336624, 1.2260383), (0.4024662, 1.2260383), (0.4024662, 1.2249384), (0.40336624, 1.2249384), (0.3984662, 1.2184384), (0.39686623, 1.2184384), (0.3981662, 1.2175384), (0.3973662, 1.2170384), (0.39646623, 1.2170384), (0.3956662, 1.2175384), (0.39536622, 1.2184384), (0.3956662, 1.2193383), (0.39646623, 1.2199383), (0.3973662, 1.2199383), (0.3981662, 1.2193383), (0.39516795, 1.0995772), (0.39516795, 1.0973771), (0.4574679, 1.0973771), (0.4574679, 1.0995772), (0.4574679, 1.0945771), (0.39516795, 1.0945771), (0.39516795, 1.0923772), (0.4574679, 1.0923772), (0.39516795, 1.107377), (0.40236795, 1.107377), (0.40236795, 1.1096771), (0.39516795, 1.1096771), (0.39516795, 1.0795772), (0.39516795, 1.0724771), (0.4574679, 1.0724771), (0.4574679, 1.0795772), (0.40236795, 1.1045771), (0.39516795, 1.1045771), (0.39516795, 1.1023772), (0.40236795, 1.1023772), (0.4574679, 1.0823772), (0.4574679, 1.0895772), (0.39516795, 1.0895772), (0.39516795, 1.0823772), (0.39516795, 1.0995772), (0.39516795, 1.0973771), (0.4574679, 1.0973771), (0.4574679, 1.0995772), (0.4574679, 1.0945771), (0.39516795, 1.0945771), (0.39516795, 1.0923772), (0.4574679, 1.0923772), (0.39516795, 1.107377), (0.40236795, 1.107377), (0.40236795, 1.1096771), (0.39516795, 1.1096771), (0.39516795, 1.0795772), (0.39516795, 1.0724771), (0.4574679, 1.0724771), (0.4574679, 1.0795772), (0.40236795, 1.1045771), (0.39516795, 1.1045771), (0.39516795, 1.1023772), (0.40236795, 1.1023772), (0.4574679, 1.0823772), (0.4574679, 1.0895772), (0.39516795, 1.0895772), (0.39516795, 1.0823772), (0.39516795, 1.0995772), (0.39516795, 1.0973771), (0.4574679, 1.0973771), (0.4574679, 1.0995772), (0.4574679, 1.0945771), (0.39516795, 1.0945771), (0.39516795, 1.0923772), (0.4574679, 1.0923772), (0.39516795, 1.107377), (0.40236795, 1.107377), (0.40236795, 1.1096771), (0.39516795, 1.1096771), (0.39516795, 1.0795772), (0.39516795, 1.0724771), (0.4574679, 1.0724771), (0.4574679, 1.0795772), (0.40236795, 1.1045771), (0.39516795, 1.1045771), (0.39516795, 1.1023772), (0.40236795, 1.1023772), (0.4574679, 1.0823772), (0.4574679, 1.0895772), (0.39516795, 1.0895772), (0.39516795, 1.0823772), (4.2232823, 0.1732883), (3.2915387, 0.1732883), (3.2915387, 0.12261161), (4.2232823, 0.12261163), (3.4133801, 1.0617943), (3.3695168, 1.0569222), (4.1453037, 1.0569222), (4.101441, 1.0617943), (3.2915387, 0.85359), (3.2915387, 0.6838432), (4.2232823, 0.68384665), (4.2232823, 0.85359), (3.2915387, 0.06658519), (4.2232823, 0.06658526), (0.9093854, -0.5565273), (0.88876414, -0.55652785), (0.88876414, -0.80979455), (0.9093854, -0.8098012), (0.9093854, -1.1645105), (0.8887404, -1.1644804), (0.8887404, -1.1831478), (0.9093854, -1.1831478), (0.9093853, -0.20181853), (0.88875866, -0.20181516), (0.88875866, -0.3897702), (0.9093854, -0.38975418), (0.8887622, -0.88230246), (0.8887622, -0.9076127), (0.9093854, -0.9076127), (0.9093854, -0.88230246), (0.9093854, -0.45870307), (0.8887621, -0.45870307), (0.8887621, -0.48402643), (0.9093854, -0.48402643), (0.9093854, -0.91409254), (0.8887404, -0.91410816), (0.8887404, -0.9765803), (0.9093854, -0.97657603), (0.88875866, -0.45224184), (0.9093854, -0.4522364), (3.2973223, 0.061794322), (4.217499, 0.06179442), (0.8866169, -1.1635691), (0.8866169, -1.1813349), (0.8866169, -0.9141238), (0.8866169, -0.9765846), (0.88657427, -0.88227695), (0.88657427, -0.90759337), (0.88663834, -0.55781466), (0.88657427, -0.8090934), (0.88663834, -0.45870307), (0.88663834, -0.48409212), (0.8866993, -0.38978624), (0.8866993, -0.45224726), (0.8866993, -0.20260397), (0.9093854, -0.5402821), (0.8887622, -0.5402821), (0.8887622, -0.82604647), (0.9093854, -0.82604647), (0.88657427, -0.86601704), (0.8887622, -0.8660572), (0.88663834, -0.54032516), (0.9093854, -0.52661926), (0.8887622, -0.52661926), (0.9093854, -0.51393414), (0.8887621, -0.51393414), (0.9093854, -0.50027186), (0.8887621, -0.50027186), (0.8887622, -0.8397093), (0.9093854, -0.8397093), (0.8887622, -0.85239434), (0.9093854, -0.85239434), (0.9093854, -0.8660572), (0.88657427, -0.85242504), (0.88657427, -0.8395864), (0.88657427, -0.8260646), (0.88663834, -0.5264978), (0.88663834, -0.5137802), (0.88663834, -0.5002816), (4.2232823, 0.87119347), (3.2915387, 0.87119347), (3.2987251, 0.8623917), (4.216096, 0.8623917), (0.8914074, -0.9108526), (0.9067402, -0.9108526), (0.9067401, -0.45547634), (0.8914074, -0.45547634), (0.8618823, -0.90361476), (0.86773896, -0.90361476), (0.86046183, -0.89470184), (0.8546052, -0.89470184), (0.86773896, -0.8857889), (0.8618823, -0.8857889), (0.84706056, -0.43750045), (0.8368195, -0.43750045), (0.8495443, -0.4530855), (0.85979116, -0.4530855), (0.8368195, -0.46867055), (0.84706056, -0.46867055), (0.88876146, -0.1831238), (0.9093853, -0.18316448), (0.88670385, -0.1850638), (0.8478746, -0.9765846), (0.8478746, -1.1635691), (4.2232823, 0.93995273), (3.2915387, 0.93995273), (4.2184067, 0.9838159), (3.2964106, 0.9838159), (4.203787, 1.0179312), (3.3110342, 1.0179312), (4.179419, 1.0422988), (3.3354015, 1.0422988), (0.40156624, 1.2260383), (0.4006662, 1.2260383), (0.4006662, 1.2249384), (0.40156624, 1.2249384), (0.39976624, 1.2260383), (0.39976624, 1.2249384), (0.3988662, 1.2260383), (0.3988662, 1.2249384), (0.39796624, 1.2260383), (0.39796624, 1.2249384), (0.3970662, 1.2260383), (0.3970662, 1.2249384), (0.39616624, 1.2260383), (0.39616624, 1.2249384), (0.3952662, 1.2260383), (0.3952662, 1.2249384), (0.39436623, 1.2260383), (0.39436623, 1.2249384), (0.40336624, 1.2260383), (0.4024662, 1.2260383), (0.4024662, 1.2249384), (0.40336624, 1.2249384), (0.3984662, 1.2184384), (0.39686623, 1.2184384), (0.3981662, 1.2175384), (0.3973662, 1.2170384), (0.39646623, 1.2170384), (0.3956662, 1.2175384), (0.39536622, 1.2184384), (0.3956662, 1.2193383), (0.39646623, 1.2199383), (0.3973662, 1.2199383), (0.3981662, 1.2193383), (0.40156624, 1.2260383), (0.4006662, 1.2260383), (0.4006662, 1.2249384), (0.40156624, 1.2249384), (0.39976624, 1.2260383), (0.39976624, 1.2249384), (0.3988662, 1.2260383), (0.3988662, 1.2249384), (0.39796624, 1.2260383), (0.39796624, 1.2249384), (0.3970662, 1.2260383), (0.3970662, 1.2249384), (0.39616624, 1.2260383), (0.39616624, 1.2249384), (0.3952662, 1.2260383), (0.3952662, 1.2249384), (0.39436623, 1.2260383), (0.39436623, 1.2249384), (0.40336624, 1.2260383), (0.4024662, 1.2260383), (0.4024662, 1.2249384), (0.40336624, 1.2249384), (0.3984662, 1.2184384), (0.39686623, 1.2184384), (0.3981662, 1.2175384), (0.3973662, 1.2170384), (0.39646623, 1.2170384), (0.3956662, 1.2175384), (0.39536622, 1.2184384), (0.3956662, 1.2193383), (0.39646623, 1.2199383), (0.3973662, 1.2199383), (0.3981662, 1.2193383), (0.0069, 0.954), (0.0069, 0.9386), (0.162, 0.9386), (0.162, 0.954), (0.2216, 0.741), (0.3768, 0.741), (0.3768, 0.8335), (0.2216, 0.8335), (0.9893, 0.5091), (0.9893, 0.5245), (0.8968, 0.5245), (0.8968, 0.5091), (0.8743, 0.5104), (0.8743, 0.5258), (0.7819, 0.5258), (0.7819, 0.5104), (0.1613, 0.981), (0.0069, 0.981), (0.007, 0.9659), (0.1612, 0.9659), (0.0095, 0.9294), (0.0096, 0.8373), (0.1639, 0.8373), (0.164, 0.9294), (0.1745, 0.8425), (0.2666, 0.8426), (0.2666, 0.8576), (0.1746, 0.8576), (0.3934, 0.8351), (0.4854, 0.8351), (0.4854, 0.8501), (0.3933, 0.8502), (0.0073, 0.9928), (0.1616, 0.9928), (0.162, 0.9932), (0.0069, 0.9932), (0.3937, 0.7961), (0.4858, 0.7959), (0.4858, 0.7965), (0.3933, 0.7965), (0.4865, 0.782), (0.3944, 0.7818), (0.394, 0.7814), (0.4865, 0.7814), (0.9685, 0.7017), (0.9666, 0.7017), (0.9666, 0.5416), (0.9685, 0.5416), (0.9821, 0.5412), (0.9861, 0.5412), (0.9861, 0.7014), (0.9821, 0.7014), (0.9703, 0.5416), (0.9703, 0.7017), (0.9879, 0.5412), (0.9879, 0.7014), (0.96, 0.7014), (0.96, 0.5413), (0.9618, 0.5413), (0.9618, 0.7014), (0.975, 0.7012), (0.975, 0.541), (0.9788, 0.541), (0.9788, 0.7012), (0.9633, 0.7014), (0.9633, 0.5413), (0.9735, 0.7012), (0.9735, 0.541), (0.9457, 0.548), (0.9473, 0.5471), (0.9476, 0.5476), (0.946, 0.5485), (0.9397, 0.5425), (0.9382, 0.5416), (0.9385, 0.5411), (0.9401, 0.5421), (0.9479, 0.5447), (0.9459, 0.5414), (0.9464, 0.541), (0.9484, 0.5444), (0.9561, 0.7007), (0.9561, 0.5406), (0.9567, 0.5406), (0.9567, 0.7007), (0.9381, 0.5482), (0.9403, 0.545), (0.9408, 0.5453), (0.9386, 0.5486), (0.9407, 0.5436), (0.9413, 0.5435), (0.9482, 0.5461), (0.9488, 0.5462), (0.9252, 0.3313), (0.9252, 0.4986), (0.9239, 0.4986), (0.9239, 0.3313), (0.9519, 0.3313), (0.9519, 0.4986), (0.9224, 0.4986), (0.9224, 0.3313), (0.9264, 0.3313), (0.9264, 0.4986), (0.9154, 0.4986), (0.9145, 0.4986), (0.9145, 0.3313), (0.9154, 0.3313), (0.9778, 0.4986), (0.9574, 0.4986), (0.9574, 0.3313), (0.9778, 0.3313), (0.9169, 0.4986), (0.9169, 0.3313), (0.9133, 0.3313), (0.9133, 0.4986), (0.8943, 0.3333), (0.8947, 0.3325), (0.8955, 0.3325), (0.8949, 0.3337), (0.8856, 0.3326), (0.886, 0.3334), (0.8854, 0.3337), (0.8849, 0.3325), (0.9016, 0.3313), (0.9016, 0.4986), (0.901, 0.4986), (0.901, 0.3313), (0.8945, 0.3544), (0.8929, 0.3339), (0.8935, 0.3343), (0.8951, 0.3544), (0.8874, 0.334), (0.8858, 0.3544), (0.8852, 0.3544), (0.8868, 0.3344), (0.9078, 0.3313), (0.9078, 0.4986), (0.9071, 0.4986), (0.9071, 0.3313), (0.8857, 0.3313), (0.8849, 0.3313), (0.8947, 0.3313), (0.8955, 0.3313), (0.879, 0.2752), (0.9477, 0.2752), (0.9477, 0.2806), (0.879, 0.2806), (0.9477, 0.293), (0.879, 0.293), (0.879, 0.2921), (0.9477, 0.2921), (0.879, 0.289), (0.9477, 0.289), (0.9477, 0.29), (0.879, 0.29), (0.879, 0.2838), (0.879, 0.2826), (0.9477, 0.2826), (0.9477, 0.2838), (0.9477, 0.2858), (0.9477, 0.287), (0.879, 0.287), (0.879, 0.2858), (0.8849, 0.3009), (0.8791, 0.3009), (0.8793, 0.3007), (0.8847, 0.3007), (0.879, 0.2997), (0.8793, 0.2997), (0.9477, 0.2954), (0.879, 0.2954), (0.879, 0.2951), (0.9477, 0.2951), (0.879, 0.2974), (0.9477, 0.2974), (0.9477, 0.2977), (0.879, 0.2977), (0.885, 0.2997), (0.8847, 0.2997), (0.8852496, 0.35377988), (0.93252015, 0.4986), (0.93252015, 0.3313), (0.89505035, 0.3537768), (0.879, 0.2806), (0.9477, 0.2806), (0.9477, 0.2752), (0.879, 0.2752), (0.879, 0.2921), (0.879, 0.293), (0.9477, 0.293), (0.9477, 0.2921), (0.879, 0.289), (0.879, 0.29), (0.9477, 0.29), (0.9477, 0.289), (0.879, 0.2838), (0.9477, 0.2838), (0.9477, 0.2826), (0.879, 0.2826), (0.879, 0.287), (0.9477, 0.287), (0.9477, 0.2858), (0.879, 0.2858), (0.8849, 0.3009), (0.8847, 0.3007), (0.8793, 0.3007), (0.8791, 0.3009), (0.8793, 0.2997), (0.879, 0.2997), (0.9477, 0.2951), (0.879, 0.2951), (0.879, 0.2954), (0.9477, 0.2954), (0.9477, 0.2974), (0.879, 0.2974), (0.879, 0.2977), (0.9477, 0.2977), (0.885, 0.2997), (0.8847, 0.2997), (0.879, 0.2806), (0.9477, 0.2806), (0.9477, 0.2752), (0.879, 0.2752), (0.879, 0.2921), (0.879, 0.293), (0.9477, 0.293), (0.9477, 0.2921), (0.879, 0.289), (0.879, 0.29), (0.9477, 0.29), (0.9477, 0.289), (0.879, 0.2838), (0.9477, 0.2838), (0.9477, 0.2826), (0.879, 0.2826), (0.879, 0.287), (0.9477, 0.287), (0.9477, 0.2858), (0.879, 0.2858), (0.8849, 0.3009), (0.8847, 0.3007), (0.8793, 0.3007), (0.8791, 0.3009), (0.8793, 0.2997), (0.879, 0.2997), (0.9477, 0.2951), (0.879, 0.2951), (0.879, 0.2954), (0.9477, 0.2954), (0.9477, 0.2974), (0.879, 0.2974), (0.879, 0.2977), (0.9477, 0.2977), (0.885, 0.2997), (0.8847, 0.2997)] (
                    interpolation = "faceVarying"
                )
                int[] primvars:st_1:indices = [5, 1234, 1235, 10, 3, 1236, 1237, 2, 0, 1238, 1234, 5, 6, 7, 8, 9, 1239, 1, 10, 1235, 1241, 12, 96, 1240, 13, 14, 15, 16, 17, 1242, 1243, 105, 19, 20, 1245, 1244, 21, 22, 118, 23, 1246, 1247, 24, 137, 8, 25, 26, 9, 29, 28, 30, 27, 31, 32, 33, 34, 35, 36, 37, 38, 41, 42, 128, 102, 44, 45, 93, 92, 47, 48, 49, 50, 37, 51, 52, 38, 25, 54, 127, 26, 32, 57, 58, 33, 60, 61, 49, 48, 42, 41, 66, 67, 28, 134, 71, 30, 45, 73, 74, 93, 76, 77, 51, 37, 36, 79, 76, 37, 28, 29, 81, 80, 2, 1237, 1248, 82, 27, 30, 84, 83, 1236, 3, 85, 1249, 86, 66, 41, 40, 87, 134, 28, 80, 80, 81, 89, 88, 88, 89, 91, 90, 90, 91, 46, 43, 43, 46, 92, 93, 82, 1248, 1251, 94, 94, 1251, 1252, 95, 95, 1252, 1253, 11, 11, 1253, 1240, 96, 83, 84, 98, 97, 97, 98, 100, 99, 99, 100, 40, 39, 39, 40, 41, 102, 1249, 85, 103, 1254, 1254, 103, 104, 1255, 1255, 104, 18, 1250, 1250, 18, 105, 1243, 106, 86, 40, 100, 106, 100, 98, 107, 107, 98, 84, 108, 108, 84, 30, 71, 109, 87, 80, 88, 110, 109, 88, 90, 110, 90, 43, 111, 111, 43, 93, 74, 12, 1241, 1256, 112, 113, 114, 116, 115, 1242, 17, 117, 1257, 1245, 20, 112, 1256, 21, 23, 115, 116, 24, 1247, 1257, 117, 128, 42, 130, 131, 45, 44, 132, 133, 48, 47, 131, 130, 52, 51, 133, 132, 64, 69, 70, 72, 70, 75, 78, 72, 56, 59, 62, 63, 62, 65, 68, 63, 22, 7, 6, 118, 137, 1, 1239, 1246, 49, 32, 31, 50, 53, 36, 35, 135, 61, 57, 32, 49, 36, 53, 55, 79, 1244, 1258, 136, 19, 0, 4, 1259, 1238, 61, 101, 129, 57, 114, 113, 119, 120, 119, 121, 122, 120, 121, 123, 124, 122, 123, 125, 126, 124, 125, 15, 14, 126, 139, 140, 141, 138, 142, 143, 140, 139, 144, 145, 143, 142, 146, 147, 145, 144, 148, 149, 147, 146, 150, 151, 149, 148, 152, 153, 151, 150, 154, 155, 153, 152, 156, 157, 155, 154, 158, 159, 157, 156, 160, 161, 159, 158, 162, 163, 161, 160, 164, 165, 163, 162, 167, 168, 169, 166, 170, 171, 168, 167, 172, 173, 171, 170, 174, 175, 173, 172, 138, 141, 175, 174, 177, 178, 179, 176, 180, 181, 178, 177, 182, 183, 181, 180, 184, 185, 183, 182, 186, 187, 185, 184, 188, 189, 187, 186, 190, 191, 189, 188, 192, 193, 191, 190, 194, 195, 193, 192, 196, 197, 195, 194, 198, 199, 197, 196, 200, 201, 199, 198, 202, 203, 201, 200, 205, 206, 207, 204, 208, 209, 206, 205, 210, 211, 209, 208, 212, 213, 211, 210, 176, 179, 213, 212, 214, 215, 216, 215, 217, 216, 217, 218, 216, 218, 219, 216, 219, 220, 216, 220, 221, 216, 221, 222, 216, 222, 223, 216, 223, 224, 216, 224, 225, 216, 225, 226, 216, 226, 227, 216, 227, 228, 216, 229, 230, 216, 230, 231, 216, 231, 214, 216, 233, 234, 235, 232, 237, 238, 239, 236, 241, 242, 243, 240, 244, 245, 243, 242, 247, 248, 249, 246, 250, 251, 252, 253, 254, 250, 253, 255, 232, 235, 257, 256, 256, 257, 259, 258, 240, 243, 260, 261, 262, 263, 258, 259, 250, 264, 265, 251, 266, 267, 268, 269, 270, 271, 273, 274, 275, 272, 276, 277, 278, 279, 279, 278, 280, 281, 282, 283, 284, 285, 280, 286, 287, 281, 284, 273, 272, 285, 261, 260, 289, 288, 290, 291, 263, 262, 292, 265, 264, 293, 283, 282, 266, 268, 286, 269, 271, 287, 295, 296, 297, 294, 298, 299, 234, 233, 275, 274, 300, 301, 303, 304, 305, 302, 276, 306, 307, 277, 275, 233, 232, 272, 279, 235, 234, 276, 289, 237, 236, 288, 293, 239, 238, 292, 309, 247, 246, 308, 311, 249, 248, 310, 272, 232, 256, 285, 281, 257, 235, 279, 285, 256, 258, 282, 287, 259, 257, 281, 271, 262, 259, 287, 282, 258, 263, 266, 270, 290, 262, 271, 266, 263, 291, 267, 312, 313, 295, 294, 296, 314, 315, 297, 301, 298, 233, 275, 276, 234, 299, 306, 317, 303, 302, 316, 319, 305, 304, 318, 321, 322, 323, 320, 325, 326, 327, 324, 329, 330, 331, 328, 333, 334, 335, 332, 337, 338, 339, 336, 326, 340, 341, 327, 330, 342, 343, 331, 334, 344, 345, 335, 339, 338, 346, 347, 340, 348, 349, 341, 342, 350, 351, 343, 344, 352, 353, 345, 347, 346, 354, 355, 348, 356, 357, 349, 358, 359, 349, 357, 352, 360, 361, 353, 362, 363, 353, 361, 322, 321, 365, 364, 366, 320, 323, 367, 350, 364, 365, 351, 366, 367, 355, 354, 369, 370, 371, 368, 373, 374, 375, 372, 377, 378, 379, 376, 381, 382, 383, 380, 385, 386, 387, 384, 388, 389, 390, 391, 392, 393, 389, 388, 394, 395, 393, 392, 396, 397, 395, 394, 399, 397, 396, 398, 401, 399, 398, 400, 403, 404, 405, 402, 390, 403, 402, 391, 388, 391, 407, 406, 392, 388, 406, 408, 394, 392, 408, 409, 396, 394, 409, 410, 398, 396, 410, 411, 400, 398, 411, 412, 402, 405, 414, 413, 391, 402, 413, 407, 406, 407, 416, 415, 408, 406, 415, 417, 409, 408, 417, 418, 410, 409, 418, 419, 420, 411, 410, 419, 421, 412, 411, 420, 422, 413, 414, 423, 416, 407, 413, 422, 415, 416, 425, 424, 417, 415, 424, 426, 418, 417, 426, 427, 419, 418, 427, 428, 420, 419, 428, 429, 421, 420, 429, 430, 422, 423, 432, 431, 416, 422, 431, 425, 433, 424, 425, 434, 435, 426, 424, 433, 436, 427, 426, 435, 437, 428, 427, 436, 429, 428, 437, 438, 430, 429, 438, 439, 431, 432, 441, 440, 425, 431, 440, 434, 433, 434, 443, 442, 435, 433, 442, 444, 436, 435, 444, 445, 437, 436, 445, 446, 438, 437, 446, 447, 439, 438, 447, 448, 440, 441, 450, 449, 434, 440, 449, 443, 442, 443, 452, 451, 444, 442, 451, 453, 445, 444, 453, 454, 446, 445, 454, 455, 456, 447, 446, 455, 457, 448, 447, 456, 458, 449, 450, 459, 452, 443, 449, 458, 451, 452, 461, 460, 453, 451, 460, 462, 454, 453, 462, 463, 455, 454, 463, 464, 456, 455, 464, 465, 457, 456, 465, 466, 458, 459, 468, 467, 452, 458, 467, 461, 469, 460, 461, 470, 471, 462, 460, 469, 472, 463, 462, 471, 473, 464, 463, 472, 465, 464, 473, 474, 466, 465, 474, 475, 467, 468, 477, 476, 461, 467, 476, 470, 469, 470, 479, 478, 471, 469, 478, 480, 472, 471, 480, 481, 473, 472, 481, 482, 474, 473, 482, 483, 475, 474, 483, 484, 476, 477, 486, 485, 470, 476, 485, 479, 478, 479, 488, 487, 480, 478, 487, 489, 481, 480, 489, 490, 482, 481, 490, 491, 492, 483, 482, 491, 493, 484, 483, 492, 494, 485, 486, 495, 488, 479, 485, 494, 487, 488, 497, 496, 489, 487, 496, 498, 490, 489, 498, 499, 491, 490, 499, 500, 492, 491, 500, 501, 493, 492, 501, 502, 494, 495, 504, 503, 488, 494, 503, 497, 505, 496, 497, 506, 507, 498, 496, 505, 508, 499, 498, 507, 509, 500, 499, 508, 501, 500, 509, 510, 502, 501, 510, 511, 503, 504, 513, 512, 497, 503, 512, 506, 505, 506, 515, 514, 507, 505, 514, 516, 508, 507, 516, 517, 509, 508, 517, 518, 510, 509, 518, 519, 511, 510, 519, 520, 512, 513, 522, 521, 506, 512, 521, 515, 514, 515, 524, 523, 516, 514, 523, 525, 517, 516, 525, 526, 518, 517, 526, 527, 528, 519, 518, 527, 529, 520, 519, 528, 530, 521, 522, 531, 524, 515, 521, 530, 533, 534, 535, 532, 535, 534, 537, 536, 537, 534, 539, 538, 539, 534, 533, 540, 542, 543, 544, 541, 544, 543, 546, 545, 546, 543, 548, 547, 548, 543, 542, 549, 551, 552, 553, 550, 553, 552, 555, 554, 555, 552, 557, 556, 557, 552, 551, 558, 560, 561, 562, 559, 562, 561, 564, 563, 564, 561, 566, 565, 566, 561, 560, 567, 549, 568, 569, 570, 532, 570, 569, 571, 565, 571, 569, 568, 567, 572, 573, 574, 540, 574, 573, 575, 556, 575, 573, 572, 535, 576, 570, 532, 570, 576, 548, 549, 548, 576, 577, 547, 577, 576, 535, 536, 539, 578, 579, 538, 579, 578, 557, 558, 557, 578, 575, 556, 575, 578, 539, 540, 533, 580, 574, 540, 574, 580, 566, 567, 566, 580, 571, 565, 571, 580, 533, 532, 542, 581, 568, 549, 568, 581, 564, 565, 564, 581, 582, 563, 582, 581, 542, 541, 555, 583, 584, 554, 584, 583, 560, 559, 560, 583, 572, 567, 572, 583, 555, 556, 585, 586, 587, 588, 588, 587, 589, 590, 589, 591, 592, 590, 591, 593, 594, 592, 593, 595, 596, 594, 597, 598, 599, 600, 600, 599, 601, 602, 602, 601, 603, 604, 603, 605, 606, 604, 605, 586, 585, 606, 607, 608, 609, 610, 612, 608, 607, 611, 614, 615, 616, 613, 618, 614, 613, 617, 620, 621, 622, 619, 623, 624, 620, 619, 625, 626, 624, 623, 610, 609, 626, 625, 628, 618, 617, 627, 621, 628, 627, 622, 630, 609, 631, 629, 608, 631, 609, 633, 631, 612, 632, 612, 631, 608, 634, 635, 615, 636, 614, 636, 615, 637, 638, 636, 618, 614, 618, 636, 639, 640, 596, 595, 641, 642, 598, 597, 644, 645, 646, 643, 648, 649, 650, 647, 652, 653, 654, 651, 656, 652, 651, 655, 658, 656, 655, 657, 660, 658, 657, 659, 662, 663, 664, 661, 653, 662, 661, 654, 666, 667, 668, 665, 670, 646, 645, 669, 672, 673, 674, 671, 676, 677, 678, 675, 680, 666, 665, 679, 682, 680, 679, 681, 684, 670, 669, 683, 667, 684, 683, 668, 686, 672, 671, 685, 647, 686, 685, 648, 688, 676, 675, 687, 673, 688, 687, 674, 690, 691, 692, 689, 691, 693, 694, 692, 693, 695, 696, 694, 695, 697, 698, 696, 697, 699, 700, 698, 699, 701, 702, 700, 701, 703, 704, 702, 703, 705, 706, 704, 708, 709, 710, 707, 709, 690, 689, 710, 711, 712, 713, 713, 712, 714, 714, 712, 715, 715, 712, 716, 716, 712, 717, 717, 712, 718, 718, 712, 719, 719, 712, 720, 720, 712, 721, 721, 712, 711, 983, 984, 985, 982, 987, 988, 989, 986, 991, 992, 993, 990, 995, 996, 997, 994, 999, 1000, 1001, 998, 1003, 1004, 1005, 1002, 690, 691, 692, 689, 691, 693, 694, 692, 693, 695, 696, 694, 695, 697, 698, 696, 697, 699, 700, 698, 699, 701, 702, 700, 701, 703, 704, 702, 703, 705, 706, 704, 708, 709, 710, 707, 709, 690, 689, 710, 711, 712, 713, 713, 712, 714, 714, 712, 715, 715, 712, 716, 716, 712, 717, 717, 712, 718, 718, 712, 719, 719, 712, 720, 720, 712, 721, 721, 712, 711, 692, 691, 690, 689, 694, 693, 691, 692, 696, 695, 693, 694, 698, 697, 695, 696, 700, 699, 697, 698, 702, 701, 699, 700, 704, 703, 701, 702, 706, 705, 703, 704, 710, 709, 708, 707, 689, 690, 709, 710, 711, 713, 712, 713, 714, 712, 714, 715, 712, 715, 716, 712, 716, 717, 712, 717, 718, 712, 718, 719, 712, 719, 720, 712, 720, 721, 712, 721, 711, 712, 690, 691, 692, 689, 691, 693, 694, 692, 693, 695, 696, 694, 695, 697, 698, 696, 697, 699, 700, 698, 699, 701, 702, 700, 701, 703, 704, 702, 703, 705, 706, 704, 708, 709, 710, 707, 709, 690, 689, 710, 711, 712, 713, 713, 712, 714, 714, 712, 715, 715, 712, 716, 716, 712, 717, 717, 712, 718, 718, 712, 719, 719, 712, 720, 720, 712, 721, 721, 712, 711, 692, 691, 690, 689, 694, 693, 691, 692, 696, 695, 693, 694, 698, 697, 695, 696, 700, 699, 697, 698, 702, 701, 699, 700, 704, 703, 701, 702, 706, 705, 703, 704, 710, 709, 708, 707, 689, 690, 709, 710, 711, 713, 712, 713, 714, 712, 714, 715, 712, 715, 716, 712, 716, 717, 712, 717, 718, 712, 718, 719, 712, 719, 720, 712, 720, 721, 712, 721, 711, 712, 1006, 1007, 1008, 1009, 1011, 1012, 1013, 1010, 1015, 1016, 1017, 1014, 1019, 1020, 1021, 1018, 1023, 1024, 1025, 1022, 1027, 1028, 1029, 1026, 1031, 1032, 1033, 1030, 1035, 1036, 1037, 1034, 1038, 1039, 1040, 1041, 1042, 1043, 1044, 1045, 1046, 1047, 1048, 1049, 1051, 1052, 1053, 1050, 1055, 1056, 1057, 1054, 1059, 1060, 1061, 1058, 1063, 1064, 1065, 1062, 1027, 1026, 1067, 1066, 1069, 1070, 1071, 1068, 1058, 1061, 1073, 1072, 1072, 1073, 1075, 1074, 1074, 1075, 1077, 1076, 1076, 1077, 1031, 1030, 1062, 1065, 1079, 1078, 1078, 1079, 1081, 1080, 1080, 1081, 1083, 1082, 1082, 1083, 1014, 1017, 1066, 1067, 1085, 1084, 1084, 1085, 1087, 1086, 1086, 1087, 1089, 1088, 1088, 1089, 1091, 1090, 1068, 1071, 1093, 1092, 1092, 1093, 1095, 1094, 1094, 1095, 1097, 1096, 1096, 1097, 1022, 1025, 1098, 1099, 1100, 1101, 1102, 1103, 1012, 1011, 1017, 1016, 1105, 1104, 1106, 1107, 1020, 1019, 1108, 1025, 1024, 1109, 1028, 1027, 1111, 1110, 1032, 1031, 1113, 1112, 1039, 1038, 1115, 1114, 1043, 1042, 1117, 1116, 1118, 1053, 1052, 1119, 1120, 1057, 1056, 1121, 1122, 1123, 1061, 1060, 1017, 1104, 1124, 1082, 1025, 1108, 1125, 1096, 1099, 1098, 1088, 1090, 1126, 1113, 1031, 1077, 1127, 1126, 1077, 1075, 1128, 1127, 1075, 1073, 1123, 1128, 1073, 1061, 1062, 1129, 1130, 1063, 1078, 1131, 1129, 1062, 1080, 1132, 1131, 1078, 1082, 1124, 1132, 1080, 1068, 1133, 1134, 1069, 1092, 1135, 1133, 1068, 1094, 1136, 1135, 1092, 1096, 1125, 1136, 1094, 1137, 1111, 1027, 1066, 1138, 1137, 1066, 1084, 1139, 1138, 1084, 1086, 1098, 1139, 1086, 1088, 1140, 1141, 1142, 1143, 1009, 1142, 1141, 1006, 1129, 1144, 1145, 1130, 1143, 1145, 1144, 1140, 1147, 1148, 1149, 1146, 1150, 1151, 1148, 1147, 1152, 1153, 1151, 1150, 1101, 1100, 1153, 1152, 1133, 1154, 1155, 1134, 1154, 1156, 1157, 1155, 1156, 1158, 1159, 1157, 1158, 1160, 1161, 1159, 1160, 1162, 1163, 1161, 1164, 1165, 1166, 1167, 1168, 1169, 1170, 1171, 1173, 1174, 1175, 1172, 1176, 1177, 1174, 1173, 1178, 1179, 1177, 1176, 1180, 1181, 1179, 1178, 1181, 1180, 1123, 1122, 1182, 1183, 1107, 1106, 1184, 1185, 1183, 1182, 1186, 1187, 1185, 1184, 1188, 1189, 1187, 1186, 1190, 1191, 1189, 1188, 1192, 1193, 1194, 1195, 1196, 1197, 1198, 1199, 1201, 1202, 1203, 1200, 1204, 1205, 1202, 1201, 1206, 1207, 1205, 1204, 1208, 1209, 1207, 1206, 1103, 1102, 1209, 1208, 1133, 1135, 1154, 1135, 1136, 1210, 1136, 1125, 1211, 1210, 1125, 1108, 1212, 1211, 1109, 1213, 1212, 1108, 1214, 1116, 1117, 1215, 1120, 1121, 1216, 1217, 1113, 1218, 1219, 1112, 1218, 1113, 1126, 1220, 1220, 1126, 1127, 1221, 1221, 1127, 1128, 1180, 1128, 1123, 1129, 1131, 1144, 1131, 1132, 1222, 1132, 1124, 1223, 1222, 1124, 1104, 1224, 1223, 1105, 1225, 1224, 1104, 1226, 1114, 1115, 1227, 1118, 1119, 1228, 1229, 1111, 1230, 1231, 1110, 1230, 1111, 1137, 1232, 1232, 1137, 1138, 1233, 1233, 1138, 1139, 1101, 1139, 1098, 1180, 1178, 1221, 1176, 1220, 1221, 1178, 1173, 1218, 1220, 1176, 1172, 1219, 1218, 1173, 1216, 1169, 1168, 1217, 1166, 1165, 1214, 1215, 1160, 1212, 1213, 1162, 1158, 1211, 1212, 1160, 1156, 1210, 1211, 1158, 1210, 1154, 1135, 1139, 1101, 1233, 1150, 1232, 1233, 1152, 1147, 1230, 1232, 1150, 1146, 1231, 1230, 1147, 1048, 1047, 1229, 1228, 1227, 1037, 1036, 1226, 1006, 1224, 1225, 1007, 1141, 1223, 1224, 1006, 1140, 1222, 1223, 1141, 1222, 1140, 1144, 1101, 1152, 1233, 1210, 1156, 1154, 1221, 1128, 1180, 1144, 1131, 1222, 1063, 1011, 1010, 1064, 1059, 1013, 1012, 1060, 1069, 1019, 1018, 1070, 1091, 1021, 1020, 1090, 1063, 1130, 1102, 1011, 1060, 1012, 1103, 1122, 1069, 1134, 1106, 1019, 1090, 1020, 1107, 1099, 1134, 1155, 1182, 1106, 1099, 1107, 1183, 1100, 1155, 1157, 1184, 1182, 1100, 1183, 1185, 1153, 1157, 1159, 1186, 1184, 1153, 1185, 1187, 1151, 1159, 1161, 1188, 1186, 1151, 1187, 1189, 1148, 1161, 1163, 1190, 1188, 1148, 1189, 1191, 1149, 1193, 1164, 1167, 1194, 1046, 1049, 1192, 1195, 1171, 1170, 1197, 1196, 1035, 1034, 1199, 1198, 1174, 1201, 1200, 1175, 1009, 1008, 1203, 1202, 1177, 1204, 1201, 1174, 1142, 1009, 1202, 1205, 1179, 1206, 1204, 1177, 1143, 1142, 1205, 1207, 1181, 1208, 1206, 1179, 1145, 1143, 1207, 1209, 1122, 1103, 1208, 1181, 1130, 1145, 1209, 1102, 1260, 1261, 1262, 1263, 1264, 1265, 1266, 1267, 1268, 1269, 1270, 1271, 1272, 1273, 1270, 1269, 1274, 1275, 1276, 1277, 1278, 1279, 1280, 1281, 1282, 1278, 1281, 1283, 1263, 1262, 1284, 1285, 1285, 1284, 1286, 1287, 1271, 1270, 1288, 1289, 1290, 1291, 1287, 1286, 1278, 1292, 1293, 1279, 1294, 1295, 1296, 1297, 1298, 1299, 1300, 1301, 1302, 1303, 1304, 1305, 1306, 1307, 1307, 1306, 1308, 1309, 1310, 1311, 1312, 1313, 1308, 1314, 1315, 1309, 1312, 1300, 1303, 1313, 1289, 1288, 1316, 1317, 1318, 1319, 1291, 1290, 1320, 1293, 1292, 1321, 1311, 1310, 1294, 1296, 1314, 1297, 1299, 1315, 1322, 1323, 1324, 1325, 1326, 1327, 1261, 1260, 1302, 1301, 1328, 1329, 1330, 1331, 1332, 1333, 1304, 1334, 1335, 1305, 1302, 1260, 1263, 1303, 1307, 1262, 1261, 1304, 1316, 1264, 1267, 1317, 1321, 1266, 1265, 1320, 1336, 1274, 1277, 1337, 1338, 1276, 1275, 1339, 1303, 1263, 1285, 1313, 1309, 1284, 1262, 1307, 1313, 1285, 1287, 1310, 1315, 1286, 1284, 1309, 1299, 1290, 1286, 1315, 1310, 1287, 1291, 1294, 1298, 1318, 1290, 1299, 1294, 1291, 1319, 1295, 1340, 1341, 1322, 1325, 1323, 1342, 1343, 1324, 1329, 1326, 1260, 1302, 1304, 1261, 1327, 1334, 1344, 1330, 1333, 1345, 1346, 1332, 1331, 1347, 1348, 1349, 1350, 1351, 1352, 1353, 1354, 1355, 1356, 1357, 1358, 1359, 1360, 1361, 1362, 1363, 1364, 1365, 1366, 1367, 1353, 1368, 1369, 1354, 1357, 1370, 1371, 1358, 1361, 1372, 1373, 1362, 1366, 1365, 1374, 1375, 1368, 1376, 1377, 1369, 1370, 1378, 1379, 1371, 1372, 1380, 1381, 1373, 1375, 1374, 1382, 1383, 1376, 1384, 1385, 1377, 1386, 1387, 1377, 1385, 1380, 1388, 1389, 1381, 1390, 1391, 1381, 1389, 1349, 1348, 1392, 1393, 1394, 1351, 1350, 1395, 1378, 1393, 1392, 1379, 1394, 1395, 1383, 1382, 1396, 1397, 1398, 1399, 1400, 1401, 1402, 1403, 1404, 1405, 1406, 1407, 1408, 1409, 1410, 1411, 1412, 1413, 1414, 1415, 1416, 1417, 1418, 1419, 1420, 1421, 1417, 1416, 1422, 1423, 1421, 1420, 1424, 1425, 1423, 1422, 1426, 1425, 1424, 1427, 1428, 1426, 1427, 1429, 1430, 1431, 1432, 1433, 1418, 1430, 1433, 1419, 1416, 1419, 1434, 1435, 1420, 1416, 1435, 1436, 1422, 1420, 1436, 1437, 1424, 1422, 1437, 1438, 1427, 1424, 1438, 1439, 1429, 1427, 1439, 1440, 1433, 1432, 1441, 1442, 1419, 1433, 1442, 1434, 1435, 1434, 1443, 1444, 1436, 1435, 1444, 1445, 1437, 1436, 1445, 1446, 1438, 1437, 1446, 1447, 1448, 1439, 1438, 1447, 1449, 1440, 1439, 1448, 1450, 1442, 1441, 1451, 1443, 1434, 1442, 1450, 1444, 1443, 1452, 1453, 1445, 1444, 1453, 1454, 1446, 1445, 1454, 1455, 1447, 1446, 1455, 1456, 1448, 1447, 1456, 1457, 1449, 1448, 1457, 1458, 1450, 1451, 1459, 1460, 1443, 1450, 1460, 1452, 1461, 1453, 1452, 1462, 1463, 1454, 1453, 1461, 1464, 1455, 1454, 1463, 1465, 1456, 1455, 1464, 1457, 1456, 1465, 1466, 1458, 1457, 1466, 1467, 1460, 1459, 1468, 1469, 1452, 1460, 1469, 1462, 1461, 1462, 1470, 1471, 1463, 1461, 1471, 1472, 1464, 1463, 1472, 1473, 1465, 1464, 1473, 1474, 1466, 1465, 1474, 1475, 1467, 1466, 1475, 1476, 1469, 1468, 1477, 1478, 1462, 1469, 1478, 1470, 1471, 1470, 1479, 1480, 1472, 1471, 1480, 1481, 1473, 1472, 1481, 1482, 1474, 1473, 1482, 1483, 1484, 1475, 1474, 1483, 1485, 1476, 1475, 1484, 1486, 1478, 1477, 1487, 1479, 1470, 1478, 1486, 1480, 1479, 1488, 1489, 1481, 1480, 1489, 1490, 1482, 1481, 1490, 1491, 1483, 1482, 1491, 1492, 1484, 1483, 1492, 1493, 1485, 1484, 1493, 1494, 1486, 1487, 1495, 1496, 1479, 1486, 1496, 1488, 1497, 1489, 1488, 1498, 1499, 1490, 1489, 1497, 1500, 1491, 1490, 1499, 1501, 1492, 1491, 1500, 1493, 1492, 1501, 1502, 1494, 1493, 1502, 1503, 1496, 1495, 1504, 1505, 1488, 1496, 1505, 1498, 1497, 1498, 1506, 1507, 1499, 1497, 1507, 1508, 1500, 1499, 1508, 1509, 1501, 1500, 1509, 1510, 1502, 1501, 1510, 1511, 1503, 1502, 1511, 1512, 1505, 1504, 1513, 1514, 1498, 1505, 1514, 1506, 1507, 1506, 1515, 1516, 1508, 1507, 1516, 1517, 1509, 1508, 1517, 1518, 1510, 1509, 1518, 1519, 1520, 1511, 1510, 1519, 1521, 1512, 1511, 1520, 1522, 1514, 1513, 1523, 1515, 1506, 1514, 1522, 1516, 1515, 1524, 1525, 1517, 1516, 1525, 1526, 1518, 1517, 1526, 1527, 1519, 1518, 1527, 1528, 1520, 1519, 1528, 1529, 1521, 1520, 1529, 1530, 1522, 1523, 1531, 1532, 1515, 1522, 1532, 1524, 1533, 1525, 1524, 1534, 1535, 1526, 1525, 1533, 1536, 1527, 1526, 1535, 1537, 1528, 1527, 1536, 1529, 1528, 1537, 1538, 1530, 1529, 1538, 1539, 1532, 1531, 1540, 1541, 1524, 1532, 1541, 1534, 1533, 1534, 1542, 1543, 1535, 1533, 1543, 1544, 1536, 1535, 1544, 1545, 1537, 1536, 1545, 1546, 1538, 1537, 1546, 1547, 1539, 1538, 1547, 1548, 1541, 1540, 1549, 1550, 1534, 1541, 1550, 1542, 1543, 1542, 1551, 1552, 1544, 1543, 1552, 1553, 1545, 1544, 1553, 1554, 1546, 1545, 1554, 1555, 1556, 1547, 1546, 1555, 1557, 1548, 1547, 1556, 1558, 1550, 1549, 1559, 1551, 1542, 1550, 1558, 1560, 1561, 1562, 1563, 1561, 1564, 1565, 1562, 1564, 1566, 1567, 1565, 1566, 1568, 1569, 1567, 1568, 1570, 1571, 1569, 1570, 1572, 1573, 1571, 1572, 1574, 1575, 1573, 1574, 1576, 1577, 1575, 1578, 1579, 1580, 1581, 1579, 1560, 1563, 1580, 1582, 1583, 1584, 1584, 1583, 1585, 1585, 1583, 1586, 1586, 1583, 1587, 1587, 1583, 1588, 1588, 1583, 1589, 1589, 1583, 1590, 1590, 1583, 1591, 1591, 1583, 1592, 1592, 1583, 1582, 1562, 1561, 1560, 1563, 1565, 1564, 1561, 1562, 1567, 1566, 1564, 1565, 1569, 1568, 1566, 1567, 1571, 1570, 1568, 1569, 1573, 1572, 1570, 1571, 1575, 1574, 1572, 1573, 1577, 1576, 1574, 1575, 1580, 1579, 1578, 1581, 1563, 1560, 1579, 1580, 1582, 1584, 1583, 1584, 1585, 1583, 1585, 1586, 1583, 1586, 1587, 1583, 1587, 1588, 1583, 1588, 1589, 1583, 1589, 1590, 1583, 1590, 1591, 1583, 1591, 1592, 1583, 1592, 1582, 1583, 1560, 1561, 1562, 1563, 1561, 1564, 1565, 1562, 1564, 1566, 1567, 1565, 1566, 1568, 1569, 1567, 1568, 1570, 1571, 1569, 1570, 1572, 1573, 1571, 1572, 1574, 1575, 1573, 1574, 1576, 1577, 1575, 1578, 1579, 1580, 1581, 1579, 1560, 1563, 1580, 1582, 1583, 1584, 1584, 1583, 1585, 1585, 1583, 1586, 1586, 1583, 1587, 1587, 1583, 1588, 1588, 1583, 1589, 1589, 1583, 1590, 1590, 1583, 1591, 1591, 1583, 1592, 1592, 1583, 1582, 1562, 1561, 1560, 1563, 1565, 1564, 1561, 1562, 1567, 1566, 1564, 1565, 1569, 1568, 1566, 1567, 1571, 1570, 1568, 1569, 1573, 1572, 1570, 1571, 1575, 1574, 1572, 1573, 1577, 1576, 1574, 1575, 1580, 1579, 1578, 1581, 1563, 1560, 1579, 1580, 1582, 1584, 1583, 1584, 1585, 1583, 1585, 1586, 1583, 1586, 1587, 1583, 1587, 1588, 1583, 1588, 1589, 1583, 1589, 1590, 1583, 1590, 1591, 1583, 1591, 1592, 1583, 1592, 1582, 1583, 1593, 1594, 1595, 1596, 1597, 1598, 1599, 1600, 1601, 1602, 1603, 1604, 1605, 1606, 1607, 1608, 1609, 1610, 1611, 1612, 1613, 1614, 1615, 1616, 1617, 1618, 1619, 1620, 1621, 1622, 1623, 1624, 1625, 1626, 1627, 1628, 1629, 1630, 1631, 1632, 1633, 1634, 1635, 1636, 1637, 1638, 1639, 1640, 1641, 1642, 1643, 1644, 1645, 1646, 1647, 1648, 1649, 1650, 1651, 1652, 1613, 1616, 1653, 1654, 1655, 1656, 1657, 1658, 1648, 1647, 1659, 1660, 1660, 1659, 1661, 1662, 1662, 1661, 1663, 1664, 1664, 1663, 1617, 1620, 1652, 1651, 1665, 1666, 1666, 1665, 1667, 1668, 1668, 1667, 1669, 1670, 1670, 1669, 1604, 1603, 1654, 1653, 1671, 1672, 1672, 1671, 1673, 1674, 1674, 1673, 1675, 1676, 1676, 1675, 1677, 1678, 1658, 1657, 1679, 1680, 1680, 1679, 1681, 1682, 1682, 1681, 1683, 1684, 1684, 1683, 1612, 1611, 1685, 1686, 1687, 1688, 1689, 1690, 1598, 1597, 1603, 1602, 1691, 1692, 1693, 1694, 1606, 1605, 1695, 1611, 1610, 1696, 1614, 1613, 1697, 1698, 1618, 1617, 1699, 1700, 1626, 1625, 1701, 1702, 1630, 1629, 1703, 1704, 1705, 1639, 1638, 1706, 1707, 1643, 1642, 1708, 1709, 1710, 1647, 1646, 1603, 1692, 1711, 1670, 1611, 1695, 1712, 1684, 1686, 1685, 1676, 1678, 1713, 1699, 1617, 1663, 1714, 1713, 1663, 1661, 1715, 1714, 1661, 1659, 1710, 1715, 1659, 1647, 1652, 1716, 1717, 1649, 1666, 1718, 1716, 1652, 1668, 1719, 1718, 1666, 1670, 1711, 1719, 1668, 1658, 1720, 1721, 1655, 1680, 1722, 1720, 1658, 1682, 1723, 1722, 1680, 1684, 1712, 1723, 1682, 1724, 1697, 1613, 1654, 1725, 1724, 1654, 1672, 1726, 1725, 1672, 1674, 1685, 1726, 1674, 1676, 1727, 1728, 1729, 1730, 1596, 1729, 1728, 1593, 1716, 1731, 1732, 1717, 1730, 1732, 1731, 1727, 1733, 1734, 1735, 1736, 1737, 1738, 1734, 1733, 1739, 1740, 1738, 1737, 1688, 1687, 1740, 1739, 1720, 1741, 1742, 1721, 1741, 1743, 1744, 1742, 1743, 1745, 1746, 1744, 1745, 1747, 1748, 1746, 1747, 1749, 1750, 1748, 1751, 1752, 1753, 1754, 1755, 1756, 1757, 1758, 1759, 1760, 1761, 1762, 1763, 1764, 1760, 1759, 1765, 1766, 1764, 1763, 1767, 1768, 1766, 1765, 1768, 1767, 1710, 1709, 1769, 1770, 1694, 1693, 1771, 1772, 1770, 1769, 1773, 1774, 1772, 1771, 1775, 1776, 1774, 1773, 1777, 1778, 1776, 1775, 1779, 1780, 1781, 1782, 1783, 1784, 1785, 1786, 1787, 1788, 1789, 1790, 1791, 1792, 1788, 1787, 1793, 1794, 1792, 1791, 1795, 1796, 1794, 1793, 1690, 1689, 1796, 1795, 1720, 1722, 1741, 1722, 1723, 1797, 1723, 1712, 1798, 1797, 1712, 1695, 1799, 1798, 1696, 1800, 1799, 1695, 1801, 1704, 1703, 1802, 1707, 1708, 1803, 1804, 1699, 1805, 1806, 1700, 1805, 1699, 1713, 1807, 1807, 1713, 1714, 1808, 1808, 1714, 1715, 1767, 1715, 1710, 1716, 1718, 1731, 1718, 1719, 1809, 1719, 1711, 1810, 1809, 1711, 1692, 1811, 1810, 1691, 1812, 1811, 1692, 1813, 1702, 1701, 1814, 1705, 1706, 1815, 1816, 1697, 1817, 1818, 1698, 1817, 1697, 1724, 1819, 1819, 1724, 1725, 1820, 1820, 1725, 1726, 1688, 1726, 1685, 1767, 1765, 1808, 1763, 1807, 1808, 1765, 1759, 1805, 1807, 1763, 1762, 1806, 1805, 1759, 1803, 1756, 1755, 1804, 1753, 1752, 1801, 1802, 1747, 1799, 1800, 1749, 1745, 1798, 1799, 1747, 1743, 1797, 1798, 1745, 1797, 1741, 1722, 1726, 1688, 1820, 1737, 1819, 1820, 1739, 1733, 1817, 1819, 1737, 1736, 1818, 1817, 1733, 1635, 1634, 1816, 1815, 1814, 1623, 1622, 1813, 1593, 1811, 1812, 1594, 1728, 1810, 1811, 1593, 1727, 1809, 1810, 1728, 1809, 1727, 1731, 1688, 1739, 1820, 1797, 1743, 1741, 1808, 1715, 1767, 1731, 1718, 1809, 1649, 1597, 1600, 1650, 1645, 1599, 1598, 1646, 1655, 1605, 1608, 1656, 1677, 1607, 1606, 1678, 1649, 1717, 1689, 1597, 1646, 1598, 1690, 1709, 1655, 1721, 1693, 1605, 1678, 1606, 1694, 1686, 1721, 1742, 1769, 1693, 1686, 1694, 1770, 1687, 1742, 1744, 1771, 1769, 1687, 1770, 1772, 1740, 1744, 1746, 1773, 1771, 1740, 1772, 1774, 1738, 1746, 1748, 1775, 1773, 1738, 1774, 1776, 1734, 1748, 1750, 1777, 1775, 1734, 1776, 1778, 1735, 1780, 1751, 1754, 1781, 1633, 1636, 1779, 1782, 1758, 1757, 1784, 1783, 1621, 1624, 1786, 1785, 1760, 1787, 1790, 1761, 1596, 1595, 1789, 1788, 1764, 1791, 1787, 1760, 1729, 1596, 1788, 1792, 1766, 1793, 1791, 1764, 1730, 1729, 1792, 1794, 1768, 1795, 1793, 1766, 1732, 1730, 1794, 1796, 1709, 1690, 1795, 1768, 1717, 1732, 1796, 1689, 1821, 1822, 1823, 1824, 1823, 1822, 1825, 1826, 1825, 1822, 1827, 1828, 1827, 1822, 1821, 1829, 1830, 1831, 1832, 1833, 1832, 1831, 1834, 1835, 1834, 1831, 1836, 1837, 1836, 1831, 1830, 1838, 1839, 1840, 1841, 1842, 1841, 1840, 1843, 1844, 1843, 1840, 1845, 1846, 1845, 1840, 1839, 1847, 1848, 1849, 1850, 1851, 1850, 1849, 1852, 1853, 1852, 1849, 1854, 1855, 1854, 1849, 1848, 1856, 1838, 1857, 1858, 1859, 1824, 1859, 1858, 1860, 1855, 1860, 1858, 1857, 1856, 1861, 1862, 1863, 1829, 1863, 1862, 1864, 1846, 1864, 1862, 1861, 1823, 1865, 1859, 1824, 1859, 1865, 1836, 1838, 1836, 1865, 1866, 1837, 1866, 1865, 1823, 1826, 1827, 1867, 1868, 1828, 1868, 1867, 1845, 1847, 1845, 1867, 1864, 1846, 1864, 1867, 1827, 1829, 1821, 1869, 1863, 1829, 1863, 1869, 1854, 1856, 1854, 1869, 1860, 1855, 1860, 1869, 1821, 1824, 1830, 1870, 1857, 1838, 1857, 1870, 1852, 1855, 1852, 1870, 1871, 1853, 1871, 1870, 1830, 1833, 1843, 1872, 1873, 1844, 1873, 1872, 1848, 1851, 1848, 1872, 1861, 1856, 1861, 1872, 1843, 1846, 1874, 1875, 1876, 1877, 1877, 1876, 1878, 1879, 1878, 1880, 1881, 1879, 1880, 1882, 1883, 1881, 1882, 1884, 1885, 1883, 1886, 1887, 1888, 1889, 1889, 1888, 1890, 1891, 1891, 1890, 1892, 1893, 1892, 1894, 1895, 1893, 1894, 1875, 1874, 1895, 1896, 1897, 1898, 1899, 1900, 1897, 1896, 1901, 1902, 1903, 1904, 1905, 1906, 1902, 1905, 1907, 1908, 1909, 1910, 1911, 1912, 1913, 1908, 1911, 1914, 1915, 1913, 1912, 1899, 1898, 1915, 1914, 1916, 1906, 1907, 1917, 1909, 1916, 1917, 1910, 1918, 1898, 1919, 1920, 1897, 1919, 1898, 1921, 1919, 1900, 1922, 1900, 1919, 1897, 1923, 1924, 1903, 1925, 1902, 1925, 1903, 1926, 1927, 1925, 1906, 1902, 1906, 1925, 1928, 1929, 1885, 1884, 1930, 1931, 1887, 1886, 1932, 1933, 1934, 1935, 1936, 1937, 1938, 1939, 1940, 1941, 1942, 1943, 1944, 1940, 1943, 1945, 1946, 1944, 1945, 1947, 1948, 1946, 1947, 1949, 1950, 1951, 1952, 1953, 1941, 1950, 1953, 1942, 1954, 1955, 1956, 1957, 1958, 1934, 1933, 1959, 1960, 1961, 1962, 1963, 1964, 1965, 1966, 1967, 1968, 1954, 1957, 1969, 1970, 1968, 1969, 1971, 1972, 1958, 1959, 1973, 1955, 1972, 1973, 1956, 1974, 1960, 1963, 1975, 1939, 1974, 1975, 1936, 1976, 1964, 1967, 1977, 1961, 1976, 1977, 1962, 1978, 1979, 1980, 1981, 1979, 1982, 1983, 1980, 1982, 1984, 1985, 1983, 1984, 1986, 1987, 1985, 1986, 1988, 1989, 1987, 1988, 1990, 1991, 1989, 1990, 1992, 1993, 1991, 1992, 1994, 1995, 1993, 1996, 1997, 1998, 1999, 1997, 1978, 1981, 1998, 2000, 2001, 2002, 2002, 2001, 2003, 2003, 2001, 2004, 2004, 2001, 2005, 2005, 2001, 2006, 2006, 2001, 2007, 2007, 2001, 2008, 2008, 2001, 2009, 2009, 2001, 2010, 2010, 2001, 2000, 2189, 2190, 2191, 2192, 2193, 2194, 2195, 2196, 2197, 2198, 2199, 2200, 2201, 2202, 2203, 2204, 2205, 2206, 2207, 2208, 2209, 2210, 2211, 2212, 2213, 2214, 2215, 2216, 2217, 2218, 2219, 2220, 2221, 2222, 2223, 2224, 2225, 2226, 2227, 2228, 2229, 2230, 2231, 2232, 2233, 2234, 2235, 2236, 2237, 2238, 2239, 2240, 2241, 2242, 2243, 2244, 2245, 2246, 2247, 2248, 2249, 2250, 2251, 2252, 2253, 2254, 2255, 2256, 2257, 2258, 2259, 2260, 2261, 2264, 2263, 2262, 2265, 2268, 2267, 2266, 2269, 2272, 2271, 2270, 2263, 2264, 2274, 2273, 2275, 2278, 2277, 2276, 2279, 2282, 2281, 2280, 2283, 2286, 2285, 2284, 2287, 2290, 2289, 2288, 2291, 2294, 2293, 2292, 2295, 2298, 2297, 2296, 2285, 2286, 2300, 2299, 2273, 2274, 2302, 2301, 2280, 2281, 2304, 2303, 2305, 2296, 2297, 2306, 2288, 2308, 2307, 2287, 2276, 2277, 2310, 2309, 2292, 2293, 2312, 2311, 2313, 2285, 2299, 2314, 2284, 2285, 2313, 2315, 2276, 2317, 2316, 2275, 2278, 2319, 2318, 2277, 2320, 2321, 2287, 2307, 2322, 2317, 2276, 2309, 2317, 2324, 2323, 2316, 2324, 2326, 2325, 2323, 2326, 2328, 2327, 2325, 2328, 2293, 2294, 2327, 2319, 2330, 2329, 2318, 2330, 2332, 2331, 2329, 2332, 2333, 2321, 2331, 2333, 2290, 2287, 2321, 2334, 2331, 2321, 2320, 2334, 2335, 2329, 2331, 2335, 2336, 2318, 2329, 2336, 2310, 2277, 2318, 2337, 2324, 2317, 2322, 2338, 2326, 2324, 2337, 2338, 2339, 2328, 2326, 2339, 2312, 2293, 2328, 2340, 2343, 2342, 2341, 2269, 2342, 2343, 2272, 2289, 2345, 2344, 2288, 2292, 2347, 2346, 2291, 2296, 2344, 2345, 2295, 2300, 2346, 2347, 2299, 2348, 2351, 2350, 2349, 2350, 2351, 2353, 2352, 2354, 2357, 2356, 2355, 2356, 2357, 2359, 2358, 2270, 2271, 2261, 2262, 2297, 2298, 2279, 2280, 2360, 2361, 2283, 2284, 2306, 2297, 2280, 2303, 2284, 2315, 2362, 2360, 2306, 2303, 2364, 2363, 2341, 2366, 2365, 2340, 2365, 2366, 2368, 2367, 2367, 2368, 2370, 2369, 2369, 2370, 2372, 2371, 2371, 2372, 2266, 2267, 2373, 2376, 2375, 2374, 2374, 2375, 2378, 2377, 2377, 2378, 2380, 2379, 2379, 2380, 2382, 2381, 2381, 2382, 2384, 2383, 2383, 2384, 2386, 2385, 2385, 2386, 2388, 2387, 2387, 2388, 2390, 2389, 2391, 2394, 2393, 2392, 2392, 2393, 2376, 2373, 2395, 2397, 2396, 2397, 2398, 2396, 2398, 2399, 2396, 2399, 2400, 2396, 2400, 2401, 2396, 2401, 2402, 2396, 2402, 2403, 2396, 2403, 2404, 2396, 2404, 2405, 2396, 2405, 2395, 2396, 2406, 2409, 2408, 2407, 2407, 2408, 2411, 2410, 2410, 2411, 2413, 2412, 2412, 2413, 2415, 2414, 2414, 2415, 2417, 2416, 2416, 2417, 2419, 2418, 2418, 2419, 2421, 2420, 2420, 2421, 2423, 2422, 2424, 2427, 2426, 2425, 2425, 2426, 2409, 2406, 2428, 2430, 2429, 2430, 2431, 2429, 2431, 2432, 2429, 2432, 2433, 2429, 2433, 2434, 2429, 2434, 2435, 2429, 2435, 2436, 2429, 2436, 2437, 2429, 2437, 2438, 2429, 2438, 2428, 2429]
                uniform token subdivisionScheme = "none"
            }

            def Xform "drawer" (
                apiSchemas = ["PhysicsRigidBodyAPI", "PhysicsMassAPI", "PhysxRigidBodyAPI"]
            )
            {
                bool physics:kinematicEnabled = 0
                float physics:mass = 1.5
                bool physics:rigidBodyEnabled = 1
                float physxRigidBody:angularDamping = 5
                float physxRigidBody:linearDamping = 10
                float physxRigidBody:sleepThreshold = 0
                float physxRigidBody:stabilizationThreshold = 0
                float3 xformOp:rotateXYZ = (0, 0, 0)
                float3 xformOp:scale = (1, 1, 1)
                matrix4d xformOp:transform = ( (1, 0, 0, 0), (0, 1, 0, 0), (0, 0, 1, 0), (-2.842170943040401e-14, -0.06219863891601918, -0.000003814697265625, 1) )
                double3 xformOp:translate = (0, -0.062198638916015625, -0.000003814697265625)
                double3 xformOp:translate.timeSamples = {
                    0: (0, -0.062198638916015625, -0.0000038146972656249996),
                    0.8: (0, -0.09190420806407928, -0.000003814697265625),
                    1.6: (0, -0.17831337451934814, -0.000003814697265625),
                    2.4: (0, -0.3173661231994629, -0.000003814697265625),
                    3.2: (0, -0.5050052404403687, -0.000003814697265625),
                    4: (0, -0.7371747493743896, -0.000003814697265625),
                    4.8: (0, -1.009820580482483, -0.000003814697265625),
                    5.6: (0, -1.318891167640686, -0.000003814697265625),
                    6.4: (0, -1.6603353023529053, -0.000003814697265625),
                    7.2: (0, -2.0301032066345215, -0.0000038146972656249996),
                    8: (0, -2.4241464138031006, -0.000003814697265625),
                    8.8: (0, -2.838418483734131, -0.000003814697265625),
                    9.6: (0, -3.268871545791626, -0.000003814697265625),
                    10.4: (0, -3.7114603519439697, -0.000003814697265625),
                    11.2: (0, -4.162139892578125, -0.000003814697265625),
                    12: (0, -4.616863250732422, -0.000003814697265625),
                    12.8: (0, -5.071588039398193, -0.0000038146972656249996),
                    13.6: (0, -5.522266387939453, -0.000003814697265625),
                    14.4: (0, -5.964855670928955, -0.000003814697265625),
                    15.2: (0, -6.395308971405029, -0.000003814697265625),
                    16: (0, -6.8095808029174805, -0.000003814697265625),
                    16.8: (0, -7.203624248504639, -0.000003814697265625),
                    17.6: (0, -7.573391914367676, -0.000003814697265625),
                    18.4: (0, -7.914835453033447, -0.000003814697265625),
                    19.2: (0, -8.223905563354492, -0.000003814697265625),
                    20: (0, -8.496551513671875, -0.000003814697265625),
                    20.8: (0, -8.728721618652344, -0.000003814697265625),
                    21.6: (0, -8.916359901428223, -0.0000038146972656249996),
                    22.4: (0, -9.055413246154785, -0.000003814697265625),
                    23.2: (0, -9.14182186126709, -0.000003814697265625),
                }
                uniform token[] xformOpOrder = ["xformOp:transform"]

                def Mesh "drawer" (
                    apiSchemas = ["MaterialBindingAPI"]
                )
                {
                    float3[] extent = [(103.21091, -33.9759, 9.2019), (157.16162, -8.991302, 16.6227)]
                    int[] faceVertexCounts = [4, 4, 4, 4, 4, 4, 4, 4, 4, 4, 4, 4, 4, 4, 4, 4, 4, 4, 4, 4, 4, 4, 4, 4, 4, 4, 4, 4, 4, 4, 4, 4, 4, 4, 4, 4, 4, 4, 4, 4, 4, 4, 4, 4, 4, 4, 4, 4, 4, 4, 4, 4, 4, 4, 4, 4, 4, 4, 4, 4, 4, 4, 4, 4, 4]
                    int[] faceVertexIndices = [1, 2, 3, 0, 5, 2, 1, 4, 4, 1, 0, 6, 7, 3, 2, 5, 8, 9, 10, 11, 8, 12, 13, 9, 10, 9, 13, 14, 8, 11, 15, 12, 0, 3, 11, 10, 0, 10, 14, 6, 3, 7, 15, 11, 45, 67, 17, 16, 19, 20, 21, 18, 17, 22, 23, 16, 20, 19, 23, 22, 25, 26, 27, 24, 30, 31, 28, 29, 32, 27, 26, 33, 28, 32, 33, 29, 26, 25, 45, 16, 31, 21, 20, 28, 31, 30, 18, 21, 30, 29, 19, 18, 16, 23, 33, 26, 27, 32, 22, 17, 19, 29, 33, 23, 28, 20, 22, 32, 35, 36, 37, 34, 38, 37, 36, 66, 39, 40, 35, 34, 42, 43, 44, 41, 46, 47, 67, 45, 44, 47, 46, 41, 43, 42, 49, 48, 43, 34, 37, 44, 41, 36, 35, 42, 67, 24, 27, 17, 66, 46, 45, 25, 38, 47, 44, 37, 36, 41, 46, 66, 49, 40, 39, 48, 49, 42, 35, 40, 48, 39, 34, 43, 51, 52, 53, 50, 51, 55, 54, 52, 56, 50, 53, 57, 59, 58, 62, 63, 64, 65, 61, 60, 61, 53, 52, 58, 54, 62, 58, 52, 54, 55, 63, 62, 65, 64, 56, 57, 65, 57, 53, 61, 67, 47, 38, 24, 24, 38, 66, 25, 68, 71, 70, 69, 68, 69, 73, 72, 74, 75, 70, 71, 76, 79, 78, 77, 80, 83, 82, 81, 82, 77, 69, 70, 73, 69, 77, 78, 73, 78, 79, 72, 81, 75, 74, 80, 81, 82, 70, 75]
                    rel material:binding = </toolbox_with_handle/toolbox/Looks/Material__25>
                    normal3f[] normals = [(0, 1, 0), (0, 1, 0), (0, 1, 0), (0, 1, 0), (0, 0, -1), (0, 0, -1), (0, 0, -1), (0, 0, -1), (1, 0, 0), (1, 0, 0), (1, 0, 0), (1, 0, 0), (-1, 0, 0), (-1, 0, 0), (-1, 0, 0), (-1, 0, 0), (0, -0.9999918, -0.004062273), (0, -0.9999917, -0.0040622726), (0, -0.9999917, -0.0040622726), (0, -0.9999918, -0.0040622726), (0, 0.0011119406, 0.9999994), (0, 0.0011119405, 0.99999934), (0, 0.0011119405, 0.99999934), (0, 0.0011119406, 0.9999994), (-0.9999764, 0.0018112313, -0.0066366578), (-0.9999763, 0.0018112311, -0.0066366578), (-0.9999763, 0.0018112313, -0.0066366573), (-0.99997634, 0.0018112314, -0.0066366578), (0.9999763, 0.001811231, -0.0066366564), (0.9999764, 0.0018112313, -0.0066366573), (0.9999763, 0.001811231, -0.0066366564), (0.9999764, 0.0018112311, -0.006636657), (0, 0, 0.99999994), (0, 0, 0.99999994), (0, 0, 1), (0, 0, 1), (0, 0, 0.99999994), (0, 0, 1), (0, 0, 1), (0, 0, 1), (0, 0, 0.99999994), (0, 0, 1), (0, 0, 1), (0, 0, 1), (0, 0, 1), (0, 0, 1), (0, -0.16018076, 0.9870878), (0, -0.16018076, 0.9870878), (0, -0.98708814, 0.16017778), (0, -0.98708814, 0.16017778), (0, -1, 0), (0, -1, 0), (0, -0.16018076, 0.9870878), (0, -0.7071089, 0.7071047), (0, -0.7071089, 0.7071047), (0, -0.16018076, 0.9870878), (0, -0.98708814, 0.16017778), (0, -0.98708814, 0.16017778), (0, -0.7071089, 0.7071047), (0, -0.7071089, 0.7071047), (-2.4945273e-8, -0.70861554, -0.7055948), (-1.786113e-8, 0.13909934, -0.9902784), (-1.7860987e-8, 0.13910049, -0.99027824), (-2.4945455e-8, -0.7086104, -0.7055999), (0, 0.99999803, 0.0020224021), (0, 0.99999803, 0.0020224021), (0, 0.99012184, -0.14020903), (0, 0.99012184, -0.14020903), (0, 0.2795868, -0.96012044), (-1.7860987e-8, 0.13910049, -0.99027824), (-1.786113e-8, 0.13909934, -0.9902784), (0, 0.2795868, -0.96012044), (0, 0.99012184, -0.14020903), (0, 0.9601193, -0.2795904), (0, 0.9601193, -0.2795904), (0, 0.99012184, -0.14020903), (1, -0.000005282649, 0.00002166859), (1, 0.000014443277, 0.00002077589), (0.99999994, 0.000014398965, 0.000020815129), (1, -0.0000052189375, 0.000021407253), (-1, 0, 0), (-1, 0, 0), (-1, 0, 0), (-1, 0, 0), (0, 0, -1), (0, 0, -1), (0, 0, -1), (0, 0, -1), (1, 0, 0), (1, 0, 0), (1, 0, 0), (1, 0, 0), (1, -0.0000052189375, 0.000021407253), (1, 0, 0), (1, 0, 0), (1, -0.000005282649, 0.00002166859), (-0.99999994, 0, 0), (-1, 0, 0), (-1, 0, 0), (-1, 0, 0), (1, 0, 0), (1, 0, 0), (1, 0, 0), (1, 0, 0), (-1, 0, 0), (-1, 0, 0), (-1, 0, 0), (-1, 0, 0), (-4.723053e-7, -0.97364616, 0.22806397), (0, -0.6919229, 0.7219714), (0, -0.6919229, 0.7219714), (-4.723053e-7, -0.97364616, 0.22806397), (0, -0.40786305, 0.9130431), (0, -0.6919229, 0.7219714), (0, -0.6919229, 0.7219714), (0, -0.40786305, 0.9130431), (-9.191895e-7, -0.999997, -0.0024330292), (-9.191895e-7, -0.999997, -0.0024330292), (-4.723053e-7, -0.97364616, 0.22806397), (-4.723053e-7, -0.97364616, 0.22806397), (0, 0.9655375, -0.26026383), (0, 0.9655375, -0.26026383), (0, 0.66704553, -0.7450169), (0, 0.66704553, -0.7450169), (0, 0.999999, -0.0014281772), (0, 0.999999, -0.0014281772), (0, 0.999999, -0.0014281772), (0, 0.999999, -0.0014281772), (0, 0.66704553, -0.7450169), (0, 0.4078572, -0.91304576), (0, 0.4078572, -0.91304576), (0, 0.66704553, -0.7450169), (0, 0.9655375, -0.26026383), (0, 0.9655375, -0.26026383), (0, 0.99999255, 0.0038391468), (0, 0.99999255, 0.0038391468), (-1, 0, 0), (-1, 0, 0), (-1, 0, 0), (-1, 0, 0), (1, 0, 0), (1, 0, 0), (1, 0, 0), (1, 0, 0), (-1, 0, 0), (-1, 0, 0), (-0.99999994, 0, 0), (-1, 0, 0), (1, 0.000019891022, -6.167709e-7), (0.99999994, 0.000019111038, -5.9258554e-7), (0.99999994, 0.000014398965, 0.000020815129), (1, 0.000014443277, 0.00002077589), (-1, 0, 0), (-1, 0, 0), (-1, 0, 0), (-1, 0, 0), (1, 0, 0), (1, 0, 0), (0.99999994, 0.000019111038, -5.9258554e-7), (1, 0.000019891022, -6.167709e-7), (3.9326534e-10, 0.00042783798, -0.99999994), (3.932653e-10, 0.00042783792, -0.9999998), (3.9326534e-10, 0.000427838, -0.99999994), (3.9326534e-10, 0.00042783798, -0.99999994), (1, 0, 0), (1, 0, 0), (1, 0, 0), (1, 0, 0), (-1, 0, 0), (-1, 0, 0), (-1, 0, 0), (-1, 0, 0), (1, 0, 0), (1, 0, 0), (1, 0, 0), (1, 0, 0), (0, 0, 1), (0, 0, 1), (0, 0, 1), (0, 0, 1), (0, 0, -1), (0, 0, -1), (0, 0, -1), (0, 0, -1), (-0.072227046, 0, -0.9973882), (-0.072227046, 0, -0.9973882), (-0.072227046, 0, -0.9973882), (-0.072227046, 0, -0.9973882), (-0.07210661, 0.0000021725025, 0.99739695), (-0.07210661, 0.0000021725025, 0.99739695), (-0.07210661, 0.0000021725023, 0.9973969), (-0.0721066, 0.0000021725023, 0.9973969), (0, 1, 0), (0, 1, 0), (0, 1, 0), (0, 0.99999994, 0), (0, 1, 0), (0, 1, 0), (0, 0.99999994, 0), (0, 1, 0), (1, 0, 0), (1, 0, 0), (1, 0, 0), (1, 0, 0), (1, 0, 0), (1, 0, 0), (1, 0, 0), (1, 0, 0), (0, 0.99999994, 0), (0, 1, 0), (0, 1, 0), (0, 1, 0), (-1, 0, 0), (-1, 0, 0), (-1, 0, 0), (-1, 0, 0), (-2.4945455e-8, -0.7086104, -0.7055999), (0, -1, 0), (0, -1, 0), (-2.4945273e-8, -0.70861554, -0.7055948), (-1, 0, 0), (-1, 0, 0), (-1, 0, 0), (-1, 0, 0), (0, 0, 1), (0, 0, 1), (0, 0, 1), (0, 0, 1), (0, 0, -1), (0, 0, -1), (0, 0, -1), (0, 0, -1), (0.072227046, 0, -0.9973882), (0.072227046, 0, -0.9973882), (0.072227046, 0, -0.9973882), (0.072227046, 0, -0.9973882), (0.07210661, 0.0000021725025, 0.99739695), (0.0721066, 0.0000021725023, 0.9973969), (0.07210661, 0.0000021725023, 0.9973969), (0.07210661, 0.0000021725025, 0.99739695), (0, 1, 0), (0, 0.99999994, 0), (0, 1, 0), (0, 1, 0), (0, 1, 0), (0, 1, 0), (0, 0.99999994, 0), (0, 1, 0), (-1, 0, 0), (-1, 0, 0), (-1, 0, 0), (-1, 0, 0), (-1, 0, 0), (-1, 0, 0), (-1, 0, 0), (-1, 0, 0), (0, 0.99999994, 0), (0, 1, 0), (0, 1, 0), (0, 1, 0)] (
                        interpolation = "faceVarying"
                    )
                    uniform token physics:approximation = "convexHull"
                    point3f[] points = [(156.3725, -8.991302, 16.53136), (156.3725, -8.991302, 10.0402), (104, -8.991302, 10.0402), (104, -8.991302, 16.53136), (156.3725, -32.3993, 10.0402), (104, -32.3993, 10.0402), (156.3725, -32.3993, 16.53136), (104, -32.3993, 16.53136), (104.1155, -9.106802, 10.1557), (156.257, -9.106802, 10.1557), (156.23111, -9.132702, 16.53136), (104.1414, -9.132702, 16.53136), (104.1414, -32.3993, 10.1816), (156.23111, -32.3993, 10.1816), (156.1725, -32.3993, 16.53136), (104.200005, -32.3993, 16.53136), (157.1616, -33.2119, 16.6227), (103.21091, -33.2119, 16.6227), (157.1616, -33.9759, 14.5403), (157.1616, -33.9759, 15.8587), (103.21091, -33.9759, 15.8587), (103.21091, -33.9759, 14.5403), (103.21091, -33.784904, 16.4317), (157.1616, -33.784904, 16.4317), (103.21091, -32.570206, 16.422707), (157.16162, -32.570206, 16.422703), (157.1616, -33.1799, 16.4253), (103.21091, -33.1799, 16.4253), (103.21091, -33.778503, 15.8267), (157.1616, -33.778503, 15.8267), (157.1616, -33.7759, 14.5403), (103.21091, -33.7759, 14.5403), (103.21091, -33.6435, 16.2903), (157.1616, -33.6435, 16.2903), (103.21091, -33.203705, 9.5923), (157.1616, -33.203705, 9.5923), (157.1616, -33.013, 9.9747), (103.21091, -33.013, 9.9747), (103.21091, -32.570206, 10.1725), (103.21091, -33.202705, 9.2019), (157.1616, -33.202805, 9.2019), (157.1616, -32.822403, 9.8435), (157.1616, -32.9702, 9.5915), (103.21091, -32.9702, 9.5915), (103.21091, -32.822403, 9.8435), (157.1616, -32.3702, 16.6227), (157.1616, -32.3796, 10.0413), (103.21091, -32.3796, 10.0413), (103.21091, -32.968704, 9.202), (157.1616, -32.968704, 9.202), (156.431, -32.4048, 15.2815), (156.431, -32.4048, 13.4724), (156.431, -9.418502, 13.4724), (156.431, -9.418502, 15.2815), (156.76491, -9.418502, 13.4724), (156.76491, -32.4048, 13.4724), (156.76491, -32.4048, 15.2815), (156.76491, -9.418502, 15.2815), (156.3603, -9.418502, 13.4017), (156.3603, -32.4048, 13.4017), (156.3603, -32.4048, 15.3523), (156.3603, -9.418502, 15.3522), (156.76491, -9.418502, 13.3724), (156.76491, -32.4048, 13.3724), (156.76491, -32.4048, 15.3815), (156.76491, -9.418502, 15.3815), (157.1616, -32.570206, 10.1725), (103.21091, -32.3702, 16.6227), (103.93211, -32.4048, 13.4724), (103.93211, -9.418502, 13.4724), (103.93211, -9.418502, 15.2815), (103.93211, -32.4048, 15.2815), (103.598206, -32.4048, 13.4724), (103.598206, -9.418502, 13.4724), (103.598206, -32.4048, 15.2815), (103.598206, -9.418502, 15.2815), (104.00281, -32.4048, 13.4017), (104.00281, -9.418502, 13.4017), (103.598206, -9.418502, 13.3724), (103.598206, -32.4048, 13.3724), (103.598206, -32.4048, 15.3815), (103.598206, -9.418502, 15.3815), (104.00281, -9.418502, 15.3522), (104.00281, -32.4048, 15.3523)]
                    texCoord2f[] primvars:st = [(0.6663329, 0.44492346), (0.6663329, 0.10572576), (0.7089653, 0.10572576), (0.7089653, 0.44492346), (0.5147278, 0.105725706), (0.89921, 0.54498464), (0.89921, 0.99159163), (0.5147278, 0.4449234), (0.902962, 0.5302917), (0.750302, 0.5302917), (0.750302, 0.48736265), (0.902962, 0.48736265), (0.90271854, 0.06331746), (0.75009704, 0.06331748), (0.75009704, 0.020349998), (0.90271854, 0.02034996), (0.75144374, 0.10647383), (0.75144374, 0.44409153), (0.70988107, 0.44409153), (0.70988125, 0.10664159), (0.8938979, 0.99159163), (0.90262306, 0.10664162), (0.902623, 0.4440077), (0.88389814, 0.99159163), (0.75144374, 0.4864405), (0.902962, 0.4860591), (0.75144374, 0.064241245), (0.90271854, 0.06462302), (0.8938774, 0.54304796), (0.88389814, 0.54498476), (0.888898, 0.54498476), (0.8888979, 0.99159163), (0.8713287, 0.99159163), (0.87132883, 0.54498476), (0.78511155, 0.99159175), (0.77349746, 0.54498476), (0.89389503, 0.9936035), (0.8476366, 0.99159175), (0.7958952, 0.99159175), (0.7851118, 0.5449849), (0.893898, 0.54498476), (0.77349734, 0.99159163), (0.7958952, 0.5449849), (0.86067975, 0.99159163), (0.85668266, 0.99159163), (0.90086544, 0.99159163), (0.8729843, 0.54498476), (0.8729843, 0.99159163), (0.95534694, 0.54498476), (0.8566829, 0.54498476), (0.9553468, 0.99159163), (0.90086555, 0.54498476), (0.7831644, 0.5449849), (0.8992374, 0.54304796), (0.86067986, 0.54498476), (0.8730118, 0.54304796), (0.77993035, 0.99159163), (0.7799305, 0.54498476), (0.89922166, 0.9936035), (0.8730577, 0.99372244), (0.883862, 0.54304796), (0.8839091, 0.9936035), (0.88903713, 0.9936035), (0.7893939, 0.9936094), (0.77751195, 0.99159163), (0.7924355, 0.9936094), (0.7775121, 0.54498476), (0.88894224, 0.54304796), (0.7919642, 0.5430814), (0.79582083, 0.9936094), (0.78511083, 0.9936094), (0.7883462, 0.5430814), (0.84762776, 0.9936094), (0.7959007, 0.5430814), (0.8475827, 0.5430814), (0.8476348, 0.54498476), (0.7851026, 0.5430814), (0.7831646, 0.99159175), (0.8526838, 0.54498476), (0.8526857, 0.99159163), (0.7883433, 0.5449849), (0.7918807, 0.5449849), (0.7918806, 0.99159175), (0.7883433, 0.99159175), (0.36766303, 0.4953742), (0.7389947, 0.49537423), (0.7389947, 0.5245993), (0.36766303, 0.5245993), (0.7404728, 0.5246037), (0.36766303, 0.4899801), (0.7389947, 0.48998013), (0.36766303, 0.5299934), (0.7404728, 0.4953284), (0.7389947, 0.5299934), (0.36766303, 0.48181146), (0.7389947, 0.4818115), (0.7389947, 0.48836473), (0.36766303, 0.4883647), (0.36766303, 0.5316033), (0.7389947, 0.5316088), (0.7389945, 0.5381621), (0.36766285, 0.53815085), (0.74047315, 0.48997453), (0.740474, 0.5299927), (0.36766303, 0.4953742), (0.7389947, 0.49537423), (0.7389947, 0.5245993), (0.36766303, 0.5245993), (0.36766303, 0.4899801), (0.7389947, 0.48998013), (0.36766303, 0.5299934), (0.7389947, 0.5299934), (0.36766303, 0.48181146), (0.7389947, 0.4818115), (0.7389947, 0.48836473), (0.36766303, 0.4883647), (0.36766303, 0.5316033), (0.7389947, 0.5316088), (0.7389945, 0.5381621), (0.36766285, 0.53815085), (0.7404728, 0.5246037), (0.7404728, 0.4953284), (0.74047315, 0.48997453), (0.740474, 0.5299927)] (
                        interpolation = "faceVarying"
                    )
                    int[] primvars:st:indices = [0, 1, 2, 3, 4, 1, 0, 7, 8, 9, 10, 11, 12, 13, 14, 15, 16, 17, 18, 19, 16, 21, 22, 17, 24, 17, 22, 25, 16, 26, 27, 21, 3, 2, 19, 18, 10, 24, 25, 11, 13, 12, 27, 26, 51, 45, 20, 40, 29, 23, 47, 46, 20, 31, 30, 40, 23, 29, 30, 31, 75, 78, 79, 37, 33, 32, 43, 54, 44, 79, 78, 49, 43, 44, 49, 54, 28, 53, 51, 40, 59, 47, 23, 61, 32, 33, 46, 47, 55, 60, 29, 46, 40, 30, 67, 28, 36, 62, 31, 20, 29, 60, 67, 30, 61, 23, 31, 62, 80, 81, 82, 83, 38, 82, 81, 42, 34, 39, 80, 83, 57, 56, 64, 66, 48, 50, 45, 51, 64, 41, 35, 66, 56, 57, 52, 77, 63, 83, 82, 65, 68, 81, 80, 71, 45, 58, 36, 20, 42, 73, 74, 75, 38, 69, 65, 82, 81, 68, 73, 42, 52, 39, 34, 77, 76, 71, 80, 39, 70, 34, 83, 63, 84, 85, 86, 87, 84, 89, 90, 85, 91, 87, 86, 93, 94, 95, 96, 97, 98, 99, 100, 101, 88, 86, 85, 92, 90, 102, 92, 85, 90, 89, 97, 96, 99, 98, 91, 93, 103, 93, 86, 88, 72, 69, 38, 37, 37, 38, 42, 75, 104, 107, 106, 105, 104, 105, 109, 108, 110, 111, 106, 107, 112, 115, 114, 113, 116, 119, 118, 117, 120, 121, 105, 106, 109, 105, 121, 122, 109, 114, 115, 108, 117, 111, 110, 116, 123, 120, 106, 111]
                    texCoord2f[] primvars:st_1 = [(0.0069, 0.954), (0.0069, 0.9386), (0.162, 0.9386), (0.162, 0.954), (0.2216, 0.741), (0.3768, 0.741), (0.3768, 0.8335), (0.2216, 0.8335), (0.9893, 0.5091), (0.9893, 0.5245), (0.8968, 0.5245), (0.8968, 0.5091), (0.8743, 0.5104), (0.8743, 0.5258), (0.7819, 0.5258), (0.7819, 0.5104), (0.1613, 0.981), (0.0069, 0.981), (0.007, 0.9659), (0.1612, 0.9659), (0.0095, 0.9294), (0.0096, 0.8373), (0.1639, 0.8373), (0.164, 0.9294), (0.1745, 0.8425), (0.2666, 0.8426), (0.2666, 0.8576), (0.1746, 0.8576), (0.3934, 0.8351), (0.4854, 0.8351), (0.4854, 0.8501), (0.3933, 0.8502), (0.0073, 0.9928), (0.1616, 0.9928), (0.162, 0.9932), (0.0069, 0.9932), (0.3937, 0.7961), (0.4858, 0.7959), (0.4858, 0.7965), (0.3933, 0.7965), (0.4865, 0.782), (0.3944, 0.7818), (0.394, 0.7814), (0.4865, 0.7814), (0.9685, 0.7017), (0.9666, 0.7017), (0.9666, 0.5416), (0.9685, 0.5416), (0.9821, 0.5412), (0.9861, 0.5412), (0.9861, 0.7014), (0.9821, 0.7014), (0.9703, 0.5416), (0.9703, 0.7017), (0.9879, 0.5412), (0.9879, 0.7014), (0.96, 0.7014), (0.96, 0.5413), (0.9618, 0.5413), (0.9618, 0.7014), (0.975, 0.7012), (0.975, 0.541), (0.9788, 0.541), (0.9788, 0.7012), (0.9633, 0.7014), (0.9633, 0.5413), (0.9735, 0.7012), (0.9735, 0.541), (0.9457, 0.548), (0.9473, 0.5471), (0.9476, 0.5476), (0.946, 0.5485), (0.9397, 0.5425), (0.9382, 0.5416), (0.9385, 0.5411), (0.9401, 0.5421), (0.9479, 0.5447), (0.9459, 0.5414), (0.9464, 0.541), (0.9484, 0.5444), (0.9561, 0.7007), (0.9561, 0.5406), (0.9567, 0.5406), (0.9567, 0.7007), (0.9381, 0.5482), (0.9403, 0.545), (0.9408, 0.5453), (0.9386, 0.5486), (0.9407, 0.5436), (0.9413, 0.5435), (0.9482, 0.5461), (0.9488, 0.5462), (0.9252, 0.3313), (0.9252, 0.4986), (0.9239, 0.4986), (0.9239, 0.3313), (0.9519, 0.3313), (0.9519, 0.4986), (0.9224, 0.4986), (0.9224, 0.3313), (0.9264, 0.3313), (0.9264, 0.4986), (0.9154, 0.4986), (0.9145, 0.4986), (0.9145, 0.3313), (0.9154, 0.3313), (0.9778, 0.4986), (0.9574, 0.4986), (0.9574, 0.3313), (0.9778, 0.3313), (0.9169, 0.4986), (0.9169, 0.3313), (0.9133, 0.3313), (0.9133, 0.4986), (0.8943, 0.3333), (0.8947, 0.3325), (0.8955, 0.3325), (0.8949, 0.3337), (0.8856, 0.3326), (0.886, 0.3334), (0.8854, 0.3337), (0.8849, 0.3325), (0.9016, 0.3313), (0.9016, 0.4986), (0.901, 0.4986), (0.901, 0.3313), (0.8945, 0.3544), (0.8929, 0.3339), (0.8935, 0.3343), (0.8951, 0.3544), (0.8874, 0.334), (0.8858, 0.3544), (0.8852, 0.3544), (0.8868, 0.3344), (0.9078, 0.3313), (0.9078, 0.4986), (0.9071, 0.4986), (0.9071, 0.3313), (0.8857, 0.3313), (0.8849, 0.3313), (0.8947, 0.3313), (0.8955, 0.3313), (0.879, 0.2752), (0.9477, 0.2752), (0.9477, 0.2806), (0.879, 0.2806), (0.9477, 0.293), (0.879, 0.293), (0.879, 0.2921), (0.9477, 0.2921), (0.879, 0.289), (0.9477, 0.289), (0.9477, 0.29), (0.879, 0.29), (0.879, 0.2838), (0.879, 0.2826), (0.9477, 0.2826), (0.9477, 0.2838), (0.9477, 0.2858), (0.9477, 0.287), (0.879, 0.287), (0.879, 0.2858), (0.8849, 0.3009), (0.8791, 0.3009), (0.8793, 0.3007), (0.8847, 0.3007), (0.879, 0.2997), (0.8793, 0.2997), (0.9477, 0.2954), (0.879, 0.2954), (0.879, 0.2951), (0.9477, 0.2951), (0.879, 0.2974), (0.9477, 0.2974), (0.9477, 0.2977), (0.879, 0.2977), (0.885, 0.2997), (0.8847, 0.2997), (0.8852496, 0.35377988), (0.93252015, 0.4986), (0.93252015, 0.3313), (0.89505035, 0.3537768), (0.879, 0.2806), (0.9477, 0.2806), (0.9477, 0.2752), (0.879, 0.2752), (0.879, 0.2921), (0.879, 0.293), (0.9477, 0.293), (0.9477, 0.2921), (0.879, 0.289), (0.879, 0.29), (0.9477, 0.29), (0.9477, 0.289), (0.879, 0.2838), (0.9477, 0.2838), (0.9477, 0.2826), (0.879, 0.2826), (0.879, 0.287), (0.9477, 0.287), (0.9477, 0.2858), (0.879, 0.2858), (0.8849, 0.3009), (0.8847, 0.3007), (0.8793, 0.3007), (0.8791, 0.3009), (0.8793, 0.2997), (0.879, 0.2997), (0.9477, 0.2951), (0.879, 0.2951), (0.879, 0.2954), (0.9477, 0.2954), (0.9477, 0.2974), (0.879, 0.2974), (0.879, 0.2977), (0.9477, 0.2977), (0.885, 0.2997), (0.8847, 0.2997), (0.96600777, 0.7016999), (0.9660097, 0.5416), (0.9380092, 0.54080266), (0.9454764, 0.54879737)] (
                        interpolation = "faceVarying"
                    )
                    int[] primvars:st_1:indices = [1, 2, 3, 0, 5, 6, 7, 4, 9, 10, 11, 8, 13, 14, 15, 12, 16, 17, 18, 19, 20, 21, 22, 23, 27, 24, 25, 26, 31, 28, 29, 30, 34, 35, 32, 33, 39, 36, 37, 38, 42, 43, 40, 41, 218, 219, 47, 44, 49, 50, 51, 48, 47, 52, 53, 44, 50, 49, 54, 55, 57, 58, 59, 56, 62, 63, 60, 61, 64, 59, 58, 65, 60, 66, 67, 61, 72, 73, 220, 75, 77, 78, 79, 76, 80, 81, 82, 83, 84, 85, 86, 87, 75, 89, 88, 72, 69, 90, 91, 70, 86, 85, 88, 89, 76, 79, 91, 90, 93, 94, 95, 92, 99, 95, 94, 98, 100, 101, 93, 92, 103, 104, 105, 102, 107, 108, 109, 106, 105, 111, 110, 102, 104, 103, 113, 112, 115, 116, 117, 114, 119, 120, 121, 118, 221, 68, 69, 70, 133, 130, 131, 178, 128, 127, 114, 117, 120, 119, 130, 133, 135, 136, 137, 134, 138, 118, 121, 139, 140, 141, 116, 115, 145, 144, 143, 142, 148, 147, 146, 149, 150, 153, 152, 151, 154, 157, 156, 155, 160, 159, 158, 161, 162, 165, 164, 163, 167, 166, 163, 164, 171, 170, 169, 168, 173, 172, 175, 174, 176, 177, 165, 162, 126, 127, 128, 181, 180, 96, 97, 179, 182, 185, 184, 183, 186, 189, 188, 187, 190, 193, 192, 191, 194, 197, 196, 195, 198, 201, 200, 199, 202, 205, 204, 203, 206, 204, 205, 207, 208, 211, 210, 209, 212, 215, 214, 213, 216, 202, 203, 217]
                    uniform token subdivisionScheme = "none"
                }

                def Xform "FurnitureKnob_01"
                {
                    double3 xformOp:rotateXYZ = (-90, 90, 0)
                    double3 xformOp:scale = (124.99999813735486, 117.64705552361838, 147.05882198257842)
                    double3 xformOp:translate = (130.18626403808594, -36.62295753114364, 12.912299633026121)
                    uniform token[] xformOpOrder = ["xformOp:translate", "xformOp:rotateXYZ", "xformOp:scale"]

                    def Mesh "Mesh" (
                        apiSchemas = ["PhysicsCollisionAPI", "PhysicsMeshCollisionAPI", "PhysxCollisionAPI"]
                    )
                    {
                        int[] faceVertexCounts = [4, 4, 4, 4, 4, 4, 4, 4, 4, 4, 4, 4]
                        int[] faceVertexIndices = [0, 1, 2, 3, 4, 7, 6, 5, 0, 4, 5, 1, 1, 5, 6, 2, 2, 6, 7, 3, 3, 7, 4, 0, 8, 9, 10, 11, 12, 15, 14, 13, 8, 12, 13, 9, 9, 13, 14, 10, 10, 14, 15, 11, 11, 15, 12, 8]
                        rel material:binding = </toolbox_with_handle/toolbox/toolbox/drawer/FurnitureKnob_01/Mesh/WhiteMaterial>
                        uniform token physics:approximation = "convexHull"
                        point3f[] points = [(-0.0045, -0.016, 0), (0.0045, -0.016, 0), (0.0045, 0.016, 0), (-0.0045, 0.016, 0), (-0.0045, -0.016, 0.018), (0.0045, -0.016, 0.018), (0.0045, 0.016, 0.018), (-0.0045, 0.016, 0.018), (-0.016, -0.016, 0.018), (0.016, -0.016, 0.018), (0.016, 0.016, 0.018), (-0.016, 0.016, 0.018), (-0.016, -0.016, 0.022), (0.016, -0.016, 0.022), (0.016, 0.016, 0.022), (-0.016, 0.016, 0.022)]
                        uniform token subdivisionScheme = "none"

                        def Material "WhiteMaterial"
                        {
                            token outputs:surface.connect = </toolbox_with_handle/toolbox/toolbox/drawer/FurnitureKnob_01/Mesh/WhiteMaterial/Shader.outputs:surface>

                            def Shader "Shader"
                            {
                                uniform token info:id = "UsdPreviewSurface"
                                color3f inputs:diffuseColor = (0.95, 0.95, 0.95)
                                float inputs:roughness = 0.75
                                token outputs:surface
                            }
                        }
                    }
                }

                def Material "floor_collision_material" (
                    apiSchemas = ["PhysicsMaterialAPI"]
                )
                {
                    float physics:dynamicFriction = 1.5
                    float physics:restitution = 0
                    float physics:staticFriction = 1.5
                }

                def "cavity_collision"
                {
                    def Cube "floor" (
                        apiSchemas = ["PhysicsCollisionAPI", "PhysxCollisionAPI"]
                    )
                    {
                        double size = 1
                        matrix4d xformOp:transform = ( (50.95071415603161, 0, 0, 0), (0, 20.278714985170982, 0, 0), (0, 0, 0.5882352879303135, 0), (130.18626403808594, -20.542423695428965, 9.496017172468571, 0.9999999999999998) )
                        uniform token[] xformOpOrder = ["xformOp:transform"]
                    }

                    def Cube "wall_left" (
                        apiSchemas = ["PhysicsCollisionAPI", "PhysxCollisionAPI"]
                    )
                    {
                        double size = 1
                        matrix4d xformOp:transform = ( (0.49999999254941946, 0, 0, 0), (0, 20.278714985170982, 0, 0), (0, 0, 6.832564921115097, 0), (104.46090696379541, -20.542423695428965, 13.20641727699128, 0.9999999999999998) )
                        uniform token[] xformOpOrder = ["xformOp:transform"]
                    }

                    def Cube "wall_right" (
                        apiSchemas = ["PhysicsCollisionAPI", "PhysxCollisionAPI"]
                    )
                    {
                        double size = 1
                        matrix4d xformOp:transform = ( (0.49999999254941946, 0, 0, 0), (0, 20.278714985170982, 0, 0), (0, 0, 6.832564921115097, 0), (155.91162111237645, -20.542423695428965, 13.20641727699128, 0.9999999999999998) )
                        uniform token[] xformOpOrder = ["xformOp:transform"]
                    }

                    def Cube "wall_back" (
                        apiSchemas = ["PhysicsCollisionAPI", "PhysxCollisionAPI"]
                    )
                    {
                        double size = 1
                        matrix4d xformOp:transform = ( (51.95071414113045, 0, 0, 0), (0, 0.4705882220944735, 0, 0), (0, 0, 6.832564921115097, 0), (130.18626403808594, -10.167772091796238, 13.20641727699128, 0.9999999999999998) )
                        uniform token[] xformOpOrder = ["xformOp:transform"]
                    }

                    def Cube "wall_front" (
                        apiSchemas = ["PhysicsCollisionAPI", "PhysxCollisionAPI"]
                    )
                    {
                        double size = 1
                        matrix4d xformOp:transform = ( (51.95071414113045, 0, 0, 0), (0, 0.4705882220944735, 0, 0), (0, 0, 6.832564921115097, 0), (130.18626403808594, -30.917075299061686, 13.20641727699128, 0.9999999999999998) )
                        uniform token[] xformOpOrder = ["xformOp:transform"]
                    }
                }
            }

            def Xform "drawer_02" (
                apiSchemas = ["PhysicsRigidBodyAPI", "PhysicsMassAPI", "PhysxRigidBodyAPI"]
            )
            {
                bool physics:kinematicEnabled = 0
                float physics:mass = 1.5
                bool physics:rigidBodyEnabled = 1
                float physxRigidBody:angularDamping = 5
                float physxRigidBody:linearDamping = 10
                float physxRigidBody:sleepThreshold = 0
                float physxRigidBody:stabilizationThreshold = 0
                float3 xformOp:rotateXYZ = (0, 0, 0)
                float3 xformOp:scale = (1, 1, 1)
                matrix4d xformOp:transform = ( (1, 0, 0, 0), (0, 1, 0, 0), (0, 0, 1, 0), (-0.0017089843750284217, -3.552713678800501e-15, -7.475900650024414, 1) )
                double3 xformOp:translate = (-0.001708984375, 0, -7.475900650024414)
                double3 xformOp:translate.timeSamples = {
                    0: (-0.001708984375, 0, -7.475900650024414),
                    0.8: (-0.001708984375, -0.06704184412956238, -7.475900650024414),
                    1.6: (-0.001708984375, -0.262056827545166, -7.475900650024414),
                    2.4: (-0.001708984375, -0.5758819580078125, -7.475900650024414),
                    3.2: (-0.001708984375, -0.9993606209754944, -7.475900650024414),
                    4: (-0.001708984375, -1.5233389139175415, -7.475900650024414),
                    4.8: (-0.001708984375, -2.138667345046997, -7.475900650024414),
                    5.6: (-0.001708984375, -2.8362021446228027, -7.475900650024414),
                    6.4: (-0.001708984375, -3.606799840927124, -7.475900650024414),
                    7.2: (-0.001708984375, -4.44132137298584, -7.475900650024414),
                    8: (-0.001708984375, -5.330628395080566, -7.475900650024414),
                    8.8: (-0.001708984375, -6.265590667724609, -7.475900650024414),
                    9.6: (-0.001708984375, -7.237070083618164, -7.475900650024414),
                    10.4: (-0.001708984375, -8.235939025878906, -7.475900650024414),
                    11.2: (-0.001708984375, -9.253068923950195, -7.475900650024414),
                    12: (-0.001708984375, -10.27932357788086, -7.475900650024414),
                    12.8: (-0.001708984375, -11.305583000183105, -7.475900650024414),
                    13.6: (-0.001708984375, -12.322708129882812, -7.475900650024414),
                    14.4: (-0.001708984375, -13.321578979492188, -7.475900650024414),
                    15.2: (-0.001708984375, -14.293058395385742, -7.475900650024414),
                    16: (-0.001708984375, -15.228020668029785, -7.475900650024414),
                    16.8: (-0.001708984375, -16.117326736450195, -7.475900650024414),
                    17.6: (-0.001708984375, -16.95184898376465, -7.475900650024414),
                    18.4: (-0.001708984375, -17.722444534301758, -7.475900650024414),
                    19.2: (-0.001708984375, -18.419979095458984, -7.475900650024414),
                    20: (-0.001708984375, -19.035308837890625, -7.475900650024414),
                    20.8: (-0.001708984375, -19.559288024902344, -7.475900650024414),
                    21.6: (-0.001708984375, -19.982765197753906, -7.475900650024414),
                    22.4: (-0.001708984375, -20.29659080505371, -7.475900650024414),
                    23.2: (-0.001708984375, -20.491605758666992, -7.475900650024414),
                }
                uniform token[] xformOpOrder = ["xformOp:transform"]

                def Mesh "drawer_02" (
                    apiSchemas = ["MaterialBindingAPI"]
                )
                {
                    float3[] extent = [(103.21091, -33.9759, 9.2019), (157.16162, -8.991302, 16.6227)]
                    int[] faceVertexCounts = [4, 4, 4, 4, 4, 4, 4, 4, 4, 4, 4, 4, 4, 4, 4, 4, 4, 4, 4, 4, 4, 4, 4, 4, 4, 4, 4, 4, 4, 4, 4, 4, 4, 4, 4, 4, 4, 4, 4, 4, 4, 4, 4, 4, 4, 4, 4, 4, 4, 4, 4, 4, 4, 4, 4, 4, 4, 4, 4, 4, 4, 4, 4, 4, 4]
                    int[] faceVertexIndices = [1, 2, 3, 0, 5, 2, 1, 4, 4, 1, 0, 6, 7, 3, 2, 5, 8, 9, 10, 11, 8, 12, 13, 9, 10, 9, 13, 14, 8, 11, 15, 12, 0, 3, 11, 10, 0, 10, 14, 6, 3, 7, 15, 11, 45, 67, 17, 16, 19, 20, 21, 18, 17, 22, 23, 16, 20, 19, 23, 22, 25, 26, 27, 24, 30, 31, 28, 29, 32, 27, 26, 33, 28, 32, 33, 29, 26, 25, 45, 16, 31, 21, 20, 28, 31, 30, 18, 21, 30, 29, 19, 18, 16, 23, 33, 26, 27, 32, 22, 17, 19, 29, 33, 23, 28, 20, 22, 32, 35, 36, 37, 34, 38, 37, 36, 66, 39, 40, 35, 34, 42, 43, 44, 41, 46, 47, 67, 45, 44, 47, 46, 41, 43, 42, 49, 48, 43, 34, 37, 44, 41, 36, 35, 42, 67, 24, 27, 17, 66, 46, 45, 25, 38, 47, 44, 37, 36, 41, 46, 66, 49, 40, 39, 48, 49, 42, 35, 40, 48, 39, 34, 43, 51, 52, 53, 50, 51, 55, 54, 52, 56, 50, 53, 57, 59, 58, 62, 63, 64, 65, 61, 60, 61, 53, 52, 58, 54, 62, 58, 52, 54, 55, 63, 62, 65, 64, 56, 57, 65, 57, 53, 61, 67, 47, 38, 24, 24, 38, 66, 25, 68, 71, 70, 69, 68, 69, 73, 72, 74, 75, 70, 71, 76, 79, 78, 77, 80, 83, 82, 81, 82, 77, 69, 70, 73, 69, 77, 78, 73, 78, 79, 72, 81, 75, 74, 80, 81, 82, 70, 75]
                    rel material:binding = </toolbox_with_handle/toolbox/Looks/Material__25>
                    normal3f[] normals = [(0, 1, 0), (0, 1, 0), (0, 1, 0), (0, 1, 0), (0, 0, -1), (0, 0, -1), (0, 0, -1), (0, 0, -1), (1, 0, 0), (1, 0, 0), (1, 0, 0), (1, 0, 0), (-1, 0, 0), (-1, 0, 0), (-1, 0, 0), (-1, 0, 0), (0, -0.9999918, -0.004062273), (0, -0.9999917, -0.0040622726), (0, -0.9999917, -0.0040622726), (0, -0.9999918, -0.0040622726), (0, 0.0011119406, 0.9999994), (0, 0.0011119405, 0.99999934), (0, 0.0011119405, 0.99999934), (0, 0.0011119406, 0.9999994), (-0.9999764, 0.0018112313, -0.0066366578), (-0.9999763, 0.0018112311, -0.0066366578), (-0.9999763, 0.0018112313, -0.0066366573), (-0.99997634, 0.0018112314, -0.0066366578), (0.9999763, 0.001811231, -0.0066366564), (0.9999764, 0.0018112313, -0.0066366573), (0.9999763, 0.001811231, -0.0066366564), (0.9999764, 0.0018112311, -0.006636657), (0, 0, 0.99999994), (0, 0, 0.99999994), (0, 0, 1), (0, 0, 1), (0, 0, 0.99999994), (0, 0, 1), (0, 0, 1), (0, 0, 1), (0, 0, 0.99999994), (0, 0, 1), (0, 0, 1), (0, 0, 1), (0, 0, 1), (0, 0, 1), (0, -0.16018076, 0.9870878), (0, -0.16018076, 0.9870878), (0, -0.98708814, 0.16017778), (0, -0.98708814, 0.16017778), (0, -1, 0), (0, -1, 0), (0, -0.16018076, 0.9870878), (0, -0.7071089, 0.7071047), (0, -0.7071089, 0.7071047), (0, -0.16018076, 0.9870878), (0, -0.98708814, 0.16017778), (0, -0.98708814, 0.16017778), (0, -0.7071089, 0.7071047), (0, -0.7071089, 0.7071047), (-2.4945273e-8, -0.70861554, -0.7055948), (-1.786113e-8, 0.13909934, -0.9902784), (-1.7860987e-8, 0.13910049, -0.99027824), (-2.4945455e-8, -0.7086104, -0.7055999), (0, 0.99999803, 0.0020224021), (0, 0.99999803, 0.0020224021), (0, 0.99012184, -0.14020903), (0, 0.99012184, -0.14020903), (0, 0.2795868, -0.96012044), (-1.7860987e-8, 0.13910049, -0.99027824), (-1.786113e-8, 0.13909934, -0.9902784), (0, 0.2795868, -0.96012044), (0, 0.99012184, -0.14020903), (0, 0.9601193, -0.2795904), (0, 0.9601193, -0.2795904), (0, 0.99012184, -0.14020903), (1, -0.000005282649, 0.00002166859), (1, 0.000014443277, 0.00002077589), (0.99999994, 0.000014398965, 0.000020815129), (1, -0.0000052189375, 0.000021407253), (-1, 0, 0), (-1, 0, 0), (-1, 0, 0), (-1, 0, 0), (0, 0, -1), (0, 0, -1), (0, 0, -1), (0, 0, -1), (1, 0, 0), (1, 0, 0), (1, 0, 0), (1, 0, 0), (1, -0.0000052189375, 0.000021407253), (1, 0, 0), (1, 0, 0), (1, -0.000005282649, 0.00002166859), (-0.99999994, 0, 0), (-1, 0, 0), (-1, 0, 0), (-1, 0, 0), (1, 0, 0), (1, 0, 0), (1, 0, 0), (1, 0, 0), (-1, 0, 0), (-1, 0, 0), (-1, 0, 0), (-1, 0, 0), (-4.723053e-7, -0.97364616, 0.22806397), (0, -0.6919229, 0.7219714), (0, -0.6919229, 0.7219714), (-4.723053e-7, -0.97364616, 0.22806397), (0, -0.40786305, 0.9130431), (0, -0.6919229, 0.7219714), (0, -0.6919229, 0.7219714), (0, -0.40786305, 0.9130431), (-9.191895e-7, -0.999997, -0.0024330292), (-9.191895e-7, -0.999997, -0.0024330292), (-4.723053e-7, -0.97364616, 0.22806397), (-4.723053e-7, -0.97364616, 0.22806397), (0, 0.9655375, -0.26026383), (0, 0.9655375, -0.26026383), (0, 0.66704553, -0.7450169), (0, 0.66704553, -0.7450169), (0, 0.999999, -0.0014281772), (0, 0.999999, -0.0014281772), (0, 0.999999, -0.0014281772), (0, 0.999999, -0.0014281772), (0, 0.66704553, -0.7450169), (0, 0.4078572, -0.91304576), (0, 0.4078572, -0.91304576), (0, 0.66704553, -0.7450169), (0, 0.9655375, -0.26026383), (0, 0.9655375, -0.26026383), (0, 0.99999255, 0.0038391468), (0, 0.99999255, 0.0038391468), (-1, 0, 0), (-1, 0, 0), (-1, 0, 0), (-1, 0, 0), (1, 0, 0), (1, 0, 0), (1, 0, 0), (1, 0, 0), (-1, 0, 0), (-1, 0, 0), (-0.99999994, 0, 0), (-1, 0, 0), (1, 0.000019891022, -6.167709e-7), (0.99999994, 0.000019111038, -5.9258554e-7), (0.99999994, 0.000014398965, 0.000020815129), (1, 0.000014443277, 0.00002077589), (-1, 0, 0), (-1, 0, 0), (-1, 0, 0), (-1, 0, 0), (1, 0, 0), (1, 0, 0), (0.99999994, 0.000019111038, -5.9258554e-7), (1, 0.000019891022, -6.167709e-7), (3.9326534e-10, 0.00042783798, -0.99999994), (3.932653e-10, 0.00042783792, -0.9999998), (3.9326534e-10, 0.000427838, -0.99999994), (3.9326534e-10, 0.00042783798, -0.99999994), (1, 0, 0), (1, 0, 0), (1, 0, 0), (1, 0, 0), (-1, 0, 0), (-1, 0, 0), (-1, 0, 0), (-1, 0, 0), (1, 0, 0), (1, 0, 0), (1, 0, 0), (1, 0, 0), (0, 0, 1), (0, 0, 1), (0, 0, 1), (0, 0, 1), (0, 0, -1), (0, 0, -1), (0, 0, -1), (0, 0, -1), (-0.072227046, 0, -0.9973882), (-0.072227046, 0, -0.9973882), (-0.072227046, 0, -0.9973882), (-0.072227046, 0, -0.9973882), (-0.07210661, 0.0000021725025, 0.99739695), (-0.07210661, 0.0000021725025, 0.99739695), (-0.07210661, 0.0000021725023, 0.9973969), (-0.0721066, 0.0000021725023, 0.9973969), (0, 1, 0), (0, 1, 0), (0, 1, 0), (0, 0.99999994, 0), (0, 1, 0), (0, 1, 0), (0, 0.99999994, 0), (0, 1, 0), (1, 0, 0), (1, 0, 0), (1, 0, 0), (1, 0, 0), (1, 0, 0), (1, 0, 0), (1, 0, 0), (1, 0, 0), (0, 0.99999994, 0), (0, 1, 0), (0, 1, 0), (0, 1, 0), (-1, 0, 0), (-1, 0, 0), (-1, 0, 0), (-1, 0, 0), (-2.4945455e-8, -0.7086104, -0.7055999), (0, -1, 0), (0, -1, 0), (-2.4945273e-8, -0.70861554, -0.7055948), (-1, 0, 0), (-1, 0, 0), (-1, 0, 0), (-1, 0, 0), (0, 0, 1), (0, 0, 1), (0, 0, 1), (0, 0, 1), (0, 0, -1), (0, 0, -1), (0, 0, -1), (0, 0, -1), (0.072227046, 0, -0.9973882), (0.072227046, 0, -0.9973882), (0.072227046, 0, -0.9973882), (0.072227046, 0, -0.9973882), (0.07210661, 0.0000021725025, 0.99739695), (0.0721066, 0.0000021725023, 0.9973969), (0.07210661, 0.0000021725023, 0.9973969), (0.07210661, 0.0000021725025, 0.99739695), (0, 1, 0), (0, 0.99999994, 0), (0, 1, 0), (0, 1, 0), (0, 1, 0), (0, 1, 0), (0, 0.99999994, 0), (0, 1, 0), (-1, 0, 0), (-1, 0, 0), (-1, 0, 0), (-1, 0, 0), (-1, 0, 0), (-1, 0, 0), (-1, 0, 0), (-1, 0, 0), (0, 0.99999994, 0), (0, 1, 0), (0, 1, 0), (0, 1, 0)] (
                        interpolation = "faceVarying"
                    )
                    uniform token physics:approximation = "convexHull"
                    point3f[] points = [(156.3725, -8.991302, 16.53136), (156.3725, -8.991302, 10.0402), (104, -8.991302, 10.0402), (104, -8.991302, 16.53136), (156.3725, -32.3993, 10.0402), (104, -32.3993, 10.0402), (156.3725, -32.3993, 16.53136), (104, -32.3993, 16.53136), (104.1155, -9.106802, 10.1557), (156.257, -9.106802, 10.1557), (156.23111, -9.132702, 16.53136), (104.1414, -9.132702, 16.53136), (104.1414, -32.3993, 10.1816), (156.23111, -32.3993, 10.1816), (156.1725, -32.3993, 16.53136), (104.200005, -32.3993, 16.53136), (157.1616, -33.2119, 16.6227), (103.21091, -33.2119, 16.6227), (157.1616, -33.9759, 14.5403), (157.1616, -33.9759, 15.8587), (103.21091, -33.9759, 15.8587), (103.21091, -33.9759, 14.5403), (103.21091, -33.784904, 16.4317), (157.1616, -33.784904, 16.4317), (103.21091, -32.570206, 16.422707), (157.16162, -32.570206, 16.422703), (157.1616, -33.1799, 16.4253), (103.21091, -33.1799, 16.4253), (103.21091, -33.778503, 15.8267), (157.1616, -33.778503, 15.8267), (157.1616, -33.7759, 14.5403), (103.21091, -33.7759, 14.5403), (103.21091, -33.6435, 16.2903), (157.1616, -33.6435, 16.2903), (103.21091, -33.203705, 9.5923), (157.1616, -33.203705, 9.5923), (157.1616, -33.013, 9.9747), (103.21091, -33.013, 9.9747), (103.21091, -32.570206, 10.1725), (103.21091, -33.202705, 9.2019), (157.1616, -33.202805, 9.2019), (157.1616, -32.822403, 9.8435), (157.1616, -32.9702, 9.5915), (103.21091, -32.9702, 9.5915), (103.21091, -32.822403, 9.8435), (157.1616, -32.3702, 16.6227), (157.1616, -32.3796, 10.0413), (103.21091, -32.3796, 10.0413), (103.21091, -32.968704, 9.202), (157.1616, -32.968704, 9.202), (156.431, -32.4048, 15.2815), (156.431, -32.4048, 13.4724), (156.431, -9.418502, 13.4724), (156.431, -9.418502, 15.2815), (156.76491, -9.418502, 13.4724), (156.76491, -32.4048, 13.4724), (156.76491, -32.4048, 15.2815), (156.76491, -9.418502, 15.2815), (156.3603, -9.418502, 13.4017), (156.3603, -32.4048, 13.4017), (156.3603, -32.4048, 15.3523), (156.3603, -9.418502, 15.3522), (156.76491, -9.418502, 13.3724), (156.76491, -32.4048, 13.3724), (156.76491, -32.4048, 15.3815), (156.76491, -9.418502, 15.3815), (157.1616, -32.570206, 10.1725), (103.21091, -32.3702, 16.6227), (103.93211, -32.4048, 13.4724), (103.93211, -9.418502, 13.4724), (103.93211, -9.418502, 15.2815), (103.93211, -32.4048, 15.2815), (103.598206, -32.4048, 13.4724), (103.598206, -9.418502, 13.4724), (103.598206, -32.4048, 15.2815), (103.598206, -9.418502, 15.2815), (104.00281, -32.4048, 13.4017), (104.00281, -9.418502, 13.4017), (103.598206, -9.418502, 13.3724), (103.598206, -32.4048, 13.3724), (103.598206, -32.4048, 15.3815), (103.598206, -9.418502, 15.3815), (104.00281, -9.418502, 15.3522), (104.00281, -32.4048, 15.3523)]
                    texCoord2f[] primvars:st = [(0.6663329, 0.44492346), (0.6663329, 0.10572576), (0.7089653, 0.10572576), (0.7089653, 0.44492346), (0.5147278, 0.105725706), (0.89921, 0.54498464), (0.89921, 0.99159163), (0.5147278, 0.4449234), (0.902962, 0.5302917), (0.750302, 0.5302917), (0.750302, 0.48736265), (0.902962, 0.48736265), (0.90271854, 0.06331746), (0.75009704, 0.06331748), (0.75009704, 0.020349998), (0.90271854, 0.02034996), (0.75144374, 0.10647383), (0.75144374, 0.44409153), (0.70988107, 0.44409153), (0.70988125, 0.10664159), (0.8938979, 0.99159163), (0.90262306, 0.10664162), (0.902623, 0.4440077), (0.88389814, 0.99159163), (0.75144374, 0.4864405), (0.902962, 0.4860591), (0.75144374, 0.064241245), (0.90271854, 0.06462302), (0.8938774, 0.54304796), (0.88389814, 0.54498476), (0.888898, 0.54498476), (0.8888979, 0.99159163), (0.8713287, 0.99159163), (0.87132883, 0.54498476), (0.78511155, 0.99159175), (0.77349746, 0.54498476), (0.89389503, 0.9936035), (0.8476366, 0.99159175), (0.7958952, 0.99159175), (0.7851118, 0.5449849), (0.893898, 0.54498476), (0.77349734, 0.99159163), (0.7958952, 0.5449849), (0.86067975, 0.99159163), (0.85668266, 0.99159163), (0.90086544, 0.99159163), (0.8729843, 0.54498476), (0.8729843, 0.99159163), (0.95534694, 0.54498476), (0.8566829, 0.54498476), (0.9553468, 0.99159163), (0.90086555, 0.54498476), (0.7831644, 0.5449849), (0.8992374, 0.54304796), (0.86067986, 0.54498476), (0.8730118, 0.54304796), (0.77993035, 0.99159163), (0.7799305, 0.54498476), (0.89922166, 0.9936035), (0.8730577, 0.99372244), (0.883862, 0.54304796), (0.8839091, 0.9936035), (0.88903713, 0.9936035), (0.7893939, 0.9936094), (0.77751195, 0.99159163), (0.7924355, 0.9936094), (0.7775121, 0.54498476), (0.88894224, 0.54304796), (0.7919642, 0.5430814), (0.79582083, 0.9936094), (0.78511083, 0.9936094), (0.7883462, 0.5430814), (0.84762776, 0.9936094), (0.7959007, 0.5430814), (0.8475827, 0.5430814), (0.8476348, 0.54498476), (0.7851026, 0.5430814), (0.7831646, 0.99159175), (0.8526838, 0.54498476), (0.8526857, 0.99159163), (0.7883433, 0.5449849), (0.7918807, 0.5449849), (0.7918806, 0.99159175), (0.7883433, 0.99159175), (0.36766303, 0.4953742), (0.7389947, 0.49537423), (0.7389947, 0.5245993), (0.36766303, 0.5245993), (0.7404728, 0.5246037), (0.36766303, 0.4899801), (0.7389947, 0.48998013), (0.36766303, 0.5299934), (0.7404728, 0.4953284), (0.7389947, 0.5299934), (0.36766303, 0.48181146), (0.7389947, 0.4818115), (0.7389947, 0.48836473), (0.36766303, 0.4883647), (0.36766303, 0.5316033), (0.7389947, 0.5316088), (0.7389945, 0.5381621), (0.36766285, 0.53815085), (0.74047315, 0.48997453), (0.740474, 0.5299927), (0.36766303, 0.4953742), (0.7389947, 0.49537423), (0.7389947, 0.5245993), (0.36766303, 0.5245993), (0.36766303, 0.4899801), (0.7389947, 0.48998013), (0.36766303, 0.5299934), (0.7389947, 0.5299934), (0.36766303, 0.48181146), (0.7389947, 0.4818115), (0.7389947, 0.48836473), (0.36766303, 0.4883647), (0.36766303, 0.5316033), (0.7389947, 0.5316088), (0.7389945, 0.5381621), (0.36766285, 0.53815085), (0.7404728, 0.5246037), (0.7404728, 0.4953284), (0.74047315, 0.48997453), (0.740474, 0.5299927)] (
                        interpolation = "faceVarying"
                    )
                    int[] primvars:st:indices = [0, 1, 2, 3, 4, 1, 0, 7, 8, 9, 10, 11, 12, 13, 14, 15, 16, 17, 18, 19, 16, 21, 22, 17, 24, 17, 22, 25, 16, 26, 27, 21, 3, 2, 19, 18, 10, 24, 25, 11, 13, 12, 27, 26, 51, 45, 20, 40, 29, 23, 47, 46, 20, 31, 30, 40, 23, 29, 30, 31, 75, 78, 79, 37, 33, 32, 43, 54, 44, 79, 78, 49, 43, 44, 49, 54, 28, 53, 51, 40, 59, 47, 23, 61, 32, 33, 46, 47, 55, 60, 29, 46, 40, 30, 67, 28, 36, 62, 31, 20, 29, 60, 67, 30, 61, 23, 31, 62, 80, 81, 82, 83, 38, 82, 81, 42, 34, 39, 80, 83, 57, 56, 64, 66, 48, 50, 45, 51, 64, 41, 35, 66, 56, 57, 52, 77, 63, 83, 82, 65, 68, 81, 80, 71, 45, 58, 36, 20, 42, 73, 74, 75, 38, 69, 65, 82, 81, 68, 73, 42, 52, 39, 34, 77, 76, 71, 80, 39, 70, 34, 83, 63, 84, 85, 86, 87, 84, 89, 90, 85, 91, 87, 86, 93, 94, 95, 96, 97, 98, 99, 100, 101, 88, 86, 85, 92, 90, 102, 92, 85, 90, 89, 97, 96, 99, 98, 91, 93, 103, 93, 86, 88, 72, 69, 38, 37, 37, 38, 42, 75, 104, 107, 106, 105, 104, 105, 109, 108, 110, 111, 106, 107, 112, 115, 114, 113, 116, 119, 118, 117, 120, 121, 105, 106, 109, 105, 121, 122, 109, 114, 115, 108, 117, 111, 110, 116, 123, 120, 106, 111]
                    texCoord2f[] primvars:st_1 = [(0.0069, 0.954), (0.0069, 0.9386), (0.162, 0.9386), (0.162, 0.954), (0.2216, 0.741), (0.3768, 0.741), (0.3768, 0.8335), (0.2216, 0.8335), (0.9893, 0.5091), (0.9893, 0.5245), (0.8968, 0.5245), (0.8968, 0.5091), (0.8743, 0.5104), (0.8743, 0.5258), (0.7819, 0.5258), (0.7819, 0.5104), (0.1613, 0.981), (0.0069, 0.981), (0.007, 0.9659), (0.1612, 0.9659), (0.0095, 0.9294), (0.0096, 0.8373), (0.1639, 0.8373), (0.164, 0.9294), (0.1745, 0.8425), (0.2666, 0.8426), (0.2666, 0.8576), (0.1746, 0.8576), (0.3934, 0.8351), (0.4854, 0.8351), (0.4854, 0.8501), (0.3933, 0.8502), (0.0073, 0.9928), (0.1616, 0.9928), (0.162, 0.9932), (0.0069, 0.9932), (0.3937, 0.7961), (0.4858, 0.7959), (0.4858, 0.7965), (0.3933, 0.7965), (0.4865, 0.782), (0.3944, 0.7818), (0.394, 0.7814), (0.4865, 0.7814), (0.9685, 0.7017), (0.9666, 0.7017), (0.9666, 0.5416), (0.9685, 0.5416), (0.9821, 0.5412), (0.9861, 0.5412), (0.9861, 0.7014), (0.9821, 0.7014), (0.9703, 0.5416), (0.9703, 0.7017), (0.9879, 0.5412), (0.9879, 0.7014), (0.96, 0.7014), (0.96, 0.5413), (0.9618, 0.5413), (0.9618, 0.7014), (0.975, 0.7012), (0.975, 0.541), (0.9788, 0.541), (0.9788, 0.7012), (0.9633, 0.7014), (0.9633, 0.5413), (0.9735, 0.7012), (0.9735, 0.541), (0.9457, 0.548), (0.9473, 0.5471), (0.9476, 0.5476), (0.946, 0.5485), (0.9397, 0.5425), (0.9382, 0.5416), (0.9385, 0.5411), (0.9401, 0.5421), (0.9479, 0.5447), (0.9459, 0.5414), (0.9464, 0.541), (0.9484, 0.5444), (0.9561, 0.7007), (0.9561, 0.5406), (0.9567, 0.5406), (0.9567, 0.7007), (0.9381, 0.5482), (0.9403, 0.545), (0.9408, 0.5453), (0.9386, 0.5486), (0.9407, 0.5436), (0.9413, 0.5435), (0.9482, 0.5461), (0.9488, 0.5462), (0.9252, 0.3313), (0.9252, 0.4986), (0.9239, 0.4986), (0.9239, 0.3313), (0.9519, 0.3313), (0.9519, 0.4986), (0.9224, 0.4986), (0.9224, 0.3313), (0.9264, 0.3313), (0.9264, 0.4986), (0.9154, 0.4986), (0.9145, 0.4986), (0.9145, 0.3313), (0.9154, 0.3313), (0.9778, 0.4986), (0.9574, 0.4986), (0.9574, 0.3313), (0.9778, 0.3313), (0.9169, 0.4986), (0.9169, 0.3313), (0.9133, 0.3313), (0.9133, 0.4986), (0.8943, 0.3333), (0.8947, 0.3325), (0.8955, 0.3325), (0.8949, 0.3337), (0.8856, 0.3326), (0.886, 0.3334), (0.8854, 0.3337), (0.8849, 0.3325), (0.9016, 0.3313), (0.9016, 0.4986), (0.901, 0.4986), (0.901, 0.3313), (0.8945, 0.3544), (0.8929, 0.3339), (0.8935, 0.3343), (0.8951, 0.3544), (0.8874, 0.334), (0.8858, 0.3544), (0.8852, 0.3544), (0.8868, 0.3344), (0.9078, 0.3313), (0.9078, 0.4986), (0.9071, 0.4986), (0.9071, 0.3313), (0.8857, 0.3313), (0.8849, 0.3313), (0.8947, 0.3313), (0.8955, 0.3313), (0.879, 0.2752), (0.9477, 0.2752), (0.9477, 0.2806), (0.879, 0.2806), (0.9477, 0.293), (0.879, 0.293), (0.879, 0.2921), (0.9477, 0.2921), (0.879, 0.289), (0.9477, 0.289), (0.9477, 0.29), (0.879, 0.29), (0.879, 0.2838), (0.879, 0.2826), (0.9477, 0.2826), (0.9477, 0.2838), (0.9477, 0.2858), (0.9477, 0.287), (0.879, 0.287), (0.879, 0.2858), (0.8849, 0.3009), (0.8791, 0.3009), (0.8793, 0.3007), (0.8847, 0.3007), (0.879, 0.2997), (0.8793, 0.2997), (0.9477, 0.2954), (0.879, 0.2954), (0.879, 0.2951), (0.9477, 0.2951), (0.879, 0.2974), (0.9477, 0.2974), (0.9477, 0.2977), (0.879, 0.2977), (0.885, 0.2997), (0.8847, 0.2997), (0.8852496, 0.35377988), (0.93252015, 0.4986), (0.93252015, 0.3313), (0.89505035, 0.3537768), (0.879, 0.2806), (0.9477, 0.2806), (0.9477, 0.2752), (0.879, 0.2752), (0.879, 0.2921), (0.879, 0.293), (0.9477, 0.293), (0.9477, 0.2921), (0.879, 0.289), (0.879, 0.29), (0.9477, 0.29), (0.9477, 0.289), (0.879, 0.2838), (0.9477, 0.2838), (0.9477, 0.2826), (0.879, 0.2826), (0.879, 0.287), (0.9477, 0.287), (0.9477, 0.2858), (0.879, 0.2858), (0.8849, 0.3009), (0.8847, 0.3007), (0.8793, 0.3007), (0.8791, 0.3009), (0.8793, 0.2997), (0.879, 0.2997), (0.9477, 0.2951), (0.879, 0.2951), (0.879, 0.2954), (0.9477, 0.2954), (0.9477, 0.2974), (0.879, 0.2974), (0.879, 0.2977), (0.9477, 0.2977), (0.885, 0.2997), (0.8847, 0.2997), (0.96600777, 0.7016999), (0.9660097, 0.5416), (0.9380092, 0.54080266), (0.9454764, 0.54879737)] (
                        interpolation = "faceVarying"
                    )
                    int[] primvars:st_1:indices = [1, 2, 3, 0, 5, 6, 7, 4, 9, 10, 11, 8, 13, 14, 15, 12, 16, 17, 18, 19, 20, 21, 22, 23, 27, 24, 25, 26, 31, 28, 29, 30, 34, 35, 32, 33, 39, 36, 37, 38, 42, 43, 40, 41, 218, 219, 47, 44, 49, 50, 51, 48, 47, 52, 53, 44, 50, 49, 54, 55, 57, 58, 59, 56, 62, 63, 60, 61, 64, 59, 58, 65, 60, 66, 67, 61, 72, 73, 220, 75, 77, 78, 79, 76, 80, 81, 82, 83, 84, 85, 86, 87, 75, 89, 88, 72, 69, 90, 91, 70, 86, 85, 88, 89, 76, 79, 91, 90, 93, 94, 95, 92, 99, 95, 94, 98, 100, 101, 93, 92, 103, 104, 105, 102, 107, 108, 109, 106, 105, 111, 110, 102, 104, 103, 113, 112, 115, 116, 117, 114, 119, 120, 121, 118, 221, 68, 69, 70, 133, 130, 131, 178, 128, 127, 114, 117, 120, 119, 130, 133, 135, 136, 137, 134, 138, 118, 121, 139, 140, 141, 116, 115, 145, 144, 143, 142, 148, 147, 146, 149, 150, 153, 152, 151, 154, 157, 156, 155, 160, 159, 158, 161, 162, 165, 164, 163, 167, 166, 163, 164, 171, 170, 169, 168, 173, 172, 175, 174, 176, 177, 165, 162, 126, 127, 128, 181, 180, 96, 97, 179, 182, 185, 184, 183, 186, 189, 188, 187, 190, 193, 192, 191, 194, 197, 196, 195, 198, 201, 200, 199, 202, 205, 204, 203, 206, 204, 205, 207, 208, 211, 210, 209, 212, 215, 214, 213, 216, 202, 203, 217]
                    uniform token subdivisionScheme = "none"
                }

                def Xform "FurnitureKnob_02"
                {
                    double3 xformOp:rotateXYZ = (-90, 90, 0)
                    double3 xformOp:scale = (124.99999813735486, 117.64705552361838, 147.05882198257842)
                    double3 xformOp:translate = (130.18626403808594, -36.62295753114364, 12.91229963302612)
                    uniform token[] xformOpOrder = ["xformOp:translate", "xformOp:rotateXYZ", "xformOp:scale"]

                    def Mesh "Mesh" (
                        apiSchemas = ["PhysicsCollisionAPI", "PhysicsMeshCollisionAPI", "PhysxCollisionAPI"]
                    )
                    {
                        int[] faceVertexCounts = [4, 4, 4, 4, 4, 4, 4, 4, 4, 4, 4, 4]
                        int[] faceVertexIndices = [0, 1, 2, 3, 4, 7, 6, 5, 0, 4, 5, 1, 1, 5, 6, 2, 2, 6, 7, 3, 3, 7, 4, 0, 8, 9, 10, 11, 12, 15, 14, 13, 8, 12, 13, 9, 9, 13, 14, 10, 10, 14, 15, 11, 11, 15, 12, 8]
                        rel material:binding = </toolbox_with_handle/toolbox/toolbox/drawer_02/FurnitureKnob_02/Mesh/WhiteMaterial>
                        uniform token physics:approximation = "convexHull"
                        point3f[] points = [(-0.0045, -0.016, 0), (0.0045, -0.016, 0), (0.0045, 0.016, 0), (-0.0045, 0.016, 0), (-0.0045, -0.016, 0.018), (0.0045, -0.016, 0.018), (0.0045, 0.016, 0.018), (-0.0045, 0.016, 0.018), (-0.016, -0.016, 0.018), (0.016, -0.016, 0.018), (0.016, 0.016, 0.018), (-0.016, 0.016, 0.018), (-0.016, -0.016, 0.022), (0.016, -0.016, 0.022), (0.016, 0.016, 0.022), (-0.016, 0.016, 0.022)]
                        uniform token subdivisionScheme = "none"

                        def Material "WhiteMaterial"
                        {
                            token outputs:surface.connect = </toolbox_with_handle/toolbox/toolbox/drawer_02/FurnitureKnob_02/Mesh/WhiteMaterial/Shader.outputs:surface>

                            def Shader "Shader"
                            {
                                uniform token info:id = "UsdPreviewSurface"
                                color3f inputs:diffuseColor = (0.95, 0.95, 0.95)
                                float inputs:roughness = 0.75
                                token outputs:surface
                            }
                        }
                    }
                }

                def "cavity_collision"
                {
                    def Cube "floor" (
                        apiSchemas = ["PhysicsCollisionAPI", "PhysxCollisionAPI"]
                    )
                    {
                        double size = 1
                        matrix4d xformOp:transform = ( (50.95071415603161, 0, 0, 0), (0, 20.278714985170982, 0, 0), (0, 0, 0.5882352879303135, 0), (130.18626403808594, -20.542423695428965, 9.496017172468573, 0.9999999999999998) )
                        uniform token[] xformOpOrder = ["xformOp:transform"]
                    }

                    def Cube "wall_left" (
                        apiSchemas = ["PhysicsCollisionAPI", "PhysxCollisionAPI"]
                    )
                    {
                        double size = 1
                        matrix4d xformOp:transform = ( (0.49999999254941946, 0, 0, 0), (0, 20.278714985170982, 0, 0), (0, 0, 6.832564921115095, 0), (104.46090696379541, -20.542423695428965, 13.206417276991276, 0.9999999999999998) )
                        uniform token[] xformOpOrder = ["xformOp:transform"]
                    }

                    def Cube "wall_right" (
                        apiSchemas = ["PhysicsCollisionAPI", "PhysxCollisionAPI"]
                    )
                    {
                        double size = 1
                        matrix4d xformOp:transform = ( (0.49999999254941946, 0, 0, 0), (0, 20.278714985170982, 0, 0), (0, 0, 6.832564921115095, 0), (155.91162111237645, -20.542423695428965, 13.206417276991276, 0.9999999999999998) )
                        uniform token[] xformOpOrder = ["xformOp:transform"]
                    }

                    def Cube "wall_back" (
                        apiSchemas = ["PhysicsCollisionAPI", "PhysxCollisionAPI"]
                    )
                    {
                        double size = 1
                        matrix4d xformOp:transform = ( (51.95071414113045, 0, 0, 0), (0, 0.4705882220944735, 0, 0), (0, 0, 6.832564921115095, 0), (130.18626403808594, -10.167772091796238, 13.206417276991276, 0.9999999999999998) )
                        uniform token[] xformOpOrder = ["xformOp:transform"]
                    }

                    def Cube "wall_front" (
                        apiSchemas = ["PhysicsCollisionAPI", "PhysxCollisionAPI"]
                    )
                    {
                        double size = 1
                        matrix4d xformOp:transform = ( (51.95071414113045, 0, 0, 0), (0, 0.4705882220944735, 0, 0), (0, 0, 6.832564921115095, 0), (130.18626403808594, -30.9170752990617, 13.206417276991276, 0.9999999999999998) )
                        uniform token[] xformOpOrder = ["xformOp:transform"]
                    }
                }
            }

            def Xform "handle"
            {
                float3 xformOp:rotateXYZ = (-49.99999, -0, 0)
                float3 xformOp:scale = (1, 1, 1)
                double3 xformOp:translate = (0, -28.889736470511142, -5.510945417785589)
                uniform token[] xformOpOrder = ["xformOp:translate", "xformOp:rotateXYZ", "xformOp:scale"]

                def Mesh "handle" (
                    apiSchemas = ["MaterialBindingAPI"]
                )
                {
                    float3[] extent = [(121.3186, -21.39, 27.5896), (139.0412, -19.318, 34.2342)]
                    int[] faceVertexCounts = [4, 4, 4, 4, 4, 4, 4, 4, 4, 4, 4, 4, 4, 4, 4, 4, 4, 4, 4, 4, 4, 4, 4, 4, 4, 4, 4, 4, 4, 4, 4, 4, 4, 4, 4, 4, 4, 4, 4, 4, 4, 4, 4, 4, 4, 4, 4, 4, 4, 4, 4, 4, 4, 4, 4, 4, 4, 4, 4, 4, 4, 4, 4, 4, 4, 4, 4, 4, 4, 4, 4, 4, 4, 4, 4, 4, 4, 4, 4, 4, 4, 4, 4, 4, 4, 4, 4, 4, 4, 4, 4, 4, 4, 4, 4, 4, 4, 4, 4, 4, 4, 4, 4, 4, 4, 4, 4, 4, 4, 4, 4, 4, 4, 4, 4, 4, 4, 4, 4, 4, 4, 4, 4, 4, 4, 4, 4, 4, 4, 4, 4, 4, 4, 4, 4, 4, 4, 4, 4, 4, 4, 4, 4, 4, 4, 4, 4, 4, 4, 4, 4, 4, 4, 4, 4, 4, 4, 4, 4, 4, 4, 4, 4, 4, 4, 4, 4, 4, 4, 4, 4, 4, 4, 4, 4, 4, 4, 4, 4, 4, 4, 4, 4, 4, 4, 4, 4, 4, 4, 4, 4, 4, 4, 4, 4, 4, 4, 4, 4, 4, 4, 4, 4, 4, 4, 4, 4, 4, 4, 4, 4, 4, 4, 4, 4, 4, 4, 4, 4, 4, 4, 4, 4, 4, 4, 4, 4, 4]
                    int[] faceVertexIndices = [1, 2, 3, 0, 4, 5, 2, 1, 6, 7, 5, 4, 8, 9, 7, 6, 10, 11, 9, 8, 12, 13, 11, 10, 12, 14, 15, 13, 14, 16, 17, 15, 16, 18, 19, 17, 18, 20, 21, 19, 20, 22, 23, 21, 22, 0, 3, 23, 2, 24, 25, 3, 5, 26, 24, 2, 7, 27, 26, 5, 7, 9, 28, 27, 9, 11, 29, 28, 11, 13, 30, 29, 15, 31, 30, 13, 17, 32, 31, 15, 19, 33, 32, 17, 34, 33, 19, 21, 35, 34, 21, 23, 25, 35, 23, 3, 36, 37, 38, 39, 37, 40, 41, 38, 40, 42, 43, 41, 42, 44, 45, 43, 44, 46, 47, 45, 46, 48, 49, 47, 50, 51, 49, 48, 52, 53, 51, 50, 54, 55, 53, 52, 56, 57, 55, 54, 58, 59, 57, 56, 36, 39, 59, 58, 60, 61, 62, 63, 61, 64, 65, 62, 64, 66, 67, 65, 66, 68, 69, 67, 68, 70, 71, 69, 70, 72, 73, 71, 74, 75, 73, 72, 76, 77, 75, 74, 78, 79, 77, 76, 80, 81, 79, 78, 82, 83, 81, 80, 60, 63, 83, 82, 84, 85, 63, 62, 86, 84, 62, 65, 87, 86, 65, 67, 88, 87, 67, 69, 89, 88, 69, 71, 90, 89, 71, 73, 90, 73, 75, 91, 91, 75, 77, 92, 92, 77, 79, 93, 93, 79, 81, 94, 94, 81, 83, 95, 95, 83, 63, 85, 84, 96, 97, 85, 86, 98, 96, 84, 87, 99, 98, 86, 100, 99, 87, 88, 88, 89, 101, 100, 89, 90, 102, 101, 91, 103, 102, 90, 92, 104, 103, 91, 93, 105, 104, 92, 93, 94, 106, 105, 94, 95, 107, 106, 95, 85, 97, 107, 61, 60, 39, 38, 64, 61, 38, 41, 66, 64, 41, 43, 68, 66, 43, 45, 70, 68, 45, 47, 72, 70, 47, 49, 51, 74, 72, 49, 53, 76, 74, 51, 55, 78, 76, 53, 57, 80, 78, 55, 59, 82, 80, 57, 39, 60, 82, 59, 37, 36, 25, 24, 40, 37, 24, 26, 42, 40, 26, 27, 44, 42, 27, 28, 46, 44, 28, 29, 48, 46, 29, 30, 48, 30, 31, 50, 50, 31, 32, 52, 52, 32, 33, 54, 54, 33, 34, 56, 56, 34, 35, 58, 58, 35, 25, 36, 109, 110, 111, 108, 113, 109, 108, 112, 115, 113, 112, 114, 117, 115, 114, 116, 119, 117, 116, 118, 121, 122, 123, 120, 124, 125, 121, 120, 127, 125, 124, 126, 129, 127, 126, 128, 110, 129, 128, 111, 131, 132, 133, 130, 132, 134, 135, 133, 134, 136, 137, 135, 136, 138, 139, 137, 138, 140, 141, 139, 140, 142, 143, 141, 143, 142, 144, 145, 145, 144, 146, 147, 147, 146, 148, 149, 149, 148, 150, 151, 151, 150, 152, 153, 153, 152, 131, 130, 154, 155, 132, 131, 155, 156, 134, 132, 156, 157, 136, 134, 136, 157, 158, 138, 138, 158, 159, 140, 140, 159, 160, 142, 144, 142, 160, 161, 146, 144, 161, 162, 148, 146, 162, 163, 148, 163, 164, 150, 150, 164, 165, 152, 152, 165, 154, 131, 166, 167, 168, 169, 169, 168, 170, 171, 171, 170, 172, 173, 173, 172, 174, 175, 175, 174, 176, 177, 177, 176, 178, 179, 178, 180, 181, 179, 180, 182, 183, 181, 182, 184, 185, 183, 184, 186, 187, 185, 186, 188, 189, 187, 188, 167, 166, 189, 190, 191, 192, 193, 193, 192, 194, 195, 195, 194, 196, 197, 197, 196, 198, 199, 199, 198, 200, 201, 201, 200, 202, 203, 202, 204, 205, 203, 204, 206, 207, 205, 206, 208, 209, 207, 208, 210, 211, 209, 210, 212, 213, 211, 212, 191, 190, 213, 214, 192, 191, 215, 216, 194, 192, 214, 217, 196, 194, 216, 218, 198, 196, 217, 219, 200, 198, 218, 220, 202, 200, 219, 204, 202, 220, 221, 206, 204, 221, 222, 208, 206, 222, 223, 210, 208, 223, 224, 212, 210, 224, 225, 191, 212, 225, 215, 226, 227, 214, 215, 227, 228, 216, 214, 228, 229, 217, 216, 230, 218, 217, 229, 218, 230, 231, 219, 219, 231, 232, 220, 232, 233, 221, 220, 233, 234, 222, 221, 234, 235, 223, 222, 223, 235, 236, 224, 224, 236, 237, 225, 225, 237, 226, 215, 193, 168, 167, 190, 195, 170, 168, 193, 197, 172, 170, 195, 199, 174, 172, 197, 201, 176, 174, 199, 203, 178, 176, 201, 180, 178, 203, 205, 182, 180, 205, 207, 184, 182, 207, 209, 186, 184, 209, 211, 188, 186, 211, 213, 167, 188, 213, 190, 154, 166, 169, 155, 155, 169, 171, 156, 156, 171, 173, 157, 157, 173, 175, 158, 158, 175, 177, 159, 159, 177, 179, 160, 161, 160, 179, 181, 162, 161, 181, 183, 163, 162, 183, 185, 164, 163, 185, 187, 165, 164, 187, 189, 154, 165, 189, 166, 238, 239, 119, 118, 123, 122, 239, 238, 111, 97, 96, 108, 108, 96, 98, 112, 114, 112, 98, 99, 116, 114, 99, 100, 118, 116, 100, 101, 238, 118, 101, 102, 103, 123, 238, 102, 104, 120, 123, 103, 105, 124, 120, 104, 106, 126, 124, 105, 128, 126, 106, 107, 111, 128, 107, 97, 110, 109, 227, 226, 109, 113, 228, 227, 228, 113, 115, 229, 229, 115, 117, 230, 230, 117, 119, 231, 231, 119, 239, 232, 239, 122, 233, 232, 122, 121, 234, 233, 121, 125, 235, 234, 125, 127, 236, 235, 129, 237, 236, 127, 110, 226, 237, 129]
                    rel material:binding = </toolbox_with_handle/toolbox/Looks/Material__25>
                    normal3f[] normals = [(0, -0.50117564, 0.8653456), (-0.096121706, -0.5117179, 0.8537596), (-0.09374067, 0, 0.9955967), (0, 0, 1), (0, -0.8653478, 0.5011719), (-0.07203831, -0.8792881, 0.4708109), (-0.096121706, -0.5117179, 0.8537596), (0, -0.50117564, 0.8653456), (0, -1, -0.00004158356), (0.0063859457, -0.9995269, -0.030087162), (-0.07203831, -0.8792881, 0.4708109), (0, -0.8653478, 0.5011719), (0, -0.8653838, -0.5011095), (0.108041264, -0.8561475, -0.50531036), (0.0063859457, -0.9995269, -0.030087162), (0, -1, -0.00004158356), (0, -0.5011436, -0.86536413), (0.19075568, -0.49558622, -0.8473527), (0.108041264, -0.8561475, -0.50531036), (0, -0.8653838, -0.5011095), (0, 0, -1), (0.22299561, 0, -0.9748194), (0.19075568, -0.49558622, -0.8473527), (0, -0.5011436, -0.86536413), (0, 0, -1), (0, 0.5011436, -0.86536413), (0.19075567, 0.49558622, -0.84735274), (0.22299561, 0, -0.9748194), (0, 0.5011436, -0.86536413), (0, 0.86538243, -0.501112), (0.1080417, 0.8561462, -0.5053124), (0.19075567, 0.49558622, -0.84735274), (0, 0.86538243, -0.501112), (0, 1, -0.000041593452), (0.0063860854, 0.99952686, -0.030087808), (0.1080417, 0.8561462, -0.5053124), (0, 1, -0.000041593452), (0, 0.8653463, 0.50117433), (-0.07203877, 0.87928665, 0.47081357), (0.0063860854, 0.99952686, -0.030087808), (0, 0.8653463, 0.50117433), (0, 0.50117564, 0.8653456), (-0.096121706, 0.51171786, 0.8537597), (-0.07203877, 0.87928665, 0.47081357), (0, 0.50117564, 0.8653456), (0, 0, 1), (-0.09374067, 0, 0.9955967), (-0.096121706, 0.51171786, 0.8537597), (-0.096121706, -0.5117179, 0.8537596), (-0.46607673, -0.5449479, 0.6969967), (-0.5636206, 9.944304e-9, 0.8260338), (-0.09374067, 0, 0.9955967), (-0.07203831, -0.8792881, 0.4708109), (-0.2484084, -0.8894347, 0.3836654), (-0.46607673, -0.5449479, 0.6969967), (-0.096121706, -0.5117179, 0.8537596), (0.0063859457, -0.9995269, -0.030087162), (0.016852606, -0.9995373, -0.025322782), (-0.2484084, -0.8894347, 0.3836654), (-0.07203831, -0.8792881, 0.4708109), (0.0063859457, -0.9995269, -0.030087162), (0.108041264, -0.8561475, -0.50531036), (0.27386707, -0.85878634, -0.43299276), (0.016852606, -0.9995373, -0.025322782), (0.108041264, -0.8561475, -0.50531036), (0.19075568, -0.49558622, -0.8473527), (0.46188593, -0.49776527, -0.7340921), (0.27386707, -0.85878634, -0.43299276), (0.19075568, -0.49558622, -0.8473527), (0.22299561, 0, -0.9748194), (0.53201044, 0, -0.84673786), (0.46188593, -0.49776527, -0.7340921), (0.19075567, 0.49558622, -0.84735274), (0.46188593, 0.49776527, -0.734092), (0.53201044, 0, -0.84673786), (0.22299561, 0, -0.9748194), (0.1080417, 0.8561462, -0.5053124), (0.2738683, 0.8587851, -0.4329947), (0.46188593, 0.49776527, -0.734092), (0.19075567, 0.49558622, -0.84735274), (0.0063860854, 0.99952686, -0.030087808), (0.016852954, 0.9995373, -0.025323303), (0.2738683, 0.8587851, -0.4329947), (0.1080417, 0.8561462, -0.5053124), (-0.24841005, 0.88943326, 0.38366786), (0.016852954, 0.9995373, -0.025323303), (0.0063860854, 0.99952686, -0.030087808), (-0.07203877, 0.87928665, 0.47081357), (-0.46607664, 0.54494786, 0.6969966), (-0.24841005, 0.88943326, 0.38366786), (-0.07203877, 0.87928665, 0.47081357), (-0.096121706, 0.51171786, 0.8537597), (-0.5636206, 9.944304e-9, 0.8260338), (-0.46607664, 0.54494786, 0.6969966), (-0.096121706, 0.51171786, 0.8537597), (-0.09374067, 0, 0.9955967), (-0.8532081, 9.795464e-9, 0.5215706), (-0.73299646, -0.49372205, 0.46792594), (-0.7528063, -0.48624492, 0.443676), (-0.8579437, 0.000008510985, 0.51374364), (-0.73299646, -0.49372205, 0.46792594), (-0.4076674, -0.8685331, 0.28188255), (-0.45750204, -0.8536831, 0.24883105), (-0.7528063, -0.48624492, 0.443676), (-0.4076674, -0.8685331, 0.28188255), (0.0077919546, -0.9996611, -0.024839247), (-0.031821992, -0.99913025, -0.026946306), (-0.45750204, -0.8536831, 0.24883105), (0.0077919546, -0.9996611, -0.024839247), (0.38782197, -0.8545413, -0.3454755), (0.4026168, -0.8640686, -0.3021341), (-0.031821992, -0.99913025, -0.026946306), (0.38782197, -0.8545413, -0.3454755), (0.6496809, -0.4908473, -0.580503), (0.7136098, -0.49567914, -0.49503863), (0.4026168, -0.8640686, -0.3021341), (0.6496809, -0.4908473, -0.580503), (0.74439603, 0, -0.6677384), (0.82591486, 0.000007909619, -0.56379473), (0.7136098, -0.49567914, -0.49503863), (0.64967144, 0.49086803, -0.580496), (0.71359074, 0.4957357, -0.49500942), (0.82591486, 0.000007909619, -0.56379473), (0.74439603, 0, -0.6677384), (0.38782752, 0.8545404, -0.34547147), (0.40266633, 0.86404157, -0.3021456), (0.71359074, 0.4957357, -0.49500942), (0.64967144, 0.49086803, -0.580496), (0.007806596, 0.99966097, -0.024841068), (-0.03181558, 0.9991305, -0.026944779), (0.40266633, 0.86404157, -0.3021456), (0.38782752, 0.8545404, -0.34547147), (-0.4076784, 0.8685235, 0.28189567), (-0.45753103, 0.853657, 0.24886772), (-0.03181558, 0.9991305, -0.026944779), (0.007806596, 0.99966097, -0.024841068), (-0.7329826, 0.4937476, 0.46792066), (-0.7527737, 0.4863013, 0.44366965), (-0.45753103, 0.853657, 0.24886772), (-0.4076784, 0.8685235, 0.28189567), (-0.8532081, 9.795464e-9, 0.5215706), (-0.8579437, 0.000008510985, 0.51374364), (-0.7527737, 0.4863013, 0.44366965), (-0.7329826, 0.4937476, 0.46792066), (-0.7544302, 0.000015303076, 0.6563803), (-0.666377, -0.484625, 0.5666393), (-0.48568016, -0.49197143, 0.7225502), (-0.54954934, 0.000007616626, 0.83546126), (-0.666377, -0.484625, 0.5666393), (-0.42091945, -0.8481161, 0.3217545), (-0.310208, -0.8547714, 0.41609734), (-0.48568016, -0.49197143, 0.7225502), (-0.42091945, -0.8481161, 0.3217545), (-0.06431583, -0.9977276, -0.020075466), (-0.059693396, -0.99817944, -0.008638343), (-0.310208, -0.8547714, 0.41609734), (-0.06431583, -0.9977276, -0.020075466), (0.3157547, -0.8757743, -0.36512774), (0.20678782, -0.8747807, -0.4381752), (-0.059693396, -0.99817944, -0.008638343), (0.3157547, -0.8757743, -0.36512774), (0.6039898, -0.50979286, -0.6126236), (0.4149264, -0.51186186, -0.75221914), (0.20678782, -0.8747807, -0.4381752), (0.6039898, -0.50979286, -0.6126236), (0.7121838, 0.000017117613, -0.70199317), (0.49596712, 0.000008255137, -0.86834127), (0.4149264, -0.51186186, -0.75221914), (0.60394424, 0.5098095, -0.6126546), (0.41485602, 0.5118853, -0.75224185), (0.49596712, 0.000008255137, -0.86834127), (0.7121838, 0.000017117613, -0.70199317), (0.315766, 0.8757453, -0.36518767), (0.20669971, 0.8747985, -0.4381813), (0.41485602, 0.5118853, -0.75224185), (0.60394424, 0.5098095, -0.6126546), (-0.06433574, 0.9977266, -0.020063097), (-0.0597466, 0.9981761, -0.008659865), (0.20669971, 0.8747985, -0.4381813), (0.315766, 0.8757453, -0.36518767), (-0.42096043, 0.8480947, 0.3217574), (-0.31024596, 0.8547855, 0.41603982), (-0.0597466, 0.9981761, -0.008659865), (-0.06433574, 0.9977266, -0.020063097), (-0.66638935, 0.48463625, 0.56661534), (-0.48570365, 0.49198842, 0.7225229), (-0.31024596, 0.8547855, 0.41603982), (-0.42096043, 0.8480947, 0.3217574), (-0.7544302, 0.000015303076, 0.6563803), (-0.54954934, 0.000007616626, 0.83546126), (-0.48570365, 0.49198842, 0.7225229), (-0.66638935, 0.48463625, 0.56661534), (-0.30288416, -0.48284644, 0.82165724), (-0.32951552, 0, 0.94415015), (-0.54954934, 0.000007616626, 0.83546126), (-0.48568016, -0.49197143, 0.7225502), (-0.22473519, -0.8469567, 0.48182842), (-0.30288416, -0.48284644, 0.82165724), (-0.48568016, -0.49197143, 0.7225502), (-0.310208, -0.8547714, 0.41609734), (-0.09741485, -0.99524343, -0.0008933562), (-0.22473519, -0.8469567, 0.48182842), (-0.310208, -0.8547714, 0.41609734), (-0.059693396, -0.99817944, -0.008638343), (0.05963528, -0.8690675, -0.49108595), (-0.09741485, -0.99524343, -0.0008933562), (-0.059693396, -0.99817944, -0.008638343), (0.20678782, -0.8747807, -0.4381752), (0.19559006, -0.5035104, -0.8415592), (0.05963528, -0.8690675, -0.49108595), (0.20678782, -0.8747807, -0.4381752), (0.4149264, -0.51186186, -0.75221914), (0.25074768, 9.687827e-9, -0.9680525), (0.19559006, -0.5035104, -0.8415592), (0.4149264, -0.51186186, -0.75221914), (0.49596712, 0.000008255137, -0.86834127), (0.25074768, 9.687827e-9, -0.9680525), (0.49596712, 0.000008255137, -0.86834127), (0.41485602, 0.5118853, -0.75224185), (0.1955901, 0.5035104, -0.8415592), (0.1955901, 0.5035104, -0.8415592), (0.41485602, 0.5118853, -0.75224185), (0.20669971, 0.8747985, -0.4381813), (0.0596011, 0.8690935, -0.491044), (0.0596011, 0.8690935, -0.491044), (0.20669971, 0.8747985, -0.4381813), (-0.0597466, 0.9981761, -0.008659865), (-0.09743163, 0.99524176, -0.000916217), (-0.09743163, 0.99524176, -0.000916217), (-0.0597466, 0.9981761, -0.008659865), (-0.31024596, 0.8547855, 0.41603982), (-0.22473174, 0.8469842, 0.48178148), (-0.22473174, 0.8469842, 0.48178148), (-0.31024596, 0.8547855, 0.41603982), (-0.48570365, 0.49198842, 0.7225229), (-0.30288416, 0.48284644, 0.8216572), (-0.30288416, 0.48284644, 0.8216572), (-0.48570365, 0.49198842, 0.7225229), (-0.54954934, 0.000007616626, 0.83546126), (-0.32951552, 0, 0.94415015), (-0.30288416, -0.48284644, 0.82165724), (-0.18064496, -0.47069564, 0.86360466), (-0.17846757, 0.0000057881175, 0.9839458), (-0.32951552, 0, 0.94415015), (-0.22473519, -0.8469567, 0.48182842), (-0.17493321, -0.8409608, 0.5120384), (-0.18064496, -0.47069564, 0.86360466), (-0.30288416, -0.48284644, 0.82165724), (-0.09741485, -0.99524343, -0.0008933562), (-0.13418238, -0.99089855, -0.010734478), (-0.17493321, -0.8409608, 0.5120384), (-0.22473519, -0.8469567, 0.48182842), (-0.051647633, -0.8452711, -0.53183585), (-0.13418238, -0.99089855, -0.010734478), (-0.09741485, -0.99524343, -0.0008933562), (0.05963528, -0.8690675, -0.49108595), (0.05963528, -0.8690675, -0.49108595), (0.19559006, -0.5035104, -0.8415592), (0.035073385, -0.47511703, -0.87922335), (-0.051647633, -0.8452711, -0.53183585), (0.19559006, -0.5035104, -0.8415592), (0.25074768, 9.687827e-9, -0.9680525), (0.0725418, 0.0000057746834, -0.99736536), (0.035073385, -0.47511703, -0.87922335), (0.1955901, 0.5035104, -0.8415592), (0.035090484, 0.47511593, -0.8792232), (0.0725418, 0.0000057746834, -0.99736536), (0.25074768, 9.687827e-9, -0.9680525), (0.0596011, 0.8690935, -0.491044), (-0.051642947, 0.8452919, -0.5318031), (0.035090484, 0.47511593, -0.8792232), (0.1955901, 0.5035104, -0.8415592), (-0.09743163, 0.99524176, -0.000916217), (-0.13418289, 0.99089843, -0.010732888), (-0.051642947, 0.8452919, -0.5318031), (0.0596011, 0.8690935, -0.491044), (-0.09743163, 0.99524176, -0.000916217), (-0.22473174, 0.8469842, 0.48178148), (-0.1749211, 0.84097904, 0.5120126), (-0.13418289, 0.99089843, -0.010732888), (-0.22473174, 0.8469842, 0.48178148), (-0.30288416, 0.48284644, 0.8216572), (-0.18063164, 0.4706935, 0.86360866), (-0.1749211, 0.84097904, 0.5120126), (-0.30288416, 0.48284644, 0.8216572), (-0.32951552, 0, 0.94415015), (-0.17846757, 0.0000057881175, 0.9839458), (-0.18063164, 0.4706935, 0.86360866), (-0.666377, -0.484625, 0.5666393), (-0.7544302, 0.000015303076, 0.6563803), (-0.8579437, 0.000008510985, 0.51374364), (-0.7528063, -0.48624492, 0.443676), (-0.42091945, -0.8481161, 0.3217545), (-0.666377, -0.484625, 0.5666393), (-0.7528063, -0.48624492, 0.443676), (-0.45750204, -0.8536831, 0.24883105), (-0.06431583, -0.9977276, -0.020075466), (-0.42091945, -0.8481161, 0.3217545), (-0.45750204, -0.8536831, 0.24883105), (-0.031821992, -0.99913025, -0.026946306), (0.3157547, -0.8757743, -0.36512774), (-0.06431583, -0.9977276, -0.020075466), (-0.031821992, -0.99913025, -0.026946306), (0.4026168, -0.8640686, -0.3021341), (0.6039898, -0.50979286, -0.6126236), (0.3157547, -0.8757743, -0.36512774), (0.4026168, -0.8640686, -0.3021341), (0.7136098, -0.49567914, -0.49503863), (0.7121838, 0.000017117613, -0.70199317), (0.6039898, -0.50979286, -0.6126236), (0.7136098, -0.49567914, -0.49503863), (0.82591486, 0.000007909619, -0.56379473), (0.71359074, 0.4957357, -0.49500942), (0.60394424, 0.5098095, -0.6126546), (0.7121838, 0.000017117613, -0.70199317), (0.82591486, 0.000007909619, -0.56379473), (0.40266633, 0.86404157, -0.3021456), (0.315766, 0.8757453, -0.36518767), (0.60394424, 0.5098095, -0.6126546), (0.71359074, 0.4957357, -0.49500942), (-0.03181558, 0.9991305, -0.026944779), (-0.06433574, 0.9977266, -0.020063097), (0.315766, 0.8757453, -0.36518767), (0.40266633, 0.86404157, -0.3021456), (-0.45753103, 0.853657, 0.24886772), (-0.42096043, 0.8480947, 0.3217574), (-0.06433574, 0.9977266, -0.020063097), (-0.03181558, 0.9991305, -0.026944779), (-0.7527737, 0.4863013, 0.44366965), (-0.66638935, 0.48463625, 0.56661534), (-0.42096043, 0.8480947, 0.3217574), (-0.45753103, 0.853657, 0.24886772), (-0.8579437, 0.000008510985, 0.51374364), (-0.7544302, 0.000015303076, 0.6563803), (-0.66638935, 0.48463625, 0.56661534), (-0.7527737, 0.4863013, 0.44366965), (-0.73299646, -0.49372205, 0.46792594), (-0.8532081, 9.795464e-9, 0.5215706), (-0.5636206, 9.944304e-9, 0.8260338), (-0.46607673, -0.5449479, 0.6969967), (-0.4076674, -0.8685331, 0.28188255), (-0.73299646, -0.49372205, 0.46792594), (-0.46607673, -0.5449479, 0.6969967), (-0.2484084, -0.8894347, 0.3836654), (0.0077919546, -0.9996611, -0.024839247), (-0.4076674, -0.8685331, 0.28188255), (-0.2484084, -0.8894347, 0.3836654), (0.016852606, -0.9995373, -0.025322782), (0.38782197, -0.8545413, -0.3454755), (0.0077919546, -0.9996611, -0.024839247), (0.016852606, -0.9995373, -0.025322782), (0.27386707, -0.85878634, -0.43299276), (0.6496809, -0.4908473, -0.580503), (0.38782197, -0.8545413, -0.3454755), (0.27386707, -0.85878634, -0.43299276), (0.46188593, -0.49776527, -0.7340921), (0.74439603, 0, -0.6677384), (0.6496809, -0.4908473, -0.580503), (0.46188593, -0.49776527, -0.7340921), (0.53201044, 0, -0.84673786), (0.74439603, 0, -0.6677384), (0.53201044, 0, -0.84673786), (0.46188593, 0.49776527, -0.734092), (0.64967144, 0.49086803, -0.580496), (0.64967144, 0.49086803, -0.580496), (0.46188593, 0.49776527, -0.734092), (0.2738683, 0.8587851, -0.4329947), (0.38782752, 0.8545404, -0.34547147), (0.38782752, 0.8545404, -0.34547147), (0.2738683, 0.8587851, -0.4329947), (0.016852954, 0.9995373, -0.025323303), (0.007806596, 0.99966097, -0.024841068), (0.007806596, 0.99966097, -0.024841068), (0.016852954, 0.9995373, -0.025323303), (-0.24841005, 0.88943326, 0.38366786), (-0.4076784, 0.8685235, 0.28189567), (-0.4076784, 0.8685235, 0.28189567), (-0.24841005, 0.88943326, 0.38366786), (-0.46607664, 0.54494786, 0.6969966), (-0.7329826, 0.4937476, 0.46792066), (-0.7329826, 0.4937476, 0.46792066), (-0.46607664, 0.54494786, 0.6969966), (-0.5636206, 9.944304e-9, 0.8260338), (-0.8532081, 9.795464e-9, 0.5215706), (0.07642322, -0.45710203, 0.8861249), (0.07331169, 0.000016078382, 0.9973091), (-0.073302954, 0.000016093165, 0.99730974), (-0.0764138, -0.4571019, 0.8861257), (0.079379566, -0.83554626, 0.5436556), (0.07642322, -0.45710203, 0.8861249), (-0.0764138, -0.4571019, 0.8861257), (-0.07936928, -0.835547, 0.54365605), (0.06787821, -0.99768245, 0.0047496133), (0.079379566, -0.83554626, 0.5436556), (-0.07936928, -0.835547, 0.54365605), (-0.06786887, -0.9976829, 0.004748708), (0.03624022, -0.842262, -0.53784883), (0.06787821, -0.99768245, 0.0047496133), (-0.06786887, -0.9976829, 0.004748708), (-0.0362348, -0.84226155, -0.5378499), (0.00003184846, -0.4633805, -0.8861594), (0.03624022, -0.842262, -0.53784883), (-0.0362348, -0.84226155, -0.5378499), (-0.000031755633, -0.4633795, -0.8861599), (0.03624915, 0.84224993, -0.53786707), (0.0000117609325, 0.46334082, -0.88618016), (-0.000011672995, 0.46333987, -0.88618064), (-0.03624373, 0.84224945, -0.5378682), (-0.0678995, 0.9976809, 0.00474353), (0.06790882, 0.9976802, 0.0047444194), (0.03624915, 0.84224993, -0.53786707), (-0.03624373, 0.84224945, -0.5378682), (0.07938433, 0.83553195, 0.54367685), (0.06790882, 0.9976802, 0.0047444194), (-0.0678995, 0.9976809, 0.00474353), (-0.07937404, 0.8355326, 0.5436773), (0.07640978, 0.45706525, 0.88614494), (0.07938433, 0.83553195, 0.54367685), (-0.07937404, 0.8355326, 0.5436773), (-0.076400384, 0.45706522, 0.88614583), (0.07331169, 0.000016078382, 0.9973091), (0.07640978, 0.45706525, 0.88614494), (-0.076400384, 0.45706522, 0.88614583), (-0.073302954, 0.000016093165, 0.99730974), (0.093683414, -9.737747e-9, 0.995602), (0.096124426, -0.5117173, 0.8537596), (0, -0.50117564, 0.86534554), (0, 0, 1), (0.096124426, -0.5117173, 0.8537596), (0.07206233, -0.87929314, 0.47079784), (0, -0.8653478, 0.5011719), (0, -0.50117564, 0.86534554), (0.07206233, -0.87929314, 0.47079784), (-0.0063896603, -0.9995265, -0.030099116), (0, -1, -0.00004158356), (0, -0.8653478, 0.5011719), (-0.0063896603, -0.9995265, -0.030099116), (-0.10805842, -0.85615087, -0.5053009), (0, -0.8653838, -0.5011095), (0, -1, -0.00004158356), (-0.10805842, -0.85615087, -0.5053009), (-0.19076094, -0.49559397, -0.847347), (0, -0.5011436, -0.86536413), (0, -0.8653838, -0.5011095), (-0.19076094, -0.49559397, -0.847347), (-0.22299576, 0, -0.9748194), (0, 0, -1), (0, -0.5011436, -0.86536413), (0, 0, -1), (-0.22299576, 0, -0.9748194), (-0.19076096, 0.495594, -0.84734696), (0, 0.5011436, -0.86536413), (0, 0.5011436, -0.86536413), (-0.19076096, 0.495594, -0.84734696), (-0.10805887, 0.8561496, -0.50530297), (0, 0.86538243, -0.501112), (0, 0.86538243, -0.501112), (-0.10805887, 0.8561496, -0.50530297), (-0.006389803, 0.99952644, -0.030099772), (0, 1, -0.00004159345), (0, 1, -0.00004159345), (-0.006389803, 0.99952644, -0.030099772), (0.07206278, 0.87929165, 0.47080058), (0, 0.8653463, 0.50117433), (0, 0.8653463, 0.50117433), (0.07206278, 0.87929165, 0.47080058), (0.09612445, 0.5117173, 0.8537596), (0, 0.50117564, 0.86534554), (0, 0.50117564, 0.86534554), (0.09612445, 0.5117173, 0.8537596), (0.093683414, -9.737747e-9, 0.995602), (0, 0, 1), (0.56359917, 0, 0.8260485), (0.46605816, -0.5449235, 0.69702816), (0.096124426, -0.5117173, 0.8537596), (0.093683414, -9.737747e-9, 0.995602), (0.46605816, -0.5449235, 0.69702816), (0.2483964, -0.8893984, 0.38375726), (0.07206233, -0.87929314, 0.47079784), (0.096124426, -0.5117173, 0.8537596), (0.2483964, -0.8893984, 0.38375726), (-0.01683431, -0.99953836, -0.02529292), (-0.0063896603, -0.9995265, -0.030099116), (0.07206233, -0.87929314, 0.47079784), (-0.0063896603, -0.9995265, -0.030099116), (-0.01683431, -0.99953836, -0.02529292), (-0.27382848, -0.85881114, -0.43296805), (-0.10805842, -0.85615087, -0.5053009), (-0.10805842, -0.85615087, -0.5053009), (-0.27382848, -0.85881114, -0.43296805), (-0.4618855, -0.49778107, -0.7340815), (-0.19076094, -0.49559397, -0.847347), (-0.19076094, -0.49559397, -0.847347), (-0.4618855, -0.49778107, -0.7340815), (-0.5320079, 0, -0.8467394), (-0.22299576, 0, -0.9748194), (-0.19076096, 0.495594, -0.84734696), (-0.22299576, 0, -0.9748194), (-0.5320079, 0, -0.8467394), (-0.4618855, 0.49778107, -0.7340815), (-0.10805887, 0.8561496, -0.50530297), (-0.19076096, 0.495594, -0.84734696), (-0.4618855, 0.49778107, -0.7340815), (-0.27382967, 0.8588098, -0.43296996), (-0.006389803, 0.99952644, -0.030099772), (-0.10805887, 0.8561496, -0.50530297), (-0.27382967, 0.8588098, -0.43296996), (-0.016834684, 0.9995383, -0.02529349), (-0.006389803, 0.99952644, -0.030099772), (-0.016834684, 0.9995383, -0.02529349), (0.24839805, 0.889397, 0.38375974), (0.07206278, 0.87929165, 0.47080058), (0.07206278, 0.87929165, 0.47080058), (0.24839805, 0.889397, 0.38375974), (0.46605814, 0.5449234, 0.69702816), (0.09612445, 0.5117173, 0.8537596), (0.09612445, 0.5117173, 0.8537596), (0.46605814, 0.5449234, 0.69702816), (0.56359917, 0, 0.8260485), (0.093683414, -9.737747e-9, 0.995602), (0.85321826, -4.897686e-9, 0.5215541), (0.8579348, 0.0000085058045, 0.51375866), (0.75280607, -0.4862339, 0.44368866), (0.73298067, -0.49371374, 0.46795946), (0.73298067, -0.49371374, 0.46795946), (0.75280607, -0.4862339, 0.44368866), (0.45747814, -0.8536975, 0.24882576), (0.4075987, -0.86855155, 0.28192496), (0.4075987, -0.86855155, 0.28192496), (0.45747814, -0.8536975, 0.24882576), (0.03185751, -0.9991299, -0.026921721), (-0.00780119, -0.99966085, -0.024842754), (-0.00780119, -0.99966085, -0.024842754), (0.03185751, -0.9991299, -0.026921721), (-0.40262237, -0.8640602, -0.3021511), (-0.38780904, -0.85453916, -0.3454953), (-0.38780904, -0.85453916, -0.3454953), (-0.40262237, -0.8640602, -0.3021511), (-0.7136121, -0.49564937, -0.49506524), (-0.6496811, -0.4908433, -0.58050615), (-0.6496811, -0.4908433, -0.58050615), (-0.7136121, -0.49564937, -0.49506524), (-0.825897, 0.000007890014, -0.563821), (-0.7444026, 0, -0.667731), (-0.825897, 0.000007890014, -0.563821), (-0.71359295, 0.49570587, -0.49503595), (-0.6496717, 0.49086404, -0.58049923), (-0.7444026, 0, -0.667731), (-0.71359295, 0.49570587, -0.49503595), (-0.40267184, 0.8640331, -0.30216253), (-0.38781458, 0.8545382, -0.34549126), (-0.6496717, 0.49086404, -0.58049923), (-0.40267184, 0.8640331, -0.30216253), (0.03185112, 0.99913013, -0.02692015), (-0.007815867, 0.99966085, -0.024844613), (-0.38781458, 0.8545382, -0.34549126), (0.03185112, 0.99913013, -0.02692015), (0.45750713, 0.8536713, 0.24886246), (0.4076097, 0.868542, 0.28193814), (-0.007815867, 0.99966085, -0.024844613), (0.45750713, 0.8536713, 0.24886246), (0.75277346, 0.48629025, 0.44368225), (0.7329668, 0.49373928, 0.46795416), (0.4076097, 0.868542, 0.28193814), (0.75277346, 0.48629025, 0.44368225), (0.8579348, 0.0000085058045, 0.51375866), (0.85321826, -4.897686e-9, 0.5215541), (0.7329668, 0.49373928, 0.46795416), (0.754435, 0.000015317832, 0.6563748), (0.5495434, 0.0000076265787, 0.8354652), (0.48569933, -0.49196178, 0.72254395), (0.6663865, -0.48461655, 0.5666356), (0.6663865, -0.48461655, 0.5666356), (0.48569933, -0.49196178, 0.72254395), (0.3101921, -0.8547857, 0.41607952), (0.4208976, -0.8481329, 0.32173878), (0.4208976, -0.8481329, 0.32173878), (0.3101921, -0.8547857, 0.41607952), (0.059691384, -0.99817955, -0.008642828), (0.06432007, -0.9977276, -0.020066563), (0.06432007, -0.9977276, -0.020066563), (0.059691384, -0.99817955, -0.008642828), (-0.20678051, -0.8748001, -0.4381401), (-0.3157666, -0.87577033, -0.365127), (-0.3157666, -0.87577033, -0.365127), (-0.20678051, -0.8748001, -0.4381401), (-0.41491827, -0.5118789, -0.7522119), (-0.60398775, -0.5097797, -0.6126365), (-0.60398775, -0.5097797, -0.6126365), (-0.41491827, -0.5118789, -0.7522119), (-0.4959707, 0.000008259957, -0.8683393), (-0.71215576, 0.000017112741, -0.7020214), (-0.4959707, 0.000008259957, -0.8683393), (-0.41484797, 0.5119025, -0.75223464), (-0.60394216, 0.5097963, -0.6126675), (-0.71215576, 0.000017112741, -0.7020214), (-0.41484797, 0.5119025, -0.75223464), (-0.20669237, 0.87481785, -0.43814617), (-0.3157779, 0.8757413, -0.36518693), (-0.60394216, 0.5097963, -0.6126675), (-0.20669237, 0.87481785, -0.43814617), (0.05974458, 0.99817616, -0.0086643305), (0.06433997, 0.9977265, -0.020054186), (-0.3157779, 0.8757413, -0.36518693), (0.05974458, 0.99817616, -0.0086643305), (0.31023014, 0.85479987, 0.416022), (0.42093858, 0.8481115, 0.32174155), (0.06433997, 0.9977265, -0.020054186), (0.31023014, 0.85479987, 0.416022), (0.48572284, 0.49197876, 0.7225166), (0.66639876, 0.48462775, 0.5666115), (0.42093858, 0.8481115, 0.32174155), (0.48572284, 0.49197876, 0.7225166), (0.5495434, 0.0000076265787, 0.8354652), (0.754435, 0.000015317832, 0.6563748), (0.66639876, 0.48462775, 0.5666115), (0.30286804, -0.482848, 0.82166225), (0.48569933, -0.49196178, 0.72254395), (0.5495434, 0.0000076265787, 0.8354652), (0.3295004, 2.0212791e-8, 0.9441555), (0.22472434, -0.8469622, 0.48182353), (0.3101921, -0.8547857, 0.41607952), (0.48569933, -0.49196178, 0.72254395), (0.30286804, -0.482848, 0.82166225), (0.09741637, -0.9952433, -0.00089401193), (0.059691384, -0.99817955, -0.008642828), (0.3101921, -0.8547857, 0.41607952), (0.22472434, -0.8469622, 0.48182353), (-0.059624992, -0.8690641, -0.4910932), (-0.20678051, -0.8748001, -0.4381401), (0.059691384, -0.99817955, -0.008642828), (0.09741637, -0.9952433, -0.00089401193), (-0.19557506, -0.5035147, -0.84156), (-0.41491827, -0.5118789, -0.7522119), (-0.20678051, -0.8748001, -0.4381401), (-0.059624992, -0.8690641, -0.4910932), (-0.2507468, -9.68782e-9, -0.9680527), (-0.4959707, 0.000008259957, -0.8683393), (-0.41491827, -0.5118789, -0.7522119), (-0.19557506, -0.5035147, -0.84156), (-0.41484797, 0.5119025, -0.75223464), (-0.4959707, 0.000008259957, -0.8683393), (-0.2507468, -9.68782e-9, -0.9680527), (-0.19557507, 0.5035147, -0.84156), (-0.20669237, 0.87481785, -0.43814617), (-0.41484797, 0.5119025, -0.75223464), (-0.19557507, 0.5035147, -0.84156), (-0.059590805, 0.86909014, -0.49105123), (0.05974458, 0.99817616, -0.0086643305), (-0.20669237, 0.87481785, -0.43814617), (-0.059590805, 0.86909014, -0.49105123), (0.097433105, 0.99524164, -0.00091686787), (0.31023014, 0.85479987, 0.416022), (0.05974458, 0.99817616, -0.0086643305), (0.097433105, 0.99524164, -0.00091686787), (0.22472093, 0.8469898, 0.48177662), (0.48572284, 0.49197876, 0.7225166), (0.31023014, 0.85479987, 0.416022), (0.22472093, 0.8469898, 0.48177662), (0.30286804, 0.482848, 0.8216621), (0.5495434, 0.0000076265787, 0.8354652), (0.48572284, 0.49197876, 0.7225166), (0.30286804, 0.482848, 0.8216621), (0.3295004, 2.0212791e-8, 0.9441555), (0.1784769, 0.0000057831962, 0.9839442), (0.18065502, -0.47069612, 0.86360234), (0.30286804, -0.482848, 0.82166225), (0.3295004, 2.0212791e-8, 0.9441555), (0.18065502, -0.47069612, 0.86360234), (0.17494386, -0.8409595, 0.512037), (0.22472434, -0.8469622, 0.48182353), (0.30286804, -0.482848, 0.82166225), (0.17494386, -0.8409595, 0.512037), (0.13419206, -0.9908972, -0.010735624), (0.09741637, -0.9952433, -0.00089401193), (0.22472434, -0.8469622, 0.48182353), (0.051652428, -0.8452698, -0.53183734), (-0.059624992, -0.8690641, -0.4910932), (0.09741637, -0.9952433, -0.00089401193), (0.13419206, -0.9908972, -0.010735624), (-0.059624992, -0.8690641, -0.4910932), (0.051652428, -0.8452698, -0.53183734), (-0.03507349, -0.4751153, -0.8792242), (-0.19557506, -0.5035147, -0.84156), (-0.19557506, -0.5035147, -0.84156), (-0.03507349, -0.4751153, -0.8792242), (-0.072544925, 0.000005760101, -0.9973651), (-0.2507468, -9.68782e-9, -0.9680527), (-0.072544925, 0.000005760101, -0.9973651), (-0.035090595, 0.4751142, -0.8792241), (-0.19557507, 0.5035147, -0.84156), (-0.2507468, -9.68782e-9, -0.9680527), (-0.035090595, 0.4751142, -0.8792241), (0.051647738, 0.8452907, -0.5318046), (-0.059590805, 0.86909014, -0.49105123), (-0.19557507, 0.5035147, -0.84156), (0.051647738, 0.8452907, -0.5318046), (0.13419257, 0.9908971, -0.010734054), (0.097433105, 0.99524164, -0.00091686787), (-0.059590805, 0.86909014, -0.49105123), (0.097433105, 0.99524164, -0.00091686787), (0.13419257, 0.9908971, -0.010734054), (0.17493176, 0.84097767, 0.5120112), (0.22472093, 0.8469898, 0.48177662), (0.22472093, 0.8469898, 0.48177662), (0.17493176, 0.84097767, 0.5120112), (0.18064173, 0.47069404, 0.8636062), (0.30286804, 0.482848, 0.8216621), (0.30286804, 0.482848, 0.8216621), (0.18064173, 0.47069404, 0.8636062), (0.1784769, 0.0000057831962, 0.9839442), (0.3295004, 2.0212791e-8, 0.9441555), (0.6663865, -0.48461655, 0.5666356), (0.75280607, -0.4862339, 0.44368866), (0.8579348, 0.0000085058045, 0.51375866), (0.754435, 0.000015317832, 0.6563748), (0.4208976, -0.8481329, 0.32173878), (0.45747814, -0.8536975, 0.24882576), (0.75280607, -0.4862339, 0.44368866), (0.6663865, -0.48461655, 0.5666356), (0.06432007, -0.9977276, -0.020066563), (0.03185751, -0.9991299, -0.026921721), (0.45747814, -0.8536975, 0.24882576), (0.4208976, -0.8481329, 0.32173878), (-0.3157666, -0.87577033, -0.365127), (-0.40262237, -0.8640602, -0.3021511), (0.03185751, -0.9991299, -0.026921721), (0.06432007, -0.9977276, -0.020066563), (-0.60398775, -0.5097797, -0.6126365), (-0.7136121, -0.49564937, -0.49506524), (-0.40262237, -0.8640602, -0.3021511), (-0.3157666, -0.87577033, -0.365127), (-0.71215576, 0.000017112741, -0.7020214), (-0.825897, 0.000007890014, -0.563821), (-0.7136121, -0.49564937, -0.49506524), (-0.60398775, -0.5097797, -0.6126365), (-0.71359295, 0.49570587, -0.49503595), (-0.825897, 0.000007890014, -0.563821), (-0.71215576, 0.000017112741, -0.7020214), (-0.60394216, 0.5097963, -0.6126675), (-0.40267184, 0.8640331, -0.30216253), (-0.71359295, 0.49570587, -0.49503595), (-0.60394216, 0.5097963, -0.6126675), (-0.3157779, 0.8757413, -0.36518693), (0.03185112, 0.99913013, -0.02692015), (-0.40267184, 0.8640331, -0.30216253), (-0.3157779, 0.8757413, -0.36518693), (0.06433997, 0.9977265, -0.020054186), (0.45750713, 0.8536713, 0.24886246), (0.03185112, 0.99913013, -0.02692015), (0.06433997, 0.9977265, -0.020054186), (0.42093858, 0.8481115, 0.32174155), (0.75277346, 0.48629025, 0.44368225), (0.45750713, 0.8536713, 0.24886246), (0.42093858, 0.8481115, 0.32174155), (0.66639876, 0.48462775, 0.5666115), (0.8579348, 0.0000085058045, 0.51375866), (0.75277346, 0.48629025, 0.44368225), (0.66639876, 0.48462775, 0.5666115), (0.754435, 0.000015317832, 0.6563748), (0.56359917, 0, 0.8260485), (0.85321826, -4.897686e-9, 0.5215541), (0.73298067, -0.49371374, 0.46795946), (0.46605816, -0.5449235, 0.69702816), (0.46605816, -0.5449235, 0.69702816), (0.73298067, -0.49371374, 0.46795946), (0.4075987, -0.86855155, 0.28192496), (0.2483964, -0.8893984, 0.38375726), (0.2483964, -0.8893984, 0.38375726), (0.4075987, -0.86855155, 0.28192496), (-0.00780119, -0.99966085, -0.024842754), (-0.01683431, -0.99953836, -0.02529292), (-0.01683431, -0.99953836, -0.02529292), (-0.00780119, -0.99966085, -0.024842754), (-0.38780904, -0.85453916, -0.3454953), (-0.27382848, -0.85881114, -0.43296805), (-0.27382848, -0.85881114, -0.43296805), (-0.38780904, -0.85453916, -0.3454953), (-0.6496811, -0.4908433, -0.58050615), (-0.4618855, -0.49778107, -0.7340815), (-0.4618855, -0.49778107, -0.7340815), (-0.6496811, -0.4908433, -0.58050615), (-0.7444026, 0, -0.667731), (-0.5320079, 0, -0.8467394), (-0.4618855, 0.49778107, -0.7340815), (-0.5320079, 0, -0.8467394), (-0.7444026, 0, -0.667731), (-0.6496717, 0.49086404, -0.58049923), (-0.27382967, 0.8588098, -0.43296996), (-0.4618855, 0.49778107, -0.7340815), (-0.6496717, 0.49086404, -0.58049923), (-0.38781458, 0.8545382, -0.34549126), (-0.016834684, 0.9995383, -0.02529349), (-0.27382967, 0.8588098, -0.43296996), (-0.38781458, 0.8545382, -0.34549126), (-0.007815867, 0.99966085, -0.024844613), (0.24839805, 0.889397, 0.38375974), (-0.016834684, 0.9995383, -0.02529349), (-0.007815867, 0.99966085, -0.024844613), (0.4076097, 0.868542, 0.28193814), (0.46605814, 0.5449234, 0.69702816), (0.24839805, 0.889397, 0.38375974), (0.4076097, 0.868542, 0.28193814), (0.7329668, 0.49373928, 0.46795416), (0.56359917, 0, 0.8260485), (0.46605814, 0.5449234, 0.69702816), (0.7329668, 0.49373928, 0.46795416), (0.85321826, -4.897686e-9, 0.5215541), (0.01602363, 0.000016247428, -0.9998717), (-0.016026275, 0.00001624742, -0.99987155), (0.00003184846, -0.4633805, -0.8861594), (-0.000031755633, -0.4633795, -0.8861599), (-0.000011672995, 0.46333987, -0.88618064), (0.0000117609325, 0.46334082, -0.88618016), (-0.016026275, 0.00001624742, -0.99987155), (0.01602363, 0.000016247428, -0.9998717), (-0.073302954, 0.000016093165, 0.99730974), (-0.17846757, 0.0000057881175, 0.9839458), (-0.18064496, -0.47069564, 0.86360466), (-0.0764138, -0.4571019, 0.8861257), (-0.0764138, -0.4571019, 0.8861257), (-0.18064496, -0.47069564, 0.86360466), (-0.17493321, -0.8409608, 0.5120384), (-0.07936928, -0.835547, 0.54365605), (-0.06786887, -0.9976829, 0.004748708), (-0.07936928, -0.835547, 0.54365605), (-0.17493321, -0.8409608, 0.5120384), (-0.13418238, -0.99089855, -0.010734478), (-0.0362348, -0.84226155, -0.5378499), (-0.06786887, -0.9976829, 0.004748708), (-0.13418238, -0.99089855, -0.010734478), (-0.051647633, -0.8452711, -0.53183585), (-0.000031755633, -0.4633795, -0.8861599), (-0.0362348, -0.84226155, -0.5378499), (-0.051647633, -0.8452711, -0.53183585), (0.035073385, -0.47511703, -0.87922335), (0.01602363, 0.000016247428, -0.9998717), (-0.000031755633, -0.4633795, -0.8861599), (0.035073385, -0.47511703, -0.87922335), (0.0725418, 0.0000057746834, -0.99736536), (0.035090484, 0.47511593, -0.8792232), (-0.000011672995, 0.46333987, -0.88618064), (0.01602363, 0.000016247428, -0.9998717), (0.0725418, 0.0000057746834, -0.99736536), (-0.051642947, 0.8452919, -0.5318031), (-0.03624373, 0.84224945, -0.5378682), (-0.000011672995, 0.46333987, -0.88618064), (0.035090484, 0.47511593, -0.8792232), (-0.13418289, 0.99089843, -0.010732888), (-0.0678995, 0.9976809, 0.00474353), (-0.03624373, 0.84224945, -0.5378682), (-0.051642947, 0.8452919, -0.5318031), (-0.1749211, 0.84097904, 0.5120126), (-0.07937404, 0.8355326, 0.5436773), (-0.0678995, 0.9976809, 0.00474353), (-0.13418289, 0.99089843, -0.010732888), (-0.076400384, 0.45706522, 0.88614583), (-0.07937404, 0.8355326, 0.5436773), (-0.1749211, 0.84097904, 0.5120126), (-0.18063164, 0.4706935, 0.86360866), (-0.073302954, 0.000016093165, 0.99730974), (-0.076400384, 0.45706522, 0.88614583), (-0.18063164, 0.4706935, 0.86360866), (-0.17846757, 0.0000057881175, 0.9839458), (0.07331169, 0.000016078382, 0.9973091), (0.07642322, -0.45710203, 0.8861249), (0.18065502, -0.47069612, 0.86360234), (0.1784769, 0.0000057831962, 0.9839442), (0.07642322, -0.45710203, 0.8861249), (0.079379566, -0.83554626, 0.5436556), (0.17494386, -0.8409595, 0.512037), (0.18065502, -0.47069612, 0.86360234), (0.17494386, -0.8409595, 0.512037), (0.079379566, -0.83554626, 0.5436556), (0.06787821, -0.99768245, 0.0047496133), (0.13419206, -0.9908972, -0.010735624), (0.13419206, -0.9908972, -0.010735624), (0.06787821, -0.99768245, 0.0047496133), (0.03624022, -0.842262, -0.53784883), (0.051652428, -0.8452698, -0.53183734), (0.051652428, -0.8452698, -0.53183734), (0.03624022, -0.842262, -0.53784883), (0.00003184846, -0.4633805, -0.8861594), (-0.03507349, -0.4751153, -0.8792242), (-0.03507349, -0.4751153, -0.8792242), (0.00003184846, -0.4633805, -0.8861594), (-0.016026275, 0.00001624742, -0.99987155), (-0.072544925, 0.000005760101, -0.9973651), (-0.016026275, 0.00001624742, -0.99987155), (0.0000117609325, 0.46334082, -0.88618016), (-0.035090595, 0.4751142, -0.8792241), (-0.072544925, 0.000005760101, -0.9973651), (0.0000117609325, 0.46334082, -0.88618016), (0.03624915, 0.84224993, -0.53786707), (0.051647738, 0.8452907, -0.5318046), (-0.035090595, 0.4751142, -0.8792241), (0.03624915, 0.84224993, -0.53786707), (0.06790882, 0.9976802, 0.0047444194), (0.13419257, 0.9908971, -0.010734054), (0.051647738, 0.8452907, -0.5318046), (0.06790882, 0.9976802, 0.0047444194), (0.07938433, 0.83553195, 0.54367685), (0.17493176, 0.84097767, 0.5120112), (0.13419257, 0.9908971, -0.010734054), (0.07640978, 0.45706525, 0.88614494), (0.18064173, 0.47069404, 0.8636062), (0.17493176, 0.84097767, 0.5120112), (0.07938433, 0.83553195, 0.54367685), (0.07331169, 0.000016078382, 0.9973091), (0.1784769, 0.0000057831962, 0.9839442), (0.18064173, 0.47069404, 0.8636062), (0.07640978, 0.45706525, 0.88614494)] (
                        interpolation = "faceVarying"
                    )
                    point3f[] points = [(121.3186, -20.354, 28.8057), (121.3186, -20.6608, 28.7226), (122.2096, -20.6608, 28.7226), (122.1858, -20.354, 28.8057), (121.3186, -20.879, 28.5044), (122.2722, -20.879, 28.5044), (121.3186, -20.9621, 28.1976), (122.3601, -20.9621, 28.1976), (121.3186, -20.879, 27.8909), (122.4481, -20.879, 27.8909), (121.3186, -20.6608, 27.6726), (122.5107, -20.6608, 27.6726), (121.3186, -20.354, 27.5896), (122.5345, -20.354, 27.5896), (121.3186, -20.0472, 27.6726), (122.5107, -20.0472, 27.6726), (121.3186, -19.829, 27.8909), (122.4481, -19.829, 27.8909), (121.3186, -19.7459, 28.1976), (122.3601, -19.7459, 28.1976), (121.3186, -19.829, 28.5044), (122.2722, -19.829, 28.5044), (121.3186, -20.0472, 28.7226), (122.2096, -20.0472, 28.7226), (122.3448, -20.6608, 28.753), (122.3033, -20.354, 28.825), (122.4539, -20.879, 28.5638), (122.6072, -20.9621, 28.2978), (122.7605, -20.879, 28.0319), (122.8695, -20.6608, 27.8427), (122.911, -20.354, 27.7707), (122.8695, -20.0472, 27.8427), (122.7605, -19.829, 28.0319), (122.6072, -19.7459, 28.2978), (122.4539, -19.829, 28.5638), (122.3448, -20.0472, 28.753), (122.3541, -20.354, 28.9109), (122.4133, -20.6608, 28.85), (124.3511, -20.7118, 32.1943), (124.2798, -20.354, 32.2576), (122.5688, -20.879, 28.6898), (124.5381, -20.9664, 32.028), (122.7874, -20.9621, 28.4647), (124.8011, -21.0633, 31.7943), (123.006, -20.879, 28.2396), (125.064, -20.9664, 31.5605), (123.1615, -20.6608, 28.0794), (125.2511, -20.7118, 31.3943), (123.2207, -20.354, 28.0184), (125.3223, -20.354, 31.331), (123.1615, -20.0472, 28.0794), (125.2511, -19.9962, 31.3943), (123.006, -19.829, 28.2396), (125.064, -19.7417, 31.5605), (122.7874, -19.7459, 28.4647), (124.8011, -19.6447, 31.7943), (122.5688, -19.829, 28.6898), (124.5381, -19.7417, 32.028), (122.4133, -20.0472, 28.85), (124.3511, -19.9962, 32.1943), (124.9069, -20.354, 33.264), (124.9722, -20.7402, 33.1822), (125.418, -20.7533, 33.5579), (125.3683, -20.354, 33.6544), (125.1437, -21.0149, 32.9676), (125.5483, -21.0374, 33.3045), (125.3848, -21.1194, 32.6657), (125.7315, -21.1456, 32.9481), (125.6259, -21.0149, 32.3639), (125.9148, -21.0374, 32.5918), (125.7974, -20.7402, 32.1493), (126.0451, -20.7533, 32.3383), (125.8627, -20.354, 32.0675), (126.0947, -20.354, 32.2418), (125.7974, -19.9679, 32.1493), (126.0451, -19.9547, 32.3383), (125.6259, -19.6932, 32.3639), (125.9148, -19.6706, 32.5918), (125.3848, -19.5886, 32.6657), (125.7315, -19.5625, 32.9481), (125.1437, -19.6932, 32.9676), (125.5483, -19.6706, 33.3045), (124.9722, -19.9679, 33.1822), (125.418, -19.9547, 33.5579), (125.9385, -20.7649, 33.8158), (125.909, -20.354, 33.9237), (126.016, -21.0572, 33.5324), (126.125, -21.1685, 33.134), (126.234, -21.0572, 32.7356), (126.3115, -20.7649, 32.4522), (126.341, -20.354, 32.3443), (126.3115, -19.9431, 32.4522), (126.234, -19.6508, 32.7356), (126.125, -19.5395, 33.134), (126.016, -19.6508, 33.5324), (125.9385, -19.9431, 33.8158), (126.8044, -20.8208, 33.992), (126.7896, -20.354, 34.1069), (126.8431, -21.1528, 33.6902), (126.8976, -21.2793, 33.266), (126.9521, -21.1528, 32.8417), (126.9909, -20.8208, 32.5399), (127.0056, -20.354, 32.425), (126.9909, -19.8872, 32.5399), (126.9521, -19.5552, 32.8417), (126.8976, -19.4288, 33.266), (126.8431, -19.5552, 33.6902), (126.8044, -19.8872, 33.992), (127.6703, -20.8767, 34.1123), (132.6896, -20.8767, 34.1123), (132.6896, -20.354, 34.2342), (127.6703, -20.354, 34.2342), (127.6703, -21.2484, 33.7921), (132.6896, -21.2484, 33.7921), (127.6703, -21.39, 33.3419), (132.6896, -21.39, 33.3419), (127.6703, -21.2484, 32.8918), (132.6896, -21.2484, 32.8918), (127.6703, -20.8767, 32.5716), (132.6896, -20.8767, 32.5716), (127.6703, -19.4596, 32.8918), (132.6896, -19.4596, 32.8918), (132.6896, -19.8314, 32.5716), (127.6703, -19.8314, 32.5716), (127.6703, -19.318, 33.3419), (132.6896, -19.318, 33.3419), (127.6703, -19.4596, 33.7921), (132.6896, -19.4596, 33.7921), (127.6703, -19.8314, 34.1123), (132.6896, -19.8314, 34.1123), (139.0412, -20.354, 28.8057), (138.1741, -20.354, 28.8057), (138.1502, -20.6608, 28.7226), (139.0412, -20.6608, 28.7226), (138.0876, -20.879, 28.5044), (139.0412, -20.879, 28.5044), (137.9997, -20.9621, 28.1976), (139.0412, -20.9621, 28.1976), (137.9117, -20.879, 27.8909), (139.0412, -20.879, 27.8909), (137.8491, -20.6608, 27.6726), (139.0412, -20.6608, 27.6726), (137.8253, -20.354, 27.5896), (139.0412, -20.354, 27.5896), (137.8491, -20.0472, 27.6726), (139.0412, -20.0472, 27.6726), (137.9117, -19.829, 27.8909), (139.0412, -19.829, 27.8909), (137.9997, -19.7459, 28.1976), (139.0412, -19.7459, 28.1976), (138.0876, -19.829, 28.5044), (139.0412, -19.829, 28.5044), (138.1502, -20.0472, 28.7226), (139.0412, -20.0472, 28.7226), (138.0565, -20.354, 28.825), (138.015, -20.6608, 28.753), (137.906, -20.879, 28.5638), (137.7527, -20.9621, 28.2978), (137.5994, -20.879, 28.0319), (137.4903, -20.6608, 27.8427), (137.4488, -20.354, 27.7707), (137.4903, -20.0472, 27.8427), (137.5994, -19.829, 28.0319), (137.7527, -19.7459, 28.2978), (137.906, -19.829, 28.5638), (138.015, -20.0472, 28.753), (138.0057, -20.354, 28.9109), (136.08, -20.354, 32.2576), (136.0088, -20.7118, 32.1943), (137.9465, -20.6608, 28.85), (135.8217, -20.9664, 32.028), (137.791, -20.879, 28.6898), (135.5588, -21.0633, 31.7943), (137.5724, -20.9621, 28.4647), (135.2958, -20.9664, 31.5605), (137.3538, -20.879, 28.2396), (135.1088, -20.7118, 31.3943), (137.1983, -20.6608, 28.0794), (135.0376, -20.354, 31.331), (137.1391, -20.354, 28.0184), (135.1088, -19.9962, 31.3943), (137.1983, -20.0472, 28.0794), (135.2958, -19.7417, 31.5605), (137.3538, -19.829, 28.2396), (135.5588, -19.6447, 31.7943), (137.5724, -19.7459, 28.4647), (135.8217, -19.7417, 32.028), (137.791, -19.829, 28.6898), (136.0088, -19.9962, 32.1943), (137.9465, -20.0472, 28.85), (135.4529, -20.354, 33.264), (134.9915, -20.354, 33.6544), (134.9419, -20.7533, 33.5579), (135.3876, -20.7402, 33.1822), (134.8115, -21.0374, 33.3045), (135.2161, -21.0149, 32.9676), (134.6283, -21.1456, 32.9481), (134.975, -21.1194, 32.6657), (134.4451, -21.0374, 32.5918), (134.7339, -21.0149, 32.3639), (134.3147, -20.7533, 32.3383), (134.5624, -20.7402, 32.1493), (134.2651, -20.354, 32.2418), (134.4971, -20.354, 32.0675), (134.3147, -19.9547, 32.3383), (134.5624, -19.9679, 32.1493), (134.4451, -19.6706, 32.5918), (134.7339, -19.6932, 32.3639), (134.6283, -19.5625, 32.9481), (134.975, -19.5886, 32.6657), (134.8115, -19.6706, 33.3045), (135.2161, -19.6932, 32.9676), (134.9419, -19.9547, 33.5579), (135.3876, -19.9679, 33.1822), (134.4213, -20.7649, 33.8158), (134.4508, -20.354, 33.9237), (134.3438, -21.0572, 33.5324), (134.2348, -21.1685, 33.134), (134.1258, -21.0572, 32.7356), (134.0483, -20.7649, 32.4522), (134.0188, -20.354, 32.3443), (134.0483, -19.9431, 32.4522), (134.1258, -19.6508, 32.7356), (134.2348, -19.5395, 33.134), (134.3438, -19.6508, 33.5324), (134.4213, -19.9431, 33.8158), (133.5702, -20.354, 34.1069), (133.5554, -20.8208, 33.992), (133.5167, -21.1528, 33.6902), (133.4622, -21.2793, 33.266), (133.4077, -21.1528, 32.8417), (133.3689, -20.8208, 32.5399), (133.3542, -20.354, 32.425), (133.3689, -19.8872, 32.5399), (133.4077, -19.5552, 32.8417), (133.4622, -19.4288, 33.266), (133.5167, -19.5552, 33.6902), (133.5554, -19.8872, 33.992), (127.6703, -20.354, 32.4497), (132.6896, -20.354, 32.4497)]
                    texCoord2f[] primvars:st = [(0.00842239, 0.3715316), (0.00842239, 0.36691988), (0.023096735, 0.36691988), (0.023096735, 0.3715316), (0.00842239, 0.362727), (0.023096735, 0.362727), (0.00842239, 0.35811538), (0.023096735, 0.35811538), (0.00842239, 0.35350317), (0.023096735, 0.35350317), (0.00842239, 0.34847212), (0.023096735, 0.34847212), (0.00842239, 0.34260243), (0.023096735, 0.34260243), (0.00842239, 0.40046126), (0.00842239, 0.39501035), (0.023096735, 0.39501035), (0.023096735, 0.40046126), (0.00842239, 0.3899793), (0.023096735, 0.3899793), (0.00842239, 0.3849483), (0.023096735, 0.3849483), (0.00842239, 0.38075542), (0.023096735, 0.38075542), (0.00842239, 0.3761438), (0.023096735, 0.3761438), (0.027289335, 0.36691988), (0.027289335, 0.3715316), (0.027289335, 0.362727), (0.027289335, 0.35811538), (0.027289335, 0.35350317), (0.027289335, 0.34847212), (0.027289335, 0.34260243), (0.027289335, 0.39501035), (0.027289335, 0.40046126), (0.027289335, 0.3899793), (0.027289335, 0.3849483), (0.027289335, 0.38075542), (0.027289335, 0.3761438), (0.031062722, 0.3715316), (0.031062722, 0.36691988), (0.08682505, 0.36691988), (0.08682505, 0.3715316), (0.031062722, 0.362727), (0.08682505, 0.362727), (0.031062722, 0.35811538), (0.08682505, 0.35811538), (0.031062722, 0.35350317), (0.08682505, 0.35350317), (0.031062722, 0.34847212), (0.08682505, 0.34847212), (0.031062722, 0.34260243), (0.08682505, 0.34260243), (0.031062722, 0.40046126), (0.031062722, 0.39501035), (0.08682505, 0.39501035), (0.08682505, 0.40046126), (0.031062722, 0.3899793), (0.08682505, 0.3899793), (0.031062722, 0.3849483), (0.08682505, 0.3849483), (0.031062722, 0.38075542), (0.08682505, 0.38075542), (0.031062722, 0.3761438), (0.08682505, 0.3761438), (0.10233798, 0.3715316), (0.10233798, 0.36691988), (0.10862687, 0.36691988), (0.10862687, 0.3715316), (0.10233798, 0.362727), (0.10862687, 0.362727), (0.10233798, 0.35811538), (0.10862687, 0.35811538), (0.10233798, 0.35350317), (0.10862687, 0.35350317), (0.10233798, 0.34847212), (0.10862687, 0.34847212), (0.10233798, 0.34260243), (0.10862687, 0.34260243), (0.10233798, 0.40046126), (0.10233798, 0.39501035), (0.10862687, 0.39501035), (0.10862687, 0.40046126), (0.10233798, 0.3899793), (0.10862687, 0.3899793), (0.10233798, 0.3849483), (0.10862687, 0.3849483), (0.10233798, 0.38075542), (0.10862687, 0.38075542), (0.10233798, 0.3761438), (0.10862687, 0.3761438), (0.11533515, 0.36691988), (0.11533515, 0.3715316), (0.11533515, 0.362727), (0.11533515, 0.35811538), (0.11533515, 0.35350317), (0.11533515, 0.34847212), (0.11533515, 0.34260243), (0.11533515, 0.39501035), (0.11533515, 0.40046126), (0.11533515, 0.3899793), (0.11533515, 0.3849483), (0.11533515, 0.38075542), (0.11533515, 0.3761438), (0.12707469, 0.36691988), (0.12707469, 0.3715316), (0.12707469, 0.362727), (0.12707469, 0.35811538), (0.12707469, 0.35350317), (0.12707469, 0.34847212), (0.12707469, 0.34260243), (0.12707469, 0.39501035), (0.12707469, 0.40046126), (0.12707469, 0.3899793), (0.12707469, 0.3849483), (0.12707469, 0.38075542), (0.12707469, 0.3761438), (0.13881406, 0.36691988), (0.21134695, 0.36691988), (0.21134695, 0.3715316), (0.13881406, 0.3715316), (0.13881406, 0.362727), (0.21134695, 0.362727), (0.13881406, 0.35811538), (0.21134695, 0.35811538), (0.13881406, 0.35350317), (0.21134695, 0.35350317), (0.13881406, 0.34847212), (0.21134695, 0.34847212), (0.13881406, 0.3899793), (0.21134695, 0.3899793), (0.21134695, 0.39501035), (0.13881406, 0.39501035), (0.13881406, 0.3849483), (0.21134695, 0.3849483), (0.13881406, 0.38075542), (0.21134695, 0.38075542), (0.13881406, 0.3761438), (0.21134695, 0.3761438), (0.34090006, 0.3715316), (0.32622564, 0.3715316), (0.32622564, 0.36691988), (0.34090006, 0.36691988), (0.32622564, 0.362727), (0.34090006, 0.362727), (0.32622564, 0.35811538), (0.34090006, 0.35811538), (0.32622564, 0.35350317), (0.34090006, 0.35350317), (0.32622564, 0.34847212), (0.34090006, 0.34847212), (0.32622564, 0.34260243), (0.34090006, 0.34260243), (0.34090006, 0.40046126), (0.32622564, 0.40046126), (0.32622564, 0.39501035), (0.34090006, 0.39501035), (0.32622564, 0.3899793), (0.34090006, 0.3899793), (0.32622564, 0.3849483), (0.34090006, 0.3849483), (0.32622564, 0.38075542), (0.34090006, 0.38075542), (0.32622564, 0.3761438), (0.34090006, 0.3761438), (0.3224523, 0.3715316), (0.3224523, 0.36691988), (0.3224523, 0.362727), (0.3224523, 0.35811538), (0.3224523, 0.35350317), (0.3224523, 0.34847212), (0.3224523, 0.34260243), (0.3224523, 0.40046126), (0.3224523, 0.39501035), (0.3224523, 0.3899793), (0.3224523, 0.3849483), (0.3224523, 0.38075542), (0.3224523, 0.3761438), (0.31825972, 0.3715316), (0.26291668, 0.3715316), (0.26291668, 0.36691988), (0.31825972, 0.36691988), (0.26291668, 0.362727), (0.31825972, 0.362727), (0.26291668, 0.35811538), (0.31825972, 0.35811538), (0.26291668, 0.35350317), (0.31825972, 0.35350317), (0.26291668, 0.34847212), (0.31825972, 0.34847212), (0.26291668, 0.34260243), (0.31825972, 0.34260243), (0.31825972, 0.40046126), (0.26291668, 0.40046126), (0.26291668, 0.39501035), (0.31825972, 0.39501035), (0.26291668, 0.3899793), (0.31825972, 0.3899793), (0.26291668, 0.3849483), (0.31825972, 0.3849483), (0.26291668, 0.38075542), (0.31825972, 0.38075542), (0.26291668, 0.3761438), (0.31825972, 0.3761438), (0.24782312, 0.3715316), (0.24111477, 0.3715316), (0.24111477, 0.36691988), (0.24782312, 0.36691988), (0.24111477, 0.362727), (0.24782312, 0.362727), (0.24111477, 0.35811538), (0.24782312, 0.35811538), (0.24111477, 0.35350317), (0.24782312, 0.35350317), (0.24111477, 0.34847212), (0.24782312, 0.34847212), (0.24111477, 0.34260243), (0.24782312, 0.34260243), (0.24782312, 0.40046126), (0.24111477, 0.40046126), (0.24111477, 0.39501035), (0.24782312, 0.39501035), (0.24111477, 0.3899793), (0.24782312, 0.3899793), (0.24111477, 0.3849483), (0.24782312, 0.3849483), (0.24111477, 0.38075542), (0.24782312, 0.38075542), (0.24111477, 0.3761438), (0.24782312, 0.3761438), (0.23482586, 0.36691988), (0.23482586, 0.3715316), (0.23482586, 0.362727), (0.23482586, 0.35811538), (0.23482586, 0.35350317), (0.23482586, 0.34847212), (0.23482586, 0.34260243), (0.23482586, 0.39501035), (0.23482586, 0.40046126), (0.23482586, 0.3899793), (0.23482586, 0.3849483), (0.23482586, 0.38075542), (0.23482586, 0.3761438), (0.22308633, 0.3715316), (0.22308633, 0.36691988), (0.22308633, 0.362727), (0.22308633, 0.35811538), (0.22308633, 0.35350317), (0.22308633, 0.34847212), (0.22308633, 0.34260243), (0.22308633, 0.40046126), (0.22308633, 0.39501035), (0.22308633, 0.3899793), (0.22308633, 0.3849483), (0.22308633, 0.38075542), (0.22308633, 0.3761438), (0.13881406, 0.34260243), (0.21134695, 0.34260243), (0.13881406, 0.40046126), (0.21134695, 0.40046126)] (
                        interpolation = "faceVarying"
                    )
                    int[] primvars:st:indices = [1, 2, 3, 0, 4, 5, 2, 1, 6, 7, 5, 4, 8, 9, 7, 6, 10, 11, 9, 8, 12, 13, 11, 10, 14, 15, 16, 17, 15, 18, 19, 16, 18, 20, 21, 19, 20, 22, 23, 21, 22, 24, 25, 23, 24, 0, 3, 25, 2, 26, 27, 3, 5, 28, 26, 2, 7, 29, 28, 5, 7, 9, 30, 29, 9, 11, 31, 30, 11, 13, 32, 31, 16, 33, 34, 17, 19, 35, 33, 16, 21, 36, 35, 19, 37, 36, 21, 23, 38, 37, 23, 25, 27, 38, 25, 3, 39, 40, 41, 42, 40, 43, 44, 41, 43, 45, 46, 44, 45, 47, 48, 46, 47, 49, 50, 48, 49, 51, 52, 50, 54, 55, 56, 53, 57, 58, 55, 54, 59, 60, 58, 57, 61, 62, 60, 59, 63, 64, 62, 61, 39, 42, 64, 63, 65, 66, 67, 68, 66, 69, 70, 67, 69, 71, 72, 70, 71, 73, 74, 72, 73, 75, 76, 74, 75, 77, 78, 76, 80, 81, 82, 79, 83, 84, 81, 80, 85, 86, 84, 83, 87, 88, 86, 85, 89, 90, 88, 87, 65, 68, 90, 89, 91, 92, 68, 67, 93, 91, 67, 70, 94, 93, 70, 72, 95, 94, 72, 74, 96, 95, 74, 76, 97, 96, 76, 78, 99, 82, 81, 98, 98, 81, 84, 100, 100, 84, 86, 101, 101, 86, 88, 102, 102, 88, 90, 103, 103, 90, 68, 92, 91, 104, 105, 92, 93, 106, 104, 91, 94, 107, 106, 93, 108, 107, 94, 95, 95, 96, 109, 108, 96, 97, 110, 109, 98, 111, 112, 99, 100, 113, 111, 98, 101, 114, 113, 100, 101, 102, 115, 114, 102, 103, 116, 115, 103, 92, 105, 116, 66, 65, 42, 41, 69, 66, 41, 44, 71, 69, 44, 46, 73, 71, 46, 48, 75, 73, 48, 50, 77, 75, 50, 52, 55, 80, 79, 56, 58, 83, 80, 55, 60, 85, 83, 58, 62, 87, 85, 60, 64, 89, 87, 62, 42, 65, 89, 64, 40, 39, 27, 26, 43, 40, 26, 28, 45, 43, 28, 29, 47, 45, 29, 30, 49, 47, 30, 31, 51, 49, 31, 32, 53, 34, 33, 54, 54, 33, 35, 57, 57, 35, 36, 59, 59, 36, 37, 61, 61, 37, 38, 63, 63, 38, 27, 39, 118, 119, 120, 117, 122, 118, 117, 121, 124, 122, 121, 123, 126, 124, 123, 125, 128, 126, 125, 127, 130, 131, 132, 129, 133, 134, 130, 129, 136, 134, 133, 135, 138, 136, 135, 137, 119, 138, 137, 120, 140, 141, 142, 139, 141, 143, 144, 142, 143, 145, 146, 144, 145, 147, 148, 146, 147, 149, 150, 148, 149, 151, 152, 150, 153, 154, 155, 156, 156, 155, 157, 158, 158, 157, 159, 160, 160, 159, 161, 162, 162, 161, 163, 164, 164, 163, 140, 139, 165, 166, 141, 140, 166, 167, 143, 141, 167, 168, 145, 143, 145, 168, 169, 147, 147, 169, 170, 149, 149, 170, 171, 151, 155, 154, 172, 173, 157, 155, 173, 174, 159, 157, 174, 175, 159, 175, 176, 161, 161, 176, 177, 163, 163, 177, 165, 140, 178, 179, 180, 181, 181, 180, 182, 183, 183, 182, 184, 185, 185, 184, 186, 187, 187, 186, 188, 189, 189, 188, 190, 191, 193, 194, 195, 192, 194, 196, 197, 195, 196, 198, 199, 197, 198, 200, 201, 199, 200, 202, 203, 201, 202, 179, 178, 203, 204, 205, 206, 207, 207, 206, 208, 209, 209, 208, 210, 211, 211, 210, 212, 213, 213, 212, 214, 215, 215, 214, 216, 217, 219, 220, 221, 218, 220, 222, 223, 221, 222, 224, 225, 223, 224, 226, 227, 225, 226, 228, 229, 227, 228, 205, 204, 229, 230, 206, 205, 231, 232, 208, 206, 230, 233, 210, 208, 232, 234, 212, 210, 233, 235, 214, 212, 234, 236, 216, 214, 235, 220, 219, 238, 237, 222, 220, 237, 239, 224, 222, 239, 240, 226, 224, 240, 241, 228, 226, 241, 242, 205, 228, 242, 231, 243, 244, 230, 231, 244, 245, 232, 230, 245, 246, 233, 232, 247, 234, 233, 246, 234, 247, 248, 235, 235, 248, 249, 236, 250, 251, 237, 238, 251, 252, 239, 237, 252, 253, 240, 239, 240, 253, 254, 241, 241, 254, 255, 242, 242, 255, 243, 231, 207, 180, 179, 204, 209, 182, 180, 207, 211, 184, 182, 209, 213, 186, 184, 211, 215, 188, 186, 213, 217, 190, 188, 215, 194, 193, 218, 221, 196, 194, 221, 223, 198, 196, 223, 225, 200, 198, 225, 227, 202, 200, 227, 229, 179, 202, 229, 204, 165, 178, 181, 166, 166, 181, 183, 167, 167, 183, 185, 168, 168, 185, 187, 169, 169, 187, 189, 170, 170, 189, 191, 171, 173, 172, 192, 195, 174, 173, 195, 197, 175, 174, 197, 199, 176, 175, 199, 201, 177, 176, 201, 203, 165, 177, 203, 178, 256, 257, 128, 127, 132, 131, 259, 258, 120, 105, 104, 117, 117, 104, 106, 121, 123, 121, 106, 107, 125, 123, 107, 108, 127, 125, 108, 109, 256, 127, 109, 110, 111, 132, 258, 112, 113, 129, 132, 111, 114, 133, 129, 113, 115, 135, 133, 114, 137, 135, 115, 116, 120, 137, 116, 105, 119, 118, 244, 243, 118, 122, 245, 244, 245, 122, 124, 246, 246, 124, 126, 247, 247, 126, 128, 248, 248, 128, 257, 249, 259, 131, 251, 250, 131, 130, 252, 251, 130, 134, 253, 252, 134, 136, 254, 253, 138, 255, 254, 136, 119, 243, 255, 138]
                    texCoord2f[] primvars:st_1 = [(0.0076670437, 1.0177994), (0.0076670437, 1.0166994), (0.011167044, 1.0166994), (0.011167044, 1.0177994), (0.0076670437, 1.0156994), (0.011167044, 1.0156994), (0.0076670437, 1.0145994), (0.011167044, 1.0145994), (0.0076670437, 1.0134994), (0.011167044, 1.0134994), (0.0076670437, 1.0122994), (0.011167044, 1.0122994), (0.0076670437, 1.0108994), (0.011167044, 1.0108994), (0.0076670437, 1.0246994), (0.0076670437, 1.0233994), (0.011167044, 1.0233994), (0.011167044, 1.0246994), (0.0076670437, 1.0221994), (0.011167044, 1.0221994), (0.0076670437, 1.0209994), (0.011167044, 1.0209994), (0.0076670437, 1.0199994), (0.011167044, 1.0199994), (0.0076670437, 1.0188994), (0.011167044, 1.0188994), (0.012167044, 1.0166994), (0.012167044, 1.0177994), (0.012167044, 1.0156994), (0.012167044, 1.0145994), (0.012167044, 1.0134994), (0.012167044, 1.0122994), (0.012167044, 1.0108994), (0.012167044, 1.0233994), (0.012167044, 1.0246994), (0.012167044, 1.0221994), (0.012167044, 1.0209994), (0.012167044, 1.0199994), (0.012167044, 1.0188994), (0.013067044, 1.0177994), (0.013067044, 1.0166994), (0.026367044, 1.0166994), (0.026367044, 1.0177994), (0.013067044, 1.0156994), (0.026367044, 1.0156994), (0.013067044, 1.0145994), (0.026367044, 1.0145994), (0.013067044, 1.0134994), (0.026367044, 1.0134994), (0.013067044, 1.0122994), (0.026367044, 1.0122994), (0.013067044, 1.0108994), (0.026367044, 1.0108994), (0.013067044, 1.0246994), (0.013067044, 1.0233994), (0.026367044, 1.0233994), (0.026367044, 1.0246994), (0.013067044, 1.0221994), (0.026367044, 1.0221994), (0.013067044, 1.0209994), (0.026367044, 1.0209994), (0.013067044, 1.0199994), (0.026367044, 1.0199994), (0.013067044, 1.0188994), (0.026367044, 1.0188994), (0.030067043, 1.0177994), (0.030067043, 1.0166994), (0.03156704, 1.0166994), (0.03156704, 1.0177994), (0.030067043, 1.0156994), (0.03156704, 1.0156994), (0.030067043, 1.0145994), (0.03156704, 1.0145994), (0.030067043, 1.0134994), (0.03156704, 1.0134994), (0.030067043, 1.0122994), (0.03156704, 1.0122994), (0.030067043, 1.0108994), (0.03156704, 1.0108994), (0.030067043, 1.0246994), (0.030067043, 1.0233994), (0.03156704, 1.0233994), (0.03156704, 1.0246994), (0.030067043, 1.0221994), (0.03156704, 1.0221994), (0.030067043, 1.0209994), (0.03156704, 1.0209994), (0.030067043, 1.0199994), (0.03156704, 1.0199994), (0.030067043, 1.0188994), (0.03156704, 1.0188994), (0.03316704, 1.0166994), (0.03316704, 1.0177994), (0.03316704, 1.0156994), (0.03316704, 1.0145994), (0.03316704, 1.0134994), (0.03316704, 1.0122994), (0.03316704, 1.0108994), (0.03316704, 1.0233994), (0.03316704, 1.0246994), (0.03316704, 1.0221994), (0.03316704, 1.0209994), (0.03316704, 1.0199994), (0.03316704, 1.0188994), (0.03596704, 1.0166994), (0.03596704, 1.0177994), (0.03596704, 1.0156994), (0.03596704, 1.0145994), (0.03596704, 1.0134994), (0.03596704, 1.0122994), (0.03596704, 1.0108994), (0.03596704, 1.0233994), (0.03596704, 1.0246994), (0.03596704, 1.0221994), (0.03596704, 1.0209994), (0.03596704, 1.0199994), (0.03596704, 1.0188994), (0.038767044, 1.0166994), (0.056067046, 1.0166994), (0.056067046, 1.0177994), (0.038767044, 1.0177994), (0.038767044, 1.0156994), (0.056067046, 1.0156994), (0.038767044, 1.0145994), (0.056067046, 1.0145994), (0.038767044, 1.0134994), (0.056067046, 1.0134994), (0.038767044, 1.0122994), (0.056067046, 1.0122994), (0.038767044, 1.0221994), (0.056067046, 1.0221994), (0.056067046, 1.0233994), (0.038767044, 1.0233994), (0.038767044, 1.0209994), (0.056067046, 1.0209994), (0.038767044, 1.0199994), (0.056067046, 1.0199994), (0.038767044, 1.0188994), (0.056067046, 1.0188994), (0.08696704, 1.0177994), (0.083467044, 1.0177994), (0.083467044, 1.0166994), (0.08696704, 1.0166994), (0.083467044, 1.0156994), (0.08696704, 1.0156994), (0.083467044, 1.0145994), (0.08696704, 1.0145994), (0.083467044, 1.0134994), (0.08696704, 1.0134994), (0.083467044, 1.0122994), (0.08696704, 1.0122994), (0.083467044, 1.0108994), (0.08696704, 1.0108994), (0.08696704, 1.0246994), (0.083467044, 1.0246994), (0.083467044, 1.0233994), (0.08696704, 1.0233994), (0.083467044, 1.0221994), (0.08696704, 1.0221994), (0.083467044, 1.0209994), (0.08696704, 1.0209994), (0.083467044, 1.0199994), (0.08696704, 1.0199994), (0.083467044, 1.0188994), (0.08696704, 1.0188994), (0.08256704, 1.0177994), (0.08256704, 1.0166994), (0.08256704, 1.0156994), (0.08256704, 1.0145994), (0.08256704, 1.0134994), (0.08256704, 1.0122994), (0.08256704, 1.0108994), (0.08256704, 1.0246994), (0.08256704, 1.0233994), (0.08256704, 1.0221994), (0.08256704, 1.0209994), (0.08256704, 1.0199994), (0.08256704, 1.0188994), (0.08156705, 1.0177994), (0.06836705, 1.0177994), (0.06836705, 1.0166994), (0.08156705, 1.0166994), (0.06836705, 1.0156994), (0.08156705, 1.0156994), (0.06836705, 1.0145994), (0.08156705, 1.0145994), (0.06836705, 1.0134994), (0.08156705, 1.0134994), (0.06836705, 1.0122994), (0.08156705, 1.0122994), (0.06836705, 1.0108994), (0.08156705, 1.0108994), (0.08156705, 1.0246994), (0.06836705, 1.0246994), (0.06836705, 1.0233994), (0.08156705, 1.0233994), (0.06836705, 1.0221994), (0.08156705, 1.0221994), (0.06836705, 1.0209994), (0.08156705, 1.0209994), (0.06836705, 1.0199994), (0.08156705, 1.0199994), (0.06836705, 1.0188994), (0.08156705, 1.0188994), (0.06476705, 1.0177994), (0.06316704, 1.0177994), (0.06316704, 1.0166994), (0.06476705, 1.0166994), (0.06316704, 1.0156994), (0.06476705, 1.0156994), (0.06316704, 1.0145994), (0.06476705, 1.0145994), (0.06316704, 1.0134994), (0.06476705, 1.0134994), (0.06316704, 1.0122994), (0.06476705, 1.0122994), (0.06316704, 1.0108994), (0.06476705, 1.0108994), (0.06476705, 1.0246994), (0.06316704, 1.0246994), (0.06316704, 1.0233994), (0.06476705, 1.0233994), (0.06316704, 1.0221994), (0.06476705, 1.0221994), (0.06316704, 1.0209994), (0.06476705, 1.0209994), (0.06316704, 1.0199994), (0.06476705, 1.0199994), (0.06316704, 1.0188994), (0.06476705, 1.0188994), (0.061667044, 1.0166994), (0.061667044, 1.0177994), (0.061667044, 1.0156994), (0.061667044, 1.0145994), (0.061667044, 1.0134994), (0.061667044, 1.0122994), (0.061667044, 1.0108994), (0.061667044, 1.0233994), (0.061667044, 1.0246994), (0.061667044, 1.0221994), (0.061667044, 1.0209994), (0.061667044, 1.0199994), (0.061667044, 1.0188994), (0.05886704, 1.0177994), (0.05886704, 1.0166994), (0.05886704, 1.0156994), (0.05886704, 1.0145994), (0.05886704, 1.0134994), (0.05886704, 1.0122994), (0.05886704, 1.0108994), (0.05886704, 1.0246994), (0.05886704, 1.0233994), (0.05886704, 1.0221994), (0.05886704, 1.0209994), (0.05886704, 1.0199994), (0.05886704, 1.0188994), (0.038767044, 1.0108994), (0.056067046, 1.0108994), (0.038767044, 1.0246994), (0.056067046, 1.0246994)] (
                        interpolation = "faceVarying"
                    )
                    int[] primvars:st_1:indices = [1, 2, 3, 0, 4, 5, 2, 1, 6, 7, 5, 4, 8, 9, 7, 6, 10, 11, 9, 8, 12, 13, 11, 10, 14, 15, 16, 17, 15, 18, 19, 16, 18, 20, 21, 19, 20, 22, 23, 21, 22, 24, 25, 23, 24, 0, 3, 25, 2, 26, 27, 3, 5, 28, 26, 2, 7, 29, 28, 5, 7, 9, 30, 29, 9, 11, 31, 30, 11, 13, 32, 31, 16, 33, 34, 17, 19, 35, 33, 16, 21, 36, 35, 19, 37, 36, 21, 23, 38, 37, 23, 25, 27, 38, 25, 3, 39, 40, 41, 42, 40, 43, 44, 41, 43, 45, 46, 44, 45, 47, 48, 46, 47, 49, 50, 48, 49, 51, 52, 50, 54, 55, 56, 53, 57, 58, 55, 54, 59, 60, 58, 57, 61, 62, 60, 59, 63, 64, 62, 61, 39, 42, 64, 63, 65, 66, 67, 68, 66, 69, 70, 67, 69, 71, 72, 70, 71, 73, 74, 72, 73, 75, 76, 74, 75, 77, 78, 76, 80, 81, 82, 79, 83, 84, 81, 80, 85, 86, 84, 83, 87, 88, 86, 85, 89, 90, 88, 87, 65, 68, 90, 89, 91, 92, 68, 67, 93, 91, 67, 70, 94, 93, 70, 72, 95, 94, 72, 74, 96, 95, 74, 76, 97, 96, 76, 78, 99, 82, 81, 98, 98, 81, 84, 100, 100, 84, 86, 101, 101, 86, 88, 102, 102, 88, 90, 103, 103, 90, 68, 92, 91, 104, 105, 92, 93, 106, 104, 91, 94, 107, 106, 93, 108, 107, 94, 95, 95, 96, 109, 108, 96, 97, 110, 109, 98, 111, 112, 99, 100, 113, 111, 98, 101, 114, 113, 100, 101, 102, 115, 114, 102, 103, 116, 115, 103, 92, 105, 116, 66, 65, 42, 41, 69, 66, 41, 44, 71, 69, 44, 46, 73, 71, 46, 48, 75, 73, 48, 50, 77, 75, 50, 52, 55, 80, 79, 56, 58, 83, 80, 55, 60, 85, 83, 58, 62, 87, 85, 60, 64, 89, 87, 62, 42, 65, 89, 64, 40, 39, 27, 26, 43, 40, 26, 28, 45, 43, 28, 29, 47, 45, 29, 30, 49, 47, 30, 31, 51, 49, 31, 32, 53, 34, 33, 54, 54, 33, 35, 57, 57, 35, 36, 59, 59, 36, 37, 61, 61, 37, 38, 63, 63, 38, 27, 39, 118, 119, 120, 117, 122, 118, 117, 121, 124, 122, 121, 123, 126, 124, 123, 125, 128, 126, 125, 127, 130, 131, 132, 129, 133, 134, 130, 129, 136, 134, 133, 135, 138, 136, 135, 137, 119, 138, 137, 120, 140, 141, 142, 139, 141, 143, 144, 142, 143, 145, 146, 144, 145, 147, 148, 146, 147, 149, 150, 148, 149, 151, 152, 150, 153, 154, 155, 156, 156, 155, 157, 158, 158, 157, 159, 160, 160, 159, 161, 162, 162, 161, 163, 164, 164, 163, 140, 139, 165, 166, 141, 140, 166, 167, 143, 141, 167, 168, 145, 143, 145, 168, 169, 147, 147, 169, 170, 149, 149, 170, 171, 151, 155, 154, 172, 173, 157, 155, 173, 174, 159, 157, 174, 175, 159, 175, 176, 161, 161, 176, 177, 163, 163, 177, 165, 140, 178, 179, 180, 181, 181, 180, 182, 183, 183, 182, 184, 185, 185, 184, 186, 187, 187, 186, 188, 189, 189, 188, 190, 191, 193, 194, 195, 192, 194, 196, 197, 195, 196, 198, 199, 197, 198, 200, 201, 199, 200, 202, 203, 201, 202, 179, 178, 203, 204, 205, 206, 207, 207, 206, 208, 209, 209, 208, 210, 211, 211, 210, 212, 213, 213, 212, 214, 215, 215, 214, 216, 217, 219, 220, 221, 218, 220, 222, 223, 221, 222, 224, 225, 223, 224, 226, 227, 225, 226, 228, 229, 227, 228, 205, 204, 229, 230, 206, 205, 231, 232, 208, 206, 230, 233, 210, 208, 232, 234, 212, 210, 233, 235, 214, 212, 234, 236, 216, 214, 235, 220, 219, 238, 237, 222, 220, 237, 239, 224, 222, 239, 240, 226, 224, 240, 241, 228, 226, 241, 242, 205, 228, 242, 231, 243, 244, 230, 231, 244, 245, 232, 230, 245, 246, 233, 232, 247, 234, 233, 246, 234, 247, 248, 235, 235, 248, 249, 236, 250, 251, 237, 238, 251, 252, 239, 237, 252, 253, 240, 239, 240, 253, 254, 241, 241, 254, 255, 242, 242, 255, 243, 231, 207, 180, 179, 204, 209, 182, 180, 207, 211, 184, 182, 209, 213, 186, 184, 211, 215, 188, 186, 213, 217, 190, 188, 215, 194, 193, 218, 221, 196, 194, 221, 223, 198, 196, 223, 225, 200, 198, 225, 227, 202, 200, 227, 229, 179, 202, 229, 204, 165, 178, 181, 166, 166, 181, 183, 167, 167, 183, 185, 168, 168, 185, 187, 169, 169, 187, 189, 170, 170, 189, 191, 171, 173, 172, 192, 195, 174, 173, 195, 197, 175, 174, 197, 199, 176, 175, 199, 201, 177, 176, 201, 203, 165, 177, 203, 178, 256, 257, 128, 127, 132, 131, 259, 258, 120, 105, 104, 117, 117, 104, 106, 121, 123, 121, 106, 107, 125, 123, 107, 108, 127, 125, 108, 109, 256, 127, 109, 110, 111, 132, 258, 112, 113, 129, 132, 111, 114, 133, 129, 113, 115, 135, 133, 114, 137, 135, 115, 116, 120, 137, 116, 105, 119, 118, 244, 243, 118, 122, 245, 244, 245, 122, 124, 246, 246, 124, 126, 247, 247, 126, 128, 248, 248, 128, 257, 249, 259, 131, 251, 250, 131, 130, 252, 251, 130, 134, 253, 252, 134, 136, 254, 253, 138, 255, 254, 136, 119, 243, 255, 138]
                    uniform token subdivisionScheme = "none"
                }
            }

            def PhysicsPrismaticJoint "drawer_joint" (
                apiSchemas = ["PhysxJointAPI", "PhysicsJointStateAPI:linear"]
            )
            {
                uniform token physics:axis = "Y"
                rel physics:body0 = </toolbox_with_handle/toolbox/toolbox/toolbox>
                rel physics:body1 = </toolbox_with_handle/toolbox/toolbox/drawer>
                bool physics:jointEnabled = 1
                point3f physics:localPos0 = (130.18626, -10.818206, 9.643072)
                point3f physics:localPos1 = (130.18626, -10.756007, 9.643076)
                quatf physics:localRot0 = (1, 0, 0, 0)
                quatf physics:localRot1 = (1, 0, 0, 0)
                float physics:lowerLimit = -0.2
                float physics:upperLimit = 0
                float physxJoint:jointFriction = 2.5
                float state:linear:physics:position = 0
            }

            def PhysicsPrismaticJoint "drawer_02_joint" (
                apiSchemas = ["PhysxJointAPI", "PhysicsJointStateAPI:linear"]
            )
            {
                uniform token physics:axis = "Y"
                rel physics:body0 = </toolbox_with_handle/toolbox/toolbox/toolbox>
                rel physics:body1 = </toolbox_with_handle/toolbox/toolbox/drawer_02>
                bool physics:jointEnabled = 1
                point3f physics:localPos0 = (130.18456, -10.756007, 2.1671753)
                point3f physics:localPos1 = (130.18626, -10.756007, 9.643076)
                quatf physics:localRot0 = (1, 0, 0, 0)
                quatf physics:localRot1 = (1, 0, 0, 0)
                float physics:lowerLimit = -0.2
                float physics:upperLimit = 0
                float physxJoint:jointFriction = 2.5
                float state:linear:physics:position = 0
            }
        }
    }
}

